Paper_ID,Citation,Paper_Type,Core_Problem,Proposed_Method,Key_Assumptions,Datasets_Used,Main_Result,Limitations,Future_Work,Static_or_Dynamic,Single_or_MultiTier,Severity_Mentioned,Camp_Tag,RQ_Relevance,Contradicts_Aligns,Quality_Signal,Terminology_Definitions,Reusable_Figures
"1-SENS~1","Golyadkin M, Pozdnyakov V, Zhukov L, Makarov I. SensorSCAN: Self-Supervised Learning and Deep Clustering for Fault Diagnosis in Chemical Processes.","Framework-Model Proposal","Unsupervised fault detection and diagnosis in chemical processes without labeled data, addressing limitations of supervised methods and manual annotation.","SensorSCAN method combining self-supervised learning (SSL) with Transformer-based feature extractor and deep clustering (modified SCAN algorithm) for unsupervised fault detection, with semi-supervised fine-tuning option.","SSL pretraining can learn useful features from unlabeled data; deep clustering can separate fault classes; number of clusters can be estimated via t-SNE and overclustering; unlabeled data is abundant.","Tennessee Eastman Process (TEP) datasets: TEP_Rieth (500 runs per fault) and TEP_Ricker (100 runs per fault), using 30 sensors.","Outperforms existing unsupervised methods (PCA, ConvAE, ST-CatGAN) with +0.2-0.3 TPR at fixed FPR; achieves 98.29% and 97.74% accuracy on two TEP sub-datasets in supervised fine-tuning; unsupervised F1/accuracy metrics show significant improvement.","Requires pre-specification of approximate number of clusters; SSL pretraining is computationally intensive; performance depends on choice of augmentations and hyperparameters; some faults (3,9,15) remain challenging.","Explore other SSL techniques incorporating chemistry/physics domain knowledge; deep semi-supervised methods for fine-tuning; application to real industrial data with concept drift.","Dynamic + Justification: Model is designed for dynamic process data; sliding window captures temporal patterns; LSTM/Transformer handles sequential data.","Not Applicable","Yes: ""Incipient faults"" and difficult faults (3,9,15) mentioned; severity indicated by fault detection rates and detection delays; faults 3,9,15 have low FDRs.","dynamic-edge-orchestration","High: Directly addresses dynamic multi-tier orchestration of AI model complexity and resource allocation for fault detection; proposes SSL+clustering for anomaly detection.","Aligns with RQ focus on dynamic resource allocation for fault detection; proposes data-driven method for real-time detection.","Peer-reviewed","Key terms: Fault (deviation of process variable from acceptable range); Self-supervised learning (SSL); Deep clustering; SCAN algorithm; TPR/FPR; Tennessee Eastman Process.","Yes: Figure 1 (overview), Figure 2 (training schematic), Figure 3 (number of clusters vs performance), Figure 5 (ablation study visualizations), Figure 8-10 (model comparison visualizations)."
"2-Open-Set Fault Diagnosis in Multimode Processes via Fine-Grained Deep Feature Representation","Li G, Atoui MA, Li X. Open-Set Fault Diagnosis in Multimode Processes via Fine-Grained Deep Feature Representation.","Framework-Model Proposal","Open-set fault diagnosis in multimode processes where samples of same health state show multiple cluster distributions due to different operating modes, making it difficult to identify unknown faults.","Fine-grained Clustering and Rejection Network (FGCRN): integrates multiscale depthwise convolution, BiGRU, temporal attention, distance-based loss for intra-class compactness, unsupervised clustering for fine-grained representations, and EVT for unknown fault identification.","Samples of same health state form multiple clusters in feature space due to different operating modes; EVT can model tail distribution of distances for unknown fault identification; K-means++ can reveal intrinsic grouping structure.","Tennessee Eastman Process (TEP) and Continuous Stirred Tank Reactor (CSTR) datasets; also tested on Intelligent Process Control Test Facility (IPCTF) real system.","Achieves 98.03% average accuracy on TEP, 98.24% on CSTR, and 99.69% on IPCTF, significantly outperforming OpenMax, MaxLogit, GEN, and other OOD detection methods; FAR reduced to 1.28% on TEP.","Requires pre-specification of number of clusters (M); EVT threshold requires tuning; model categorizes all unknown faults as single "unknown" category without detailed unsupervised classification.","Incremental learning to incorporate labeled unknown faults into known categories; automated incremental learning-based fault diagnosis for multimode processes; improving unsupervised classification of unknown faults.","Dynamic + Justification: Model captures dynamic process behavior through BiGRU and temporal attention; handles time-series data from industrial processes.","Multi + Justification: Addresses multimode processes with multiple operating modes; constructs fine-grained representations for each health state across different operating modes.","Yes: Mentions ""incipient faults"" and severity levels; faults 3,9,15 are known to be difficult; safety-critical applications discussed.","open-set-multimode-fault-diagnosis","High: Directly addresses multi-tier orchestration for dynamic AI model complexity allocation and resource allocation under varying operating conditions; proposes fine-grained representations for open-set diagnosis.","Aligns with RQ focus on dynamic resource allocation for fault detection; extends to open-set scenarios.","Peer-reviewed","Key terms: Open-set fault diagnosis; Multimode processes; Fine-grained feature representation; Extreme Value Theory (EVT); Out-of-distribution (OOD) detection; Mahalanobis distance.","Yes: Figure 1 (t-SNE visualization of multicluster issue), Figure 3 (architecture), Figure 5-7 (workflow and results), Figure 9-12 (feature visualizations and confusion matrices)."
"3-Generalized Out-of-distribution Fault Diagnosis (GOOFD) via Internal Contrastive Learning","Wang X, Zhang H, Qiao X, Ma K, Tao S, Peng P, Wang H. Generalized Out-of-distribution Fault Diagnosis (GOOFD) via Internal Contrastive Learning.","Framework-Model Proposal","Lack of an integrated fault diagnosis system that can handle multiple subtasks (process monitoring, fault classification, and open-set fault diagnosis) simultaneously, with current methods treating them separately.","GOOFD framework integrating process monitoring, fault classification, and OSFD; ICL-OD method based on internal contrastive learning and Mahalanobis distance for unified outlier detection across tasks.","Internal contrastive learning (ICL) can generate embeddings that distinguish normal from fault samples; Mahalanobis distance is effective for outlier detection; unified feature extractor can serve multiple tasks.","Tennessee Eastman Process (TEP) and Multiphase Flow Facility (MFF) datasets; synthetic benchmark and real-world process data.","Outperforms single-task methods (PCA, KPCA, ICA, DPCA, SVM, OpenMax, CenterLoss, GEN) across process monitoring and OSFD tasks on both TEP and MFF datasets; achieves higher FDR and AUROC with better discriminative prediction scores.","ICL method depends on hyperparameters (subvector length l, temperature τ); Mahalanobis distance requires covariance matrix estimation; framework may not scale to very high-dimensional industrial data.","Expand GOOFD to cover more diagnostic subtasks; incorporate interpretability for transparency; improve handling of changing operating conditions; real-world validation on more industrial processes.","Dynamic + Justification: Uses contrastive learning for feature extraction from time-series data; handles variable operating conditions; Mahalanobis distance adapts to distribution changes.","Not Applicable","Yes: Fault severity is implied through detection rates; process monitoring detects deviations from normal; safety-critical applications in chemical processes.","unified-fault-diagnosis-framework","High: Directly addresses unified multi-tier orchestration for dynamic AI model complexity allocation; integrates process monitoring and OSFD; proposes ICL-OD for outlier detection.","Aligns with RQ focus on dynamic resource allocation; proposes unified framework.","Peer-reviewed","Key terms: Generalized Out-of-distribution Fault Diagnosis (GOOFD); Internal Contrastive Learning (ICL); Mahalanobis distance; Open-set classification; Out-of-distribution (OOD) detection; Process monitoring.","Yes: Figure 1 (framework comparison), Figure 2 (basic process), Figure 3-4 (confusion matrices and score distributions), Figure 5 (threshold selection)."
"4-ANOR~1","Li M, Peng P, Wang M, Wang H. An Order-Invariant and Interpretable Hierarchical Dilated Convolution Neural Network for Chemical Fault Detection and Diagnosis.","Framework-Model Proposal","CNN models are sensitive to feature order in tabular chemical process data and lack interpretability for root-cause analysis, limiting their performance and credibility.","Order-invariant and interpretable HDLCNN-SHAP method: feature clustering to agglomerate correlated features, dilated convolution for larger receptive field, and SHAP method for interpretability and root-cause feature identification.","Feature order affects CNN performance; dilated convolution can extract global features to reduce order sensitivity; hierarchical clustering can group correlated features; SHAP can quantify feature contributions.","Tennessee Eastman Process (TEP) benchmark dataset with 22 continuous measured variables.","Achieves 96.6% binary fault detection accuracy and 96.4% multi-class accuracy; outperforms PCA, KPCA, DSAE, CNN, DLCNN; identifies root-cause features (X(18) for Fault 10, X(9) for Fault 11) consistent with literature.","Requires hierarchical clustering pre-processing; SHAP computation can be expensive for large models; simultaneous-fault diagnosis not addressed; incomplete datasets not handled.","Simultaneous-fault diagnosis; faults with multiple root-cause features; incomplete and high-dimensional datasets; real-world chemical process validation.","Static + Justification: Model processes tabular data with features of arbitrary order but does not explicitly model temporal dynamics beyond sliding window; focuses on spatial feature extraction.","Not Applicable","Yes: Fault severity is implied through detection rates; process safety implications discussed.","interpretable-cnn-fault-detection","High: Addresses dynamic allocation of AI model complexity through hierarchical dilated convolution and interpretability; proposes SHAP for root-cause analysis.","Aligns with RQ focus on dynamic resource allocation; adds interpretability.","Peer-reviewed","Key terms: Dilated convolution; SHAP (Shapley Additive Explanations); Feature clustering; Hierarchical clustering; Root-cause feature identification; Order-invariant processing.","Yes: Figure 4 (overall architecture), Figure 5 (details), Figure 7-12 (t-SNE, confusion matrices, SHAP visualizations)."
"5-Autoencoder-assisted Feature Ensemble Net for Incipient Faults","Gao M, Wang M, Chen M. Autoencoder-assisted Feature Ensemble Net for Incipient Faults.","Framework-Model Proposal","Current deep learning networks (DLNs) have poor detection performance for incipient faults with tiny amplitude, particularly faults 3, 9, and 15 in TEP, even with prior information.","Autoencoder-assisted Feature Ensemble Net (AE-FENet): deep feature ensemble framework using unsupervised autoencoder for feature transformation instead of PCA, with multiple basic detectors and sliding window features.","Autoencoder can mine more exact features on incipient faults than PCA; replacing PCA with autoencoder in FENet improves detection performance; different autoencoder variants (sparse, attention, VAE) can be used.","Tennessee Eastman Process (TEP) benchmark dataset.","Achieves state-of-the-art average accuracy over 96% on faults 3, 9, and 15 in TEP; outperforms FENet significantly; demonstrates scalability with sparse AE, attention AE, and VAE variants (97.59% and 98.13% average FDR).","Computational cost of training multiple autoencoders; requires careful hyperparameter tuning; performance on other fault types not extensively analyzed; unsupervised nature may miss some fault patterns.","Explore other SSL techniques incorporating domain knowledge; deep semi-supervised methods for fine-tuning; application to other industrial processes with incipient faults.","Dynamic + Justification: Uses sliding windows and temporal features; designed for dynamic process data with incipient fault detection.","Not Applicable","Yes: Specifically addresses ""incipient faults"" with tiny amplitude; faults 3,9,15 are notoriously difficult; detection delay and FDR metrics provided.","incipient-fault-autoencoder-detection","High: Directly addresses dynamic allocation of AI model complexity for detecting incipient faults in real-time; proposes autoencoder-based feature ensemble for improved detection.","Aligns with RQ focus on dynamic resource allocation; specifically targets incipient faults.","Peer-reviewed","Key terms: Incipient faults; Autoencoder; Feature ensemble; Deep learning; TEP; FENet.","Yes: Figure 1 (general framework), Figure 2 (network structure), Figure 3 (autoencoder structure), Figure 4 (performance comparison)."
"6-Deep Anomaly Detection on Tennessee Eastman Process Data","Hartung F, Franks BJ, Michels T, Wagner D, Liznerski P, Reithermann S, Fellenz S, Jirasek F, Rudolph M, Neider D, Leitte H, Song C, Kloepper B, Mandt S, Bortz M, Burger J, Hasse H, Kloft M. Deep Anomaly Detection on Tennessee Eastman Process Data.","Survey / Empirical Study","Lack of comprehensive evaluation and comparison of modern deep-learning unsupervised anomaly detection methods for chemical process data, particularly on TEP benchmark.","Evaluation and comparison of 27 unsupervised deep anomaly detection methods for time series on TEP data, including reconstruction, forecasting, generative (VAE/GAN), one-class classification, and hybrid methods.","Deep anomaly detection methods can outperform shallow methods on time-series data; reconstruction methods perform best on average for TEP; generative models can also achieve high performance.","Tennessee Eastman Process (TEP) extended dataset with 20 fault types, 500 runs per fault, 52 features.","BeatGAN achieves best F1-score (0.9699) and AUPRC (0.9896); reconstruction methods (TCN-S2S-AE, Dense-AE, LSTM-AE) rank highly; provides first comprehensive benchmark of 27 deep AD methods on TEP.","TEP data is synthetic; real chemical process data may be more challenging; F1-score and AUPRC cannot assess longer periods and interdependent points fully; methods require extensive hyperparameter tuning.","Investigate additional metrics for time series; apply to real chemical process data; address data labeling challenges; explore online/adaptive methods for changing process conditions.","Dynamic + Justification: Evaluates time-series anomaly detection methods; methods handle sequential data and temporal dependencies.","Not Applicable","Yes: Fault severity is implicit in anomaly detection; safety-critical applications mentioned; detection of faults in chemical plants.","deep-anomaly-detection-benchmark","High: Directly addresses dynamic allocation of AI model complexity; benchmarks methods for real-time fault detection; identifies best-performing methods for dynamic resource allocation.","Aligns with RQ focus on dynamic resource allocation; provides comprehensive benchmark.","Peer-reviewed","Key terms: Anomaly detection; Deep learning; Time series; Unsupervised learning; TEP; F1-score; AUPRC.","Yes: Table 1 (methods comparison), Figure 4-5 (score distributions), Figure 6-7 (threshold and distance comparisons)."
"7-Explainability for Fault Detection System in Chemical Processes","Gravanis G, Kyriakou D, Voutetakis S, Papadopoulou S, Diamantaras K. Explainability for Fault Detection System in Chemical Processes.","Empirical Study","Deep learning models for fault detection lack transparency and interpretability, making it difficult for end users to trust their decisions in chemical process applications.","Application and comparison of two post-hoc XAI methods (Integrated Gradients and SHAP) to explain decisions of an LSTM classifier trained for fault detection in TEP; averaged attribution scores over 100 samples after fault introduction.","XAI methods can help identify the subsystem where fault occurred; SHAP and IG mostly agree on important features; SHAP may be more informative in some cases (IDV 8, 12, 18); results are reasonable and consistent with process knowledge.","XAI methods are model-agnostic and can be adapted to various applications; SHAP requires careful interpretation; computational cost of SHAP for large models.","Develop XAI methods specifically for multivariate time series data; apply to real industrial processes; improve interpretability of dynamic neural network models.","Dynamic + Justification: Explains LSTM classifier decisions on time-series chemical process data; handles dynamic and nonlinear process behavior.","Not Applicable","Yes: Fault severity discussed through grouping by affected subsystem; faults with high impact on reactor identified.","xai-fault-diagnosis","Medium: Addresses interpretability of AI models for fault detection; does not directly address multi-tier orchestration or dynamic resource allocation but supports trust in such systems.","Aligns with RQ focus on interpretability; supports deployment of dynamic systems.","Peer-reviewed","Key terms: Explainable AI (XAI); Integrated Gradients (IG); SHAP (Shapley Additive Explanations); Long Short-Term Memory (LSTM); Fault Detection and Diagnosis (FDD); Tennessee Eastman Process (TEP).","Yes: Figure 2 (heatmap of contributing features), Figure 3-8 (attribution scores, variable behavior plots)."
"8-Combining SHAP and Causal Analysis for Interpretable Fault Detection in Industrial Processes","Krohling RA. Combining SHAP and Causal Analysis for Interpretable Fault Detection in Industrial Processes.","Framework-Model Proposal","Industrial fault detection systems often yield opaque or underwhelming results despite advanced ML techniques; lack of interpretability and causal understanding of fault propagation.","Integrated framework combining SHAP-based feature selection with causal analysis using Directed Acyclic Graphs (DAGs) from multiple algorithms (PC, FCI, RFCI, LINGAM, NOTEARS) to identify critical process features and uncover causal mechanisms.","SHAP can identify most influential variables; DAGs can reveal causal mechanisms; reducing dimensionality to 10 variables maintains model performance; cooling and separation systems are pivotal to fault development.","Tennessee Eastman Process (TEP) dataset with 52 variables and 20 fault types.","Achieves 80% reduction in input variables (52 to 10) while maintaining MLP accuracy (0.872) and improving balanced accuracy (0.650 to 0.711); cooling variables (XMV.10, XMV.11) and stripper parameters consistently identified as causally significant across all five DAG algorithms.","Computational complexity of causal discovery; real-time applicability limited; temporal causal analysis not included; DAG algorithms may produce different structures; requires domain expertise for interpretation.","Scalable causal discovery algorithms or parallel computing; temporal causal analysis for dynamic fault propagation; integration with real-time monitoring systems; application to other industrial processes.","Static + Justification: Uses static SHAP feature importance and DAG causal structures from steady-state data; does not explicitly model temporal dynamics beyond feature correlation.","Not Applicable","Yes: Fault severity is implicit; safety-critical nature of chemical processes; risk assessment and abnormal situation management discussed.","interpretable-causal-fault-detection","High: Addresses dynamic allocation of AI model complexity by reducing dimensionality; provides interpretability for root-cause analysis; supports real-time monitoring decisions.","Aligns with RQ focus on dynamic resource allocation; adds interpretability and causal understanding.","Peer-reviewed","Key terms: SHAP (SHapley Additive exPlanations); Directed Acyclic Graphs (DAGs); Causal analysis; Feature selection; Process topology; Industrial fault detection.","Yes: Figure 3 (framework integration), Figure 4-5 (SHAP values), Figure 6-10 (DAG structures from different algorithms)."
"9-Fault Diagnosis of the Dynamic Chemical Process Based on the Optimized CNN-LSTM Network","Chen H, Cen J, Yang Z, Si W, Cheng H. Fault Diagnosis of the Dynamic Chemical Process Based on the Optimized CNN-LSTM Network. ACS Omega 2022, 7, 34389-34400.","Framework-Model Proposal","Existing CNN-LSTM methods lack proper mechanism to reflect correlation and importance of fault dynamic characteristics between different channels; LSTM gating causes unbalanced distribution of fault dynamic information.","CS-IMLSTM model combining CNN, Squeeze-and-Excitation (SE) attention mechanism, and improved LSTM (IMLSTM) with extended sliding window preprocessing to enhance dynamic features and balance fault information.","SE attention can weight important channel features; IMLSTM can balance fault information by modifying gating mechanism; extended sliding window can enhance dynamic characteristics.","Tennessee Eastman Process (TEP) with two sub-datasets (case 1: feed/flow faults; case 2: temperature faults).","Achieves 98.29% ± 0.0014 and 97.74% ± 0.0018 average accuracy on two TEP sub-datasets; outperforms CNN-LSTM, CS-LSTM, CNN-IMLSTM, LSTM, and CS-CNN; converges faster and more stable.","Requires large computer memory; hyperparameter tuning is complex; extended sliding window increases data size; only tested on TEP; multi-class fault diagnosis with more fault types not extensively explored.","Variable screening to improve data quality; network quantization, decomposition, and lightweight network design; application to other chemical processes; real-time implementation.","Dynamic + Justification: Specifically designed for dynamic chemical process fault diagnosis; uses extended sliding window to capture temporal evolution; IMLSTM balances fault information over time.","Not Applicable","Yes: Fault severity discussed in context of process safety and risk assessment; dynamic fault information for risk assessment and ASM.","dynamic-cnn-lstm-fault-diagnosis","High: Directly addresses dynamic allocation of AI model complexity; proposes optimized CNN-LSTM with attention for real-time fault diagnosis.","Aligns with RQ focus on dynamic resource allocation; provides high-accuracy method.","Peer-reviewed","Key terms: Squeeze-and-Excitation (SE) attention; Improved LSTM (IMLSTM); Extended sliding window; Dynamic fault features; Tennessee Eastman Process (TEP); Fault Detection and Diagnosis (FDD).","Yes: Figure 4-5 (extended sliding window and flow diagrams), Figure 7-11 (training/validation loss, confusion matrices, performance comparisons)."
"10-DEE~1","Kanno Y, Kaneko H. Deep Convolutional Neural Network with Deconvolution and a Deep Autoencoder for Fault Detection and Diagnosis. ACS Omega 2022, 7, 2458-2466.","Framework-Model Proposal","Existing deep learning methods for fault detection lack interpretability and cannot effectively assess process dynamics and nonlinearity between process variables simultaneously.","DDD (Deep Convolutional Neural Network with Deconvolution and Deep Autoencoder): combines CNN for temporal feature extraction with DAE for nonlinear feature extraction; uses T² and Q statistics for fault detection; applies Grad-CAM for diagnosis.","CNN can assess correlation between adjacent time elements; DAE can extract nonlinear relationships; Grad-CAM can visualize important input variables for each latent variable.","Tennessee Eastman Process (TEP) dataset with 22 continuous process variables.","Outperforms DAE and CNN in FNR/FAR metrics; achieves faster average detection delay (22.4 min vs 22.9 for DAE and 41.7 for CNN); successfully identifies root-cause variables using T² and Q contributions.","Requires validation data for hyperparameter selection; process data in normal states required; tensorial data analysis not fully explored; Grad-CAM applicability to unsupervised learning limited.","Application to tensorial data considering both process variables and dynamics; real-time implementation; extension to other industrial processes.","Dynamic + Justification: Uses CNN to assess temporal characteristics and DAE for nonlinear relationships; handles dynamic process data.","Not Applicable","Yes: Fault severity measured via FNR and FAR; detection delay analyzed; safety and economic implications discussed.","deep-cnn-autoencoder-fdd","High: Addresses dynamic allocation of AI model complexity; proposes DDD for real-time fault detection with interpretability.","Aligns with RQ focus on dynamic resource allocation; provides both detection and diagnosis.","Peer-reviewed","Key terms: Deep autoencoder (DAE); Convolutional neural network (CNN); Grad-CAM; T² and Q statistics; Fault detection and diagnosis; Tennessee Eastman Process (TEP).","Yes: Figure 2 (DDD concept), Figure 3 (detection delay), Figure 4-7 (time plots), Figure 8-11 (diagnosis results)."
"11-Deep convolutional neural network model based chemical process fault diagnosis","Wu H, Zhao J. Deep convolutional neural network model based chemical process fault diagnosis. Computers and Chemical Engineering 2018, 115, 185-197.","Framework-Model Proposal","Existing FDD methods require considerable domain expertise for feature engineering and fault diagnosis rates are not high enough; deep learning can automatically extract features.","DCNN model with convolutional layers, pooling layers, dropout, and fully connected layers; data transformed into 2D matrices (m × n) capturing temporal and spatial domains; t-SNE for feature visualization.","DCNN can automatically extract features in both spatial and temporal domains; deeper networks with ReLU train faster; dropout prevents overfitting; t-SNE reveals hierarchical feature learning.","Tennessee Eastman Process (TEP) with 50 variables (excluding constant manipulated variables), 20 fault types.","Achieves 88.2% average FDR across 20 fault types, 6.1% higher than DBN-based model (82.1%); training accuracy 98.6%; fault detection for hard-to-detect faults (9,15,16) improved; diagnosis time explored.","Model relies on historical fault data; not applicable to faults without historical data; super complex processes with thousands of variables pose design challenges; some faults still have low FDR (9,15,16).","Designing DCNN for super complex chemical processes with thousands of variables; online application; integration with process safety and risk assessment.","Dynamic + Justification: Uses time-series data and sliding windows to capture temporal dynamics; transforms data into 2D matrices with temporal and spatial dimensions.","Not Applicable","Yes: Fault severity discussed; fault detection rate (FDR) and false positive rate (FPR) metrics; process safety and risk implications.","deep-cnn-fault-diagnosis","High: Addresses dynamic allocation of AI model complexity; proposes DCNN for real-time fault detection with automatic feature extraction.","Aligns with RQ focus on dynamic resource allocation; provides automated feature learning.","Peer-reviewed","Key terms: Deep convolutional neural network (DCNN); Fault Detection and Diagnosis (FDD); Tennessee Eastman Process (TEP); t-SNE; Feature extraction; Spatial and temporal domains.","Yes: Figure 7-8 (framework and data preprocessing), Figure 10-12 (training/testing accuracy, confusion matrix, t-SNE visualizations), Table 6 (comparison with DBN), Table 10 (diagnosis time)."
"12-ANO~1","Wang Y, Pan Z, Yuan X, Yang C, Gui W. A novel deep learning based fault diagnosis approach for chemical process with extended deep belief network. ISA Transactions 2020, 96, 457-467.","Framework-Model Proposal","Traditional deep belief networks lose valuable information in raw data during layer-wise feature compression, which disadvantages subsequent fine-tuning for fault classification.","Extended Deep Belief Network (EDBN): stacks extended RBMs (ERBMs) where raw data is combined with hidden features as inputs to each ERBM during pre-training; dynamic EDBN-based classifier considers process dynamics.","Raw data combined with hidden features can preserve valuable information; ERBM can extract layer-wise features related to raw data; dynamic augmentation can capture temporal correlations.","Tennessee Eastman Process (TEP) benchmark with 33 variables, 19 categories (normal + 18 faults).","Achieves 94.31% average FDR (19-category), 0.42% higher than DBN; outperforms DBN in most fault types; pre-training time 1.02-1.30 times DBN; dynamic modeling improves performance.","Requires additional computation for raw data concatenation; hyperparameter tuning (layers, activation functions) still challenging; only tested on TEP; fault types with similar patterns still difficult.","Application to other chemical processes; further optimization of network architecture; integration with online learning; handling of missing data and noisy measurements.","Dynamic + Justification: Uses augmented dynamic data with time window; considers temporal correlations; dynamic EDBN-based classifier.","Not Applicable","Yes: Fault severity indicated by FDR and FPR; hard-to-detect faults (IDV10, IDV16, IDV21) discussed; safety implications.","extended-deep-belief-network","High: Addresses dynamic allocation of AI model complexity for fault classification; proposes EDBN for improved feature extraction.","Aligns with RQ focus on dynamic resource allocation; improves feature representation.","Peer-reviewed","Key terms: Extended Deep Belief Network (EDBN); Extended RBM (ERBM); Fault Detection and Diagnosis (FDD); Tennessee Eastman Process (TEP); Dynamic modeling; Feature extraction.","Yes: Figure 3-5 (EDBN structure and training), Figure 6-8 (data augmentation and framework), Figure 9-10 (classification results), Table 5-6 (performance comparison)."
"13-Process topology convolutional network model for chemical process fault diagnosis","Wu D, Zhao J. Process topology convolutional network model for chemical process fault diagnosis. Process Safety and Environmental Protection 2021, 150, 93-109.","Framework-Model Proposal","Pure data-driven FDD models lack explainability, utilize no process knowledge, have high degree of freedom with many parameters, and are prone to overfitting; model building process is not rational.","Process Topology Convolutional Network (PTCN): graph convolutional network (GCN) based model using process topology as graph; integrates process knowledge via adjacency matrix; simpler network structure with fewer parameters.","Chemical process topology can be transformed into a graph; GCN can utilize graph structure for feature extraction; process knowledge reduces model complexity and improves explainability.","Tennessee Eastman Process (TEP) with 82 nodes and 113 edges in process graph; 41 measurements and 11 manipulated variables.","Achieves 93.92% ACR (all 20 faults), 97.29% without faults 9 and 15; outperforms DBN (82.1%), DCNN (88.2%), BiGRU (92.7%), CGN, DFAE-SOM; only 0.597M parameters vs 2.537M for DCNN; requires 54% less training data.","Requires P&ID to construct process graph; graph construction can be complex for very large processes; some faults (9,15) still difficult; graph direction choice affects performance.","Analyzing PTCN inference process and enhancing explainability; application to RA and ASM; integration with quantitative risk assessment; handling of dynamic process changes.","Dynamic + Justification: Uses graph structure to propagate information; handles dynamic process data through temporal features in nodes.","Not Applicable","Yes: Fault severity discussed in context of process safety; abnormal situation management (ASM); risk assessment integration.","process-topology-convolutional-network","High: Addresses dynamic allocation of AI model complexity; uses process topology to improve efficiency; supports real-time monitoring.","Aligns with RQ focus on dynamic resource allocation; integrates process knowledge.","Peer-reviewed","Key terms: Process topology; Graph convolutional network (GCN); Explainable deep learning; Process safety; Abnormal situation management (ASM); Tennessee Eastman Process (TEP).","Yes: Figure 4 (PTCN model structure), Figure 5-6 (framework and graphs), Figure 7-10 (complete TE graph and results), Figure 11 (data requirements comparison)."
"14-A Wavelet-Based Evolving Fuzzy Framework for Fault Diagnosis in the Tennessee Eastman Process","Márquez-Vera MA, Ruiz-Vanoye JA, Márquez-Vera CA, Ma'arif A, Mendoza-Ramírez E. A Wavelet-Based Evolving Fuzzy Framework for Fault Diagnosis in the Tennessee Eastman Process.","Framework-Model Proposal","Evolving fuzzy systems (EFS) performance depends heavily on input data preprocessing; need for systematic evaluation of preprocessing strategies for EFS in fault diagnosis.","One-vs-rest EFS architecture with wavelet-based preprocessing (Daubechies-4, Haar, Coiflet) for ten representative TEP faults; uses least angle regression for variable selection (7 variables); open-source implementation in Octave.","Wavelet preprocessing can highlight fault signatures; Daubechies-4 improves EFS performance; choice of wavelet should be guided by application priorities (sensitivity vs specificity).","Tennessee Eastman Process (TEP) benchmark with 10 selected faults (IDV1, IDV2, IDV4, IDV5, IDV6, IDV7, IDV8, IDV10, IDV13, IDV14).","Daubechies-4 achieves best overall F1-score (73.68%) and sensitivity (97.37%) vs no preprocessing (70.67% F1); Haar achieves highest specificity (55.37%); per-fault analysis shows high performance for IDV6, IDV7, IDV14.","Evaluation on simulated data; only 10 of 20 TEP faults analyzed; one-vs-rest architecture requires separate classifiers for each fault; EFS hyperparameters require tuning.","Online adaptive learning; multifractal feature extraction; hybrid entropy-fractal descriptors; Kolmogorov-Arnold networks; real-world validation on industrial data.","Dynamic + Justification: EFS processes data incrementally; wavelet preprocessing handles non-stationary signals; designed for evolving process dynamics.","Not Applicable","Yes: Fault severity discussed; incipient faults mentioned; safety-critical applications in chemical processes.","evolving-fuzzy-wavelet-fdd","Medium: Addresses dynamic allocation of AI model complexity through incremental EFS learning; wavelet preprocessing enhances feature extraction; does not directly address multi-tier orchestration.","Aligns with RQ focus on dynamic adaptability and resource allocation; provides interpretable fuzzy framework.","Peer-reviewed","Key terms: Evolving fuzzy systems (EFS); Wavelet transform; One-vs-rest classification; Tennessee Eastman Process (TEP); Fault diagnosis; Incremental learning.","Yes: Figure 1 (fault locations), Figure 2 (EFS scheme), Figure 3-4 (performance comparisons), Table 1-6 (detailed results)."
"15-Hierarchical Deep LSTM for Fault Detection and Diagnosis for a Chemical Process","Agarwal P, Gonzalez JIM, Elkamel A, Budman H. Hierarchical Deep LSTM for Fault Detection and Diagnosis for a Chemical Process. Processes 2022, 10, 2557.","Framework-Model Proposal","Incipient faults are difficult to detect due to low signal-to-noise ratio and feedback control; lack of distinguishability between faults; passive FDD alone insufficient for incipient faults.","Hierarchical structure combining Deep LSTM Supervised Autoencoder (DLSTM-SAE) with active FDD via PRBS signal injection; hierarchical classification groups faults by difficulty; PRBS enhances observability of incipient faults.","LSTM with extended time horizon improves classification; hierarchical structure with re-normalization improves sensitivity; PRBS injection can enhance incipient fault detection; passive+active approach needed for incipient faults.","Tennessee Eastman Process (TEP) with 52 variables, 20 faults + normal; standard dataset from http://depts.washington.edu/control/LARRY/TE/download.html.","Achieves 93.23% average FDR (all faults), outperforming SAE-NN (75.36%), DSN (65.32%), GAN (64.51%), CNN (79.84%), optimized LSTM (70.15%), LSTM-attention (87.85%); hierarchical+PRBS achieves 99.38% for Fault 9 and 100% for Fault 15.","PRBS injection may impact process profitability; active FDD introduces external disturbance; hierarchical structure requires careful grouping of faults; PRBS design requires process knowledge.","Trade-off between PRBS impact on quality/productivity vs benefit of early incipient fault detection; online learning and adaptation; integration with real industrial systems.","Dynamic + Justification: Uses LSTM for temporal dynamics; hierarchical structure for dynamic fault classification; PRBS for active excitation.","Not Applicable","Yes: Focuses on incipient faults with low signal-to-noise ratio; faults 3,9,15 are notoriously difficult; severity mentioned in context of observability.","hierarchical-lstm-fdd","High: Addresses dynamic allocation of AI model complexity; hierarchical structure improves incipient fault detection; proposes PRBS for active fault diagnosis.","Aligns with RQ focus on dynamic resource allocation; specifically targets incipient faults.","Peer-reviewed","Key terms: Hierarchical Deep LSTM; Supervised Autoencoder (SAE); Incipient faults; PRBS (Pseudo-Random Binary Signal); Active FDD; Tennessee Eastman Process (TEP).","Yes: Figure 5 (hierarchical structure), Figure 6-9 (confusion matrices, time horizon selection), Table 3-5 (comparison results, ablation study)."
"16-Fault detection in Tennessee Eastman process with temporal deep learning models","Lomov I, Lyubimov M, Makarov I, Zhukov LE. Fault detection in Tennessee Eastman process with temporal deep learning models. Journal of Industrial Information Integration 2021, 23, 100216.","Empirical Study","Need for advanced deep learning approaches for early fault detection in industrial processes that do not require extensive feature engineering; existing methods rely on manual feature engineering.","Investigation of recurrent (LSTM, GRU, Transformer) and convolutional architectures (Temporal CNN1D, Temporal CNN1D2D) for TEP fault detection; GAN-based data augmentation to enrich training data.","Temporal CNN with combined 1D and 2D convolutions can capture patterns within single sensors and correlations between sensors; GAN can generate realistic training data; GRU type 2 model performs best among recurrent architectures.","Tennessee Eastman Process extended TEP dataset (500 runs per fault, 52 features).","Temporal CNN1D2D with GAN enrichment achieves best overall results, particularly on hardest faults (3,9,15); GRU type 2 achieves 100% TPR on many faults; outperforms PCA, DBN, ANN, GAN, MSDAE-TP in FPR/TPR metrics.","GAN training can be unstable and prone to mode collapse; Transformer underperforms on TEP; normal operating state is difficult to detect; data augmentation requires careful tuning.","Improve GAN training stability; online learning and adaptation; integration with process management; handling of concept drift and changing operating conditions.","Dynamic + Justification: Uses temporal deep learning models (LSTM, GRU, CNN) for time-series fault detection; handles sequential data and process dynamics.","Not Applicable","Yes: Fault severity implied through detection rates; process safety and management discussed; hard-to-detect faults (3,9,15) identified.","temporal-deep-learning-fdd","High: Addresses dynamic allocation of AI model complexity; proposes temporal CNN architectures for real-time fault detection; GAN for data augmentation.","Aligns with RQ focus on dynamic resource allocation; provides temporal models.","Peer-reviewed","Key terms: Temporal CNN; LSTM; GRU; Generative Adversarial Network (GAN); Tennessee Eastman Process (TEP); Fault detection; Data augmentation.","Yes: Figure 7-9 (architectures: Temporal CNN1D, CNN1D2D, GAN pipeline), Figure 10-13 (TPR/FPR comparisons, detection delay), Table 8 (comparison with other methods)."
"17-Enhancing fault detection and diagnosis systems for a chemical process","Souza ACO, Souza MB Jr, Silva FV. Enhancing fault detection and diagnosis systems for a chemical process: a study on convolutional neural networks and transfer learning.","Empirical Study","Most studies use pre-existing TEP datasets with separately simulated faults, lacking realistic continuous operation data; none have evaluated how to adjust FDD models when process control strategy changes.","CNN-based FDD system with new continuous simulation datasets (normal and faulty periods randomly alternated); fully convolutional networks (FCNs) investigated; transfer learning (fine-tuning) applied when control strategy changes.","Continuous simulation generates more realistic datasets with transition periods; FCNs can improve performance; transfer learning can adapt models to new control strategies without retraining from scratch.","Tennessee Eastman Process (TEP) with two simulators (MATLAB/Simulink Ricker model and Python Braatz model) with different control strategies; new continuous datasets generated.","FCN2 achieves 80.6% precision and 83.7% recall, outperforming M5 (78.3%/80.5%), MLP (74.1%/71.1%), RF (70.4%/63.4%), SVM (61.8%/54.8%); fine-tuning achieves 79.8% precision and 76.6% recall with only 3 months of data.","Requires generation of new datasets; transfer learning performance depends on similarity of source and target domains; FCN architecture may not generalize to all processes; computational cost of fine-tuning.","Expansion of transfer learning to few-shot fault scenarios; comparison with other DL architectures (RNN, LSTM, DBN, AE); physics-informed neural networks for incipient faults.","Dynamic + Justification: Uses continuous simulations with random fault durations and transition periods; models dynamic process behavior; transfer learning for changing control strategies.","Not Applicable","Yes: Fault severity implied through detection rates; process safety and operational efficiency discussed.","cnn-transfer-learning-fdd","High: Addresses dynamic allocation of AI model complexity; transfer learning for changing control strategies; supports real-time monitoring.","Aligns with RQ focus on dynamic resource allocation; addresses control strategy changes.","Peer-reviewed","Key terms: Convolutional neural network (CNN); Transfer learning; Fully convolutional networks (FCN); Tennessee Eastman Process (TEP); Fault detection and diagnosis (FDD); Continuous simulation.","Yes: Figure 9 (FDD framework), Figure 12-14 (confusion matrices, feature visualizations), Table 3-10 (hyperparameters, results, comparison)."
"18-Fault Detection and Diagnosis in Tennessee Eastman Process with Deep Autoencoder","Xiao Z, Kordon A, Sen S. Fault Detection and Diagnosis in Tennessee Eastman Process with Deep Autoencoder.","Framework-Model Proposal","Traditional statistical methods (PCA) are limited by linearity and Gaussian assumptions; deep learning can capture nonlinear relationships; need for automatic variable selection and semi-supervised fault detection.","Deep autoencoder (DAE) with 5 layers and PReLU activation; dynamic time-variable matrix (t×m) captures temporal and spatial domains; automatic variable selection based on reconstruction errors; semi-supervised training on normal data only.","DAE can automatically select important variables via reconstruction errors; nonlinear transformation captures more useful fault features; semi-supervised approach works with unlabeled normal data.","Tennessee Eastman Process (TEP) with 52 variables, 21 faults; training data: 960 normal samples; test data: 960 samples (160 normal + 800 fault).","Outperforms PCA T² and SPE in FDR and FAR for most faults; achieves 100% FDR for faults 4,5,6,7,14; automatic variable selection identifies root-cause variables consistent with literature (Fault 11: Variables 9 and 51).","Only applicable to steady processes; dynamic industrial systems with thousands of variables are challenging; requires normal data for training; performance on hard-to-detect faults (3,9,15) still limited.","Designing DAE architecture for real-world dynamic industrial systems; handling nonstationary processes; integration with online monitoring; extension to other industrial processes.","Dynamic + Justification: Uses dynamic time-variable matrix with sliding window to capture temporal dynamics; handles process data streaming.","Not Applicable","Yes: Fault severity measured via FDR, FAR, and detection delay; safety and economic implications discussed.","deep-autoencoder-fdd","High: Addresses dynamic allocation of AI model complexity; proposes DAE for real-time fault detection with automatic variable selection.","Aligns with RQ focus on dynamic resource allocation; provides automatic feature selection.","Peer-reviewed","Key terms: Deep autoencoder (DAE); Automatic variable selection; Reconstruction error; Tennessee Eastman Process (TEP); Fault detection and diagnosis; Semi-supervised learning.","Yes: Figure 3 (data preprocessing), Figure 4-5 (variable selection examples), Figure 6 (performance comparison), Table 2-4 (FDR, FAR, detection delay)."
"19-Soft Sensing of LPG Processes Using Deep Learning","Sifakis N, Sarantinoudis N, Tsinarakis G, Politis C, Arampatzis G. Soft Sensing of LPG Processes Using Deep Learning. Sensors 2023, 23, 7858.","Empirical Study","Need for soft sensors to predict critical variables (C2, C5 content, energy consumption) in LPG purification processes where traditional laboratory analysis is slow and expensive; challenges with dirty data and scalability.","ANN and ensemble Random Forest Regressor (RFR) soft sensor models for de-ethanization and debutanization in LPG process; data from real refinery sensors; predicts C2, C5, and energy consumption from pressure, temperature, and reboiler flow.","Soft sensors can provide real-time predictions; RFR outperforms ANN; model interpretability and online learning are important; dirty data can be handled with preprocessing.","Real oil refinery LPG purification process with de-ethanization and debutanization columns; 2 years of sensor data; 7 input variables (temperature, pressure, flow).","RFR achieves RMSE 0.1108 (C2), 0.0404 (C5), 53.799 (Q) vs ANN 0.238 (C2), 0.079 (C5), 249.17 (Q); R² 0.9561 (C2), 0.8346 (C5), 0.9878 (Q); feature importance identifies key variables (Reb_But for energy consumption).","Data from single refinery; model interpretability limited (black-box nature); ANN requires extensive data; online learning not fully implemented; validation on other refinery processes needed.","Improve interpretability of AI/ML-based soft sensors; online learning for real-time adaptation; handle inconsistent and erroneous data; test scalability on other refinery operations; incorporate advanced deep learning techniques.","Dynamic + Justification: Models dynamic process behavior in distillation columns; uses time-series sensor data; predicts time-varying concentrations and energy consumption.","Not Applicable","No: Focuses on soft sensing for quality prediction and energy consumption, not explicitly on fault severity or fault detection; process monitoring for operational efficiency.","lpg-soft-sensing","Low: Addresses soft sensing for process monitoring, not directly multi-tier orchestration or dynamic AI model complexity allocation for fault detection; supports process control decisions.","Not directly aligned with RQ focus on fault detection; addresses related process monitoring.","Peer-reviewed","Key terms: Soft sensors; Deep learning; LPG purification; De-ethanization; Debutanization; Random Forest Regressor (RFR); Artificial Neural Network (ANN).","Yes: Figure 1-2 (process diagrams and data distribution), Figure 3-7 (prediction results, histograms, scatter plots), Table 1-2 (variable statistics, evaluation metrics)."
"20-MAP~1","Costa EA, Rebello CM, Santana VV, Rodrigues AE, Ribeiro AM, Schnitman L, Nogueira IBR. Mapping Uncertainties of Soft-Sensors Based on Deep Feedforward Neural Networks through a Novel Monte Carlo Uncertainties Training Process. Processes 2022, 10, 409.","Framework-Model Proposal","Deep learning-based soft sensors lack uncertainty quantification; need to identify and map prediction uncertainties for reliable application in chemical process monitoring.","Novel Monte Carlo uncertainties training (MCUT) process for deep feedforward neural networks (DFNN); evaluates epistemic and aleatory uncertainty; applies to soft sensor for syngas purification PSA unit productivity prediction.","DFNN models have epistemic (model) and aleatory (data) uncertainty; MCUT can generate set of models with equivalent performance; uncertainty can be quantified via quantiles and inverse-gamma distribution.","Syngas purification through pressure swing adsorption (PSA) unit; synthetic data from phenomenological model; 25,050 points; 8 input variables.","MCUT successfully identifies epistemic and aleatory uncertainty; epistemic uncertainty >75% of total; predictions follow virtual plant tendency with quantifiable confidence intervals; MAE 0.1746, MSE 0.0587 for DFNN model.","Computationally exhaustive (1000 models trained); offline training required; only tested on synthetic data; uncertainty quantification assumes specific distributions; real-world validation needed.","Real-time uncertainty-aware soft sensors; integration with process control; application to experimental data; improvement of MCUT efficiency; handling of non-stationary processes.","Dynamic + Justification: Soft sensor for dynamic PSA process; uses NARX model with regressors; predicts time-varying productivity.","Not Applicable","No: Focuses on uncertainty quantification for soft sensors, not explicitly fault severity or fault detection; process monitoring and productivity prediction.","uncertainty-aware-soft-sensor","Low: Addresses uncertainty in soft sensors, not directly multi-tier orchestration for fault detection; supports reliable process monitoring.","Not directly aligned with RQ focus on fault detection; addresses uncertainty quantification.","Peer-reviewed","Key terms: Soft sensors; Uncertainty quantification; Monte Carlo; Deep feedforward neural networks (DFNN); Epistemic uncertainty; Aleatory uncertainty; Pressure swing adsorption (PSA).","Yes: Figure 1 (methodology), Figure 8-11 (parity plots, histograms, uncertainty visualization), Table 2-4 (hyperparameters, adjustment indices)."
"21-A Survey on Deep Learning for Data-Driven Soft Sensors","Sun Q, Ge Z. A Survey on Deep Learning for Data-Driven Soft Sensors.","Survey","Need to demonstrate necessity and significance of deep learning for soft sensor applications; summarize mainstream DL models, tricks, and frameworks; review existing applications and discuss future research directions.","Comprehensive survey of deep learning techniques for data-driven soft sensors: AE, RBM, CNN, RNN architectures; general tricks (regularization, dropout, batch normalization); frameworks/toolkits (TensorFlow, PyTorch); existing applications and future outlook.","Deep learning matches trends of industrial processes (complexity, big data); DL avoids feature engineering and leverages large datasets; different DL models suit different soft sensor tasks; labeled data scarcity, hyperparameter optimization, reliability are key challenges.","Various industrial processes: chemical, power, machinery, aerospace; benchmark datasets and real-world processes (debutanizer, polymerization, hydrocracking, etc.).","DL-based soft sensors outperform conventional methods (PLS, SVM); AE-based methods dominate for semi-supervised and missing data; RBM/DBN for nonlinear feature extraction; CNN for grid-like data; RNN/LSTM for dynamic modeling; TensorFlow and PyTorch are most popular platforms.","Lack of labeled samples remains challenge; hyperparameter optimization is difficult; model reliability and interpretability issues; distributed parallel modeling for big data not well developed.","Self-supervised learning (SSL) for unlabeled data; meta-learning for hyperparameter optimization; model visualization and knowledge integration for reliability; distributed parallel modeling for big data.","Not Applicable","No: Survey paper focusing on soft sensing techniques, not specifically fault severity or fault detection; process monitoring and quality prediction.","deep-learning-soft-sensor-survey","Low: Survey paper; not directly addressing multi-tier orchestration or dynamic AI model complexity allocation for fault detection; provides background on DL for process monitoring.","Not directly aligned with RQ focus on fault detection; provides survey context.","Peer-reviewed","Key terms: Soft sensors; Deep learning; Data-driven modeling; Autoencoder (AE); Restricted Boltzmann Machine (RBM); Convolutional Neural Network (CNN); Recurrent Neural Network (RNN); Industrial big data.","Yes: Figure 2-3 (comparison of learning theories, scale drives performance), Figure 8 (iterative development process), Figure 9 (statistics on applications), Table 1-2 (model summaries, platform comparisons)."
"22-Deep Learning With Spatiotemporal Attention-Based LSTM for Industrial Soft Sensor Model Development","Yuan X, Li L, Shardt YAW, Wang Y, Yang C. Deep learning with spatiotemporal attention-based LSTM for industrial soft sensor model development. IEEE Transactions on Industrial Electronics.","Framework-Model Proposal","Original LSTM does not consider variable and sample relevance for quality prediction in industrial processes; need to identify important input variables and relevant hidden states across time steps.","Spatiotemporal attention-based LSTM (STA-LSTM): spatial variable attention to identify input variables related to quality prediction; temporal attention to adaptively discover quality-related hidden states across all time steps; encoder-decoder architecture.","Spatial attention can identify important input variables; temporal attention can discover relevant hidden states; spatiotemporal attention improves prediction accuracy for quality variables.","Industrial hydrocracking process; 43 process variables; predicts initial boiling points of heavy naphtha and aviation kerosene.","STA-LSTM achieves RMSE 0.0184 (heavy naphtha) and 0.2620 (aviation kerosene), outperforming ARIMAX, DBN, RNN, LSTM, and attention LSTM; R² 0.9548 and 0.7613; model residuals validate structure and parameters.","Requires uniformly sampled data; only tested on two quality variables; hyperparameter tuning required (window size, neurons); computational cost of attention mechanisms.","Modeling with irregular sampling rates; multistep predictions; application to other industrial processes; integration with process control; online learning for time-varying processes.","Dynamic + Justification: Uses LSTM for temporal dynamics; attention mechanisms for spatiotemporal feature extraction; handles dynamic process data.","Not Applicable","No: Focuses on soft sensing for quality prediction, not explicitly fault detection or severity; process monitoring for quality variables.","spatiotemporal-attention-lstm","Low: Addresses soft sensing for quality prediction, not directly multi-tier orchestration for fault detection; supports process monitoring.","Not directly aligned with RQ focus on fault detection; addresses quality prediction.","Peer-reviewed","Key terms: Spatiotemporal attention; LSTM; Soft sensor; Quality prediction; Hydrocracking process; Attention mechanism; Encoder-decoder.","Yes: Figure 3 (STA-LSTM framework), Figure 4 (flowchart), Figure 6-7 (parameter selection), Figure 8-10 and 13-15 (results, residual tests, attention weights), Table 1-2 (performance comparison)."
"23-Data-Driven Soft Sensor Approach for Quality Prediction in a Refining Process","Wang D, Liu J, Srinivasan R. Data-Driven Soft Sensor Approach for Quality Prediction in a Refining Process.","Empirical Study","Real-time measurement of product quality in refining processes is difficult; need for online quality prediction using readily available process measurements for operation and quality control.","PLS-based soft sensor with data preprocessing, multivariate outlier detection, variable selection (genetic algorithm), and dynamic PLS (augmented predictor matrix with time lags) for quality prediction in crude distillation unit.","Data quality issues (outliers, missing data) need careful handling; PLS with variable selection and dynamic augmentation improves prediction; PLS provides transparent and unique model compared to black-box NN.","Crude distillation unit (CDU) in refinery; ASTM 90% distillation temperature (D90) as quality variable; 35 process variables over 63 days.","PLS soft sensor reduces average error from 9.099e-3 (analyzer) to 5.943e-3 and 4.542e-3; outperforms NN in transparency with comparable precision; variable selection identifies 14 relevant process variables.","Industrial processes are nonlinear; PLS is linear; NN models are black-box; data quality issues persist; requires frequent recalibration; only tested on one refinery process.","Combining linear PLS with nonlinear terms; online deployment and maintenance; application to other refining processes; integration with control systems.","Dynamic + Justification: Uses dynamic PLS with time lags to account for serial correlation; handles time-series data.","Not Applicable","No: Focuses on quality prediction for refining, not explicitly fault detection or severity; process monitoring and quality control.","pls-soft-sensor-refining","Low: Addresses soft sensing for quality prediction, not directly multi-tier orchestration for fault detection; supports process control.","Not directly aligned with RQ focus on fault detection; addresses quality prediction.","Peer-reviewed","Key terms: Soft sensor; Partial least squares (PLS); Quality prediction; Refining process; Outlier detection; Variable selection; Dynamic PLS.","Yes: Figure 2-4 (quality data, variable selection), Figure 5-7 (outlier detection, prediction results), Table 1-2 (error comparison)."
"24-Graph convolutional network soft sensor for process quality prediction","Jia M, Xu D, Yang T, Liu Y, Yao Y. Graph convolutional network soft sensor for process quality prediction.","Framework-Model Proposal","Most deep learning soft sensors are black-box models that do not integrate prior knowledge; need to explicitly explore variable relationships for model interpretability and to capture localized spatial-temporal correlations.","GCN-based soft sensor with localized spatial-temporal correlations; spatial edges for relationships at same time, temporal edges for cross-time correlations; learns localized matrices with regularization; temporal convolution for long-term dependencies.","Graphs can exploit essential relations among variables; GCN can capture localized spatial-temporal correlations; regularization improves explainability; model is not a black box.","Penicillin fermentation process (Pensim and IndPensim); 15 variables (Pensim), 12 variables (IndPensim); predicts penicillin concentration.","Achieves RMSE 0.018 (Pensim) and 0.552 (IndPensim), outperforming SVR, PLS, LSTM, GCN; noise robustness demonstrated (5%/10% noise); visualization of localized correlations consistent with process knowledge (substrate feed flowrate affects biomass, which affects other variables).","Variable relationships may change over time (time-varying processes); requires MIC-based variable selection; hyperparameter tuning (β, channels); assumes graph structure fixed.","Dynamic graph structures for time-varying processes; online learning; application to other industrial processes; integration with process control.","Dynamic + Justification: Uses temporal convolution and localized spatial-temporal correlations; captures time-series properties and cross-correlations.","Not Applicable","No: Focuses on soft sensing for quality prediction, not explicitly fault detection or severity; process monitoring for quality variables.","gcn-soft-sensor","Low: Addresses soft sensing with graph-based interpretability, not directly multi-tier orchestration for fault detection; supports process monitoring.","Not directly aligned with RQ focus on fault detection; addresses interpretability in soft sensing.","Peer-reviewed","Key terms: Graph convolutional network (GCN); Soft sensor; Localized spatial-temporal correlations; Maximum information coefficients (MIC); Temporal convolution; Fermentation process.","Yes: Figure 1-5 (GCN, TCN, STCL architectures), Figure 6-8 (framework, MIC selection, input trajectories), Figure 9-14 (prediction results, topology visualizations), Table 1-5 (RMSE, MIC, results)."
"25-ENS~1","Yin X, Niu Z, He Z, Li Z, Lee D. Ensemble deep learning based semi-supervised soft sensor modeling method and its application on quality prediction for coal preparation process.","Framework-Model Proposal","Coal preparation quality prediction faces challenges: manual feature extraction, considerable unlabeled data, temporal dynamic behavior in data, which affect accuracy and efficiency of soft sensor models.","SAE-BLSTM ensemble semi-supervised model: SAE for unsupervised feature extraction from labeled and unlabeled data; BLSTM for bidirectional temporal feature extraction; FC layers for higher-level features; regularization techniques to avoid overfitting.","SAE can extract features from unlabeled data; BLSTM can capture bidirectional temporal dependencies; Taguchi design can optimize hyperparameters; regularization improves generalization.","Dense medium coal preparation process; 20 input variables; predicts ash content; 48,000 samples (2,000 labeled, 46,000 unlabeled).","Achieves R² 0.933, RMSE 0.3868 on testing set; outperforms RBF+LSSVR and DBN+LSTM; semi-supervised learning improves performance (labeled:unlabeled ratio 1:18 optimal); BLSTM outperforms RNN and LSTM.","Feasible labeled/unlabeled data ratio is significant; excessive unlabeled data causes information redundancy; time delay problem in long production lines; computational cost of BLSTM.","Multistage modeling strategy for larger-scale industry; combining multistage modeling and deep learning; handling of longer time delays; online learning for time-varying processes.","Dynamic + Justification: Uses BLSTM for bidirectional temporal feature extraction; handles temporal dependencies in process data.","Not Applicable","No: Focuses on quality prediction for coal preparation, not explicitly fault detection or severity; process monitoring for quality variables.","sae-blstm-soft-sensor","Low: Addresses soft sensing for quality prediction, not directly multi-tier orchestration for fault detection; supports process monitoring.","Not directly aligned with RQ focus on fault detection; addresses quality prediction with semi-supervised learning.","Peer-reviewed","Key terms: Stacked Auto-Encoder (SAE); Bidirectional LSTM (BLSTM); Semi-supervised learning; Quality prediction; Coal preparation; Temporal dependency.","Yes: Figure 1-5 (problem description, SAE, BLSTM architectures), Figure 6-8 (framework), Figure 9-12 (hyperparameter selection, results), Table 4-7 (performance comparison)."
"26-Industrial Semi-Supervised Dynamic Soft-Sensor Modeling Approach Based on Deep Relevant Representation L","Lima JMM, Araújo FMU. Industrial Semi-Supervised Dynamic Soft-Sensor Modeling Approach Based on Deep Relevant Representation Learning. Sensors 2021, 21, 3430.","Framework-Model Proposal","Industrial processes have strong nonlinearity, dynamicity, and lack of labeled data; need to extract relevant features for soft-sensing; SAE may learn irrelevant representations that degrade prediction performance.","MISAEL: semi-supervised deep relevant representation learning combining SAE, mutual information (MI), and LSTM; MI eliminates irrelevant representations layer-by-layer; LSTM coupled for dynamic behavior; k-fold cross-validation ensemble.","MI can evaluate relevance of learned representations; eliminating irrelevant features improves prediction; LSTM can handle process dynamics; ensemble strategy enhances reliability.","Debutanizer column and sulfur recovery unit (SRU) processes; real industrial datasets.","MISAEL achieves RMSE 0.0208 (debutanizer) and 0.0169 (SRU), outperforming PLS, SVR, MLP, SAE, HVW-SAE, SSED, SIAE; eMISAEL (ensemble) achieves RMSE 0.0194 and 0.0133; relative prediction errors show improved robustness.","MI threshold calculation required; LSTM hyperparameter tuning; ensemble increases computational cost; only tested on two industrial processes; semi-supervised assumption (90% unlabeled data) may not hold for all processes.","Targeted-output regularizers on loss function; dynamic-related feature highlighting; application to real industrial scenarios with anomalies and complex environments.","Dynamic + Justification: Uses LSTM for dynamic feature extraction; handles time-series data; semi-supervised learning with unlabeled data.","Not Applicable","No: Focuses on soft sensing for quality prediction, not explicitly fault detection or severity; process monitoring for quality variables.","semi-supervised-representation-learning","Low: Addresses soft sensing with relevant feature extraction, not directly multi-tier orchestration for fault detection; supports process monitoring.","Not directly aligned with RQ focus on fault detection; addresses feature learning for quality prediction.","Peer-reviewed","Key terms: Stacked Autoencoder (SAE); Mutual information (MI); LSTM; Semi-supervised learning; Soft sensor; Relevant representation; Debutanizer column; Sulfur recovery unit.","Yes: Figure 4-5 (MI-SAE and MISAEL framework), Figure 7-11 (MI values, prediction results, error distributions), Table 2-4 (performance comparison)."
"27-A Soft Sensor for Flow Estimation and Uncertainty Analysis Based on Artificial Intelligence A Case Stu","Alencar GMR, Fernandes FML, Moura Duarte R, Melo PF, Cardoso AA, Gomes HP, Villanueva JMM. A Soft Sensor for Flow Estimation and Uncertainty Analysis Based on Artificial Intelligence: A Case Study of Water Supply Systems. Automation 2024, 5, 106-127.","Empirical Study","Water supply systems need accurate flow measurement but physical flow sensors are expensive; need to reduce water losses through improved monitoring; soft sensors can estimate flow from pressure measurements.","LSTM-based soft sensor with Monte Carlo dropout for uncertainty reduction; TEDA for outlier detection in water pressure data; compares LSTM with MLP and CNN reference models; tested on real water supply system.","LSTM can handle time-series data; Monte Carlo dropout can quantify uncertainty; TEDA can detect outliers without prior assumptions; careful hyperparameter tuning improves performance.","Water supply system with booster pump station; 5 variables (level, pressure, flow, adduction flow, adduction pressure); 14,320 samples.","LSTM with Monte Carlo dropout achieves RMSE 0.3121, MAE 0.2450, R² 0.996437, MAPE 2.5368%; outperforms MLP (RMSE 0.3522, R² 0.9954) and CNN (RMSE 0.9251); uncertainty measurement error ~1.82 L/s; TEDA effectively identifies outliers.","Data from single water supply system; Monte Carlo dropout requires careful parameter tuning; outlier detection threshold selection; computational cost of uncertainty quantification.","Integration of soft sensor into IoT system for monitoring and control; application to water purification systems; real-time validation on other water supply networks; online learning for changing conditions.","Dynamic + Justification: Uses LSTM for time-series flow prediction; handles dynamic water supply system behavior; Monte Carlo dropout for uncertainty.","Not Applicable","No: Focuses on soft sensing for flow estimation, not explicitly fault detection or severity; process monitoring for water supply systems.","lstm-soft-sensor-water","Low: Addresses soft sensing for flow estimation, not directly multi-tier orchestration for fault detection; supports process monitoring.","Not directly aligned with RQ focus on fault detection; addresses flow estimation.","Peer-reviewed","Key terms: Soft sensor; LSTM; Monte Carlo dropout; Uncertainty analysis; Water supply systems; TEDA (Typicality and Eccentricity Data Analytics).","Yes: Figure 1-5 (model architectures, data preprocessing), Figure 6-8 (flowcharts, algorithm pseudocode), Figure 9-13 (data distributions, prediction results), Table 1-7 (parameters, results, comparisons)."
"28-Recent Advances in Reinforcement Learning for Chemical Process Control","Devarakonda VS, Sun W, Tang X, Tian Y. Recent Advances in Reinforcement Learning for Chemical Process Control. Processes 2025, 13, 1791.","Survey","Need to review recent advancements in reinforcement learning for chemical process control, with focus on safe RL, controller tuning, and direct policy learning; address challenges in interpretability, sampling efficiency, and uncertainty.","Comprehensive review of RL for chemical process control: MDP basics, state-of-the-art RL algorithms (DQN, DDPG, TD3, SAC, PPO, etc.), applications for controller tuning (PID) and control policy learning, safe RL approaches (constraint tightening, CBF, CIS), and future directions.","RL can improve process control by learning optimal policies from data; safe RL approaches can incorporate constraints; LLMs and meta-learning can address sampling efficiency; transfer learning improves generalization; POMDPs and uncertainty-aware RL are emerging directions.","Various chemical processes: CSTR, distillation, batch processes, bioreactors, HVAC, wastewater treatment, etc.; benchmark systems and real industrial applications.","RL-based PID tuning outperforms conventional methods; direct policy learning achieves comparable or better performance than MPC; safe RL methods (CBF, CIS) provide safety guarantees; LLM-enhanced RL and meta-learning show promise for sampling efficiency; multi-agent RL addresses scalability.","Safe RL still faces challenges in real-world deployment; sampling efficiency remains a key barrier; observability in POMDPs is difficult; interpretability of RL policies is limited; transfer learning and meta-learning require extensive pre-training.","Safe RL with theoretical guarantees; LLM-enhanced RL for autonomous control; uncertainty-aware RL algorithms; meta-learning for sample efficiency; multi-agent RL for large-scale systems; integration with MPC and PID.","Not Applicable","No: Survey paper; discusses fault detection and process safety but not focused on fault severity metrics; process control and optimization.","rl-chemical-process-control-survey","Low: Survey paper; not directly addressing multi-tier orchestration or dynamic AI model complexity allocation for fault detection; provides context on RL for process control.","Not directly aligned with RQ focus on fault detection; addresses process control.","Peer-reviewed","Key terms: Reinforcement learning; Model predictive control (MPC); Process control; Safe reinforcement learning; PID tuning; Actor-critic; Multi-agent RL; Transfer learning; Large language models (LLMs).","Yes: Figure 1-6 (RL schematics, algorithm architectures), Figure 7-11 (safe RL, LLM integration), Table 1-4 (algorithm summaries, application comparisons)."
"29-How to support decision making with reinforcement learning in hierarchical chemical process control","Szatmári K, Chován T, Németh S, Kummer A. How to support decision making with reinforcement learning in hierarchical chemical process control?","Survey","Need to investigate how and where reinforcement learning can be applied at different levels of hierarchical chemical process control; compare RL with traditional control methods; present multi-agent structures and CRISP-RL methodology.","Review of RL applications at three hierarchical control levels: operation level (setpoint tracking, PID tuning), production level (product concentration maximization), business level (profit maximization, cost minimization); multi-agent RL structures (cooperative/competitive, centralized/decentralized); CRISP-RL life cycle for RL projects.","RL can be applied at all hierarchical control levels; reward functions differ by level; multi-agent RL can handle large-scale processes; CRISP-RL provides systematic methodology; RL outperforms traditional controllers in many cases.","Various chemical processes: CSTR, batch reactors, distillation columns, bioreactors, wastewater treatment, etc.; case studies from literature.","RL improves performance at operation level (faster convergence, no overshoot), production level (better disturbance compensation, constraint handling), and business level (higher profit, less computation time); MARL applications in distillation, tank systems, wastewater treatment show promise; CRISP-RL framework for systematic RL development.","Multi-agent RL still in infancy for chemical processes; H-MARL not yet applied; safe RL challenges; computational cost of RL training; limited real-world validation.","H-MARL for hierarchical chemical process control; safe RL with formal guarantees; Bayesian RL for uncertainty; MARL with Bayesian inference; laboratory and industrial validation; online learning.","Not Applicable","No: Survey paper; discusses fault diagnosis but not focused on fault severity; process control and decision-making.","rl-hierarchical-control-survey","Low: Survey paper; not directly addressing multi-tier orchestration or dynamic AI model complexity allocation for fault detection; provides context on RL for hierarchical control.","Not directly aligned with RQ focus on fault detection; addresses hierarchical control.","Peer-reviewed","Key terms: Reinforcement learning; Hierarchical process control; Multi-agent reinforcement learning (MARL); CRISP-RL; PID tuning; Model predictive control (MPC); Optimal control.","Yes: Figure 1-5 (control hierarchy, RL algorithms, keyword analysis), Figure 6-9 (MARL structures, CRISP-RL lifecycle), Table 1-6 (objectives, case studies, comparisons)."
"30-Control-Informed Reinforcement Learning for Chemical Processes","Bloor M, Ahmed A, Kotecha N, Mercangöz M, Tsay C, Del Rio Chanona EA. Control-Informed Reinforcement Learning for Chemical Processes.","Framework-Model Proposal","Model-free RL suffers from sample efficiency issues and does not leverage existing control knowledge; need to integrate classical control structures into RL policies for improved performance and robustness.","CIRL (Control-Informed Reinforcement Learning): deep RL policy augmented with PID controller layer; neural network outputs PID gains, PID layer computes control action; evolutionary strategy for policy optimization; compares CIRL with pure-RL and static PID.","PID control provides disturbance-rejection and setpoint-tracking; deep RL provides nonlinear modeling; embedding PID into RL policy improves sample efficiency and robustness; CIRL can generalize to unseen operating conditions.","Continuous stirred tank reactor (CSTR) system; two controlled variables (C_B, V) and two manipulated variables (T_c, F_in).","CIRL outperforms pure-RL and static PID on setpoint tracking outside training distribution (test reward -1.33 vs -2.08 for RL, -1.77 for static PID); gains adapt to changing operating points; extended training improves performance at high operating points; disturbance rejection better than pure-RL.","Policy optimization via evolutionary strategy not gradient-based; PID gains bounded; CIRL may still need extensive training for complex processes; requires initial PID tuning knowledge; online adaptation not fully explored.","End-to-end differentiability for gradient-based training; initialization via offline RL or behavioral cloning; online adaptation schemes; theoretical guarantees; integration with other control structures (MPC).","Dynamic + Justification: Uses RL for dynamic process control; PID layer provides real-time feedback; handles time-varying dynamics.","Not Applicable","No: Focuses on process control, not explicitly fault detection or severity; process regulation and setpoint tracking.","control-informed-rl","Low: Addresses RL for process control, not directly multi-tier orchestration for fault detection; supports dynamic control.","Not directly aligned with RQ focus on fault detection; addresses process control.","Peer-reviewed","Key terms: Reinforcement learning; PID control; Model predictive control (MPC); Control-informed RL; CSTR; Setpoint tracking; Evolutionary strategies.","Yes: Figure 4-6 (CIRL architecture, process flow), Figure 7-10 (learning curves, setpoint tracking, gain trajectories), Table 1-4 (parameters, results, comparisons)."
"31-Soft Actor-Critic Reinforcement Learning Improves Distillation Column Internals Design Optimization","Fortela DLB, Broussard H, Ward R, Broussard C, Mikolajczyk AP, Bayoumi MA, Zappi ME. Soft Actor-Critic Reinforcement Learning Improves Distillation Column Internals Design Optimization. ChemEngineering 2025, 9, 34.","Empirical Study","AspenPlus® lacks automated optimization for distillation column internals design; manual iterative optimization is time-consuming and can lead to suboptimal design; need to automate design parameter tuning.","SAC-RL for distillation column internals design optimization; Python interface to AspenPlus® RadFrac; action space: 11 column design parameters (tray spacing, weir height, downcomer clearance, weir side length, hole diameter, column diameter); reward based on % approach to flooding; compares with Nelder-Mead, BFGS, SLSQP, dual annealing, SHGO.","SAC can learn optimal design parameters; reward scheme significantly affects SAC performance; column diameter is a significant constraint; SAC hyperparameters have varying effects; SAC outperforms established optimization algorithms.","Tennessee Eastman Process (TEP) binary ethanol-water distillation; RadFrac module in AspenPlus®; 20 stages, sieve tray design.","SAC achieves optimal flooding (80-90%) with automated tuning; outperforms Nelder-Mead, BFGS, SLSQP, dual annealing, SHGO; converges to feasible designs; can be implemented as one-shot learning without pre-training; reward Scheme 6 with diameter penalty enables optimal diameter selection.","Requires AspenPlus® integration; computational cost of RL training; hyperparameter tuning (α, γ, τ, replay buffer length); only tested on binary distillation; optimization can be computationally expensive for complex processes.","Real-time automated design optimization; integration with other process simulators; online learning for changing process conditions; extension to packed columns and other separation processes; multi-objective optimization.","Static + Justification: Focuses on steady-state design optimization, not dynamic process dynamics; static column design parameters.","Not Applicable","No: Focuses on design optimization, not fault detection or severity; process design and equipment sizing.","sac-distillation-design","Low: Addresses design optimization, not directly multi-tier orchestration for dynamic fault detection; supports process design.","Not directly aligned with RQ focus on fault detection; addresses design optimization.","Peer-reviewed","Key terms: Soft Actor-Critic (SAC); Reinforcement learning; Distillation column; AspenPlus®; RadFrac; Column internals design; Flooding; Optimization.","Yes: Figure 1-2 (SAC implementation, column internals), Figure 3-6 (flooding mechanisms, performance results), Figure 7 (optimization comparison), Table 1-13 (variables, results, hyperparameters)."
"32-Using process data to generate an optimal control policy via apprenticeship and reinforcement learning","Mowbray M, Smith R, Del Rio-Chanona EA, Zhang D. Using process data to generate an optimal control policy via apprenticeship and reinforcement learning. AIChE Journal 2021, 67(9), e17306.","Framework-Model Proposal","RL is data-hungry during online training and cannot extract useful information from historical process data; need to leverage existing process data to warm-start RL and reduce training time.","Two-step framework: offline apprenticeship learning via inverse RL (MaxEnt IRL) to learn reward function and parameterize policy from historical data; online RL (REINFORCE with baseline) for further policy improvement; LSTM for policy parameterization.","MaxEnt IRL can extract control objectives from process data; parameterized policy can be improved online with few iterations; historical data from existing controllers can initialize RL; transfer learning can improve efficiency.","Non-isothermal CSTR with endothermic reaction; MIMO system (concentration and temperature); PID controllers as demonstrators; state-space model with stochastic disturbances.","Offline learning matches demonstrated policy trajectory features; online RL improves policy beyond PID (faster rise time, no overshoot, better setpoint tracking); knowledge transfer between tasks reduces training epochs (300 to 80); outperforms PID on setpoint tracking.","Assumes rich informative datasets; MaxEnt IRL requires accurate process model; linear combination of features may be insufficient; requires extensive offline computation; limited to specific process types.","Data augmentation strategies for non-informative data; implementation with process simulators; application to real industrial data; online learning for changing process conditions; integration with MPC.","Dynamic + Justification: Uses RL for dynamic process control; handles time-series data; online improvement for changing dynamics.","Not Applicable","No: Focuses on control policy learning, not explicitly fault detection or severity; process control and optimization.","apprenticeship-rl-control","Low: Addresses RL for control policy learning, not directly multi-tier orchestration for fault detection; supports process control.","Not directly aligned with RQ focus on fault detection; addresses control policy.","Peer-reviewed","Key terms: Apprenticeship learning; Inverse reinforcement learning (IRL); Reinforcement learning; Process control; LSTM; MaxEnt IRL; CSTR.","Yes: Figure 2 (offline-online framework), Figure 3-6 (policy comparison, results), Table 1-4 (case study settings, trajectory features, results)."
"33-Computing operation procedures for chemical plants using whole-plant simulation models","Kubosawa S, Onishi T, Tsuruoka Y. Computing operation procedures for chemical plants using whole-plant simulation models.","Framework-Model Proposal","Chemical plants have complex dynamics and many operation points; optimizing non-stationary operations (load changes, grade changes) is challenging; simulators have gaps from real plants due to modeling errors and changing conditions.","System combining qualitative reasoning (automated reasoning for action selection), deep reinforcement learning (PPO), and online system identification; piecewise linear policy function for stability; online parameter estimation to bridge sim-to-real gap.","Qualitative reasoning can narrow action space; PPO can optimize procedures; piecewise linear policy improves extrapolation; online identification can maintain optimality; PL policy is more stable and extrapolates better than FC policy.","Real chemical distillation plant for water-methanol separation; dynamic simulator; load change and grade change tasks; 4-7 manipulated variables.","Achieves 40% faster transition than human-emulated procedures (load change); consumes half the time and steam; successfully performs grade change with online parameter re-estimation; PL policy outperforms FC policy on extrapolation (untrained targets 80% and 120%).","Requires plant simulator; online identification adds computation; safety concerns for real implementation; PL policy may have limited expressibility; only tested on one plant.","Improved system identification; real-time adjustments; better interaction with operators; uncertainty quantification; explainability for operator trust; application to other chemical plants.","Dynamic + Justification: Uses dynamic simulation and RL for non-stationary operations; online identification for changing conditions.","Not Applicable","No: Focuses on operation procedure optimization, not explicitly fault detection or severity; process operations and control.","rl-plant-operation-procedures","Low: Addresses RL for operation procedures, not directly multi-tier orchestration for fault detection; supports process operations.","Not directly aligned with RQ focus on fault detection; addresses operation optimization.","Peer-reviewed","Key terms: Reinforcement learning; Operation procedures; Dynamic simulation; System identification; Piecewise linear policy; Distillation plant; Load change; Grade change.","Yes: Figure 1-2 (architecture, performance comparison), Figure 3-6 (P&ID, reasoning, results), Figure 7-14 (plant diagrams, procedure comparisons, purity results)."
"34-Reinforcement Learning-based Control via Y-wise Affine Neural Networks (YANNs)","Branif A, Tian Y. Reinforcement Learning-based Control via Y-wise Affine Neural Networks (YANNs).","Framework-Model Proposal","RL algorithms lack interpretability and confidence; exploration phase can be unsafe; need to initialize RL with trusted control laws (e.g., explicit MPC) and maintain confidence while learning nonlinear optimal control.","YANN-RL: Y-wise Affine Neural Networks (YANNs) for exact representation of piecewise affine functions; YANN-actor initialized with mp-MPC explicit control law; YANN-critic represents explicit state-action value function; additional nonlinear layers injected for learning; DDPG-based with no exploration phase.","YANNs can exactly represent piecewise affine functions from mp-MPC; injecting zero-initialized nonlinear layers preserves initial control; YANN-RL starts with confidence of linear optimal control; monotonic policy improvement with small updates.","Clipped pendulum and safety-critical CSTR; CSTR has safety constraint (T < 480K) and risk of thermal runaway; 4 states, 1 manipulated variable.","YANN-RL outperforms DDPG on both case studies; on pendulum, initial YANN-actor outperforms trained DDPG (270.99 vs 28.42 cost); on CSTR, YANN-RL never violates safety constraint vs DDPG (1-9 violations); achieves RMSE 92.22 vs DDPG 664.39; preserves linear control as lower bound.","Requires mp-MPC solution offline; YANN architecture complexity; heuristic confidence not formal guarantee; small updates may not always improve performance; limited to systems with known linear approximation.","Rigorous theoretical guarantees for monotonic improvement; integration with other RL algorithms; online adaptation; application to complex industrial processes; handling of uncertainty and disturbances.","Dynamic + Justification: Uses RL for dynamic control; mp-MPC for linear systems; online learning for nonlinear dynamics.","Not Applicable","Yes: Safety-critical CSTR case study; safety constraint (T<480K); thermal runaway risk; safety violations tracked and compared.","yann-rl-safe-control","High: Addresses dynamic allocation of AI model complexity; provides safe RL with confidence guarantees; supports real-time control.","Aligns with RQ focus on dynamic resource allocation; addresses safety and interpretability.","Peer-reviewed","Key terms: Y-wise Affine Neural Networks (YANNs); Reinforcement learning; Model predictive control (MPC); Multi-parametric MPC (mp-MPC); Safe RL; Control Lyapunov functions; CSTR.","Yes: Figure 1-5 (YANN architecture, RL framework, network structures), Figure 6-14 (case study results, comparisons), Table 1-2 (performance results)."
"35-Flowsheet synthesis through hierarchical reinforcement learning and graph neural networks","Stops L, Leenhouts R, Gao Q, Schweidtmann AM. Flowsheet synthesis through hierarchical reinforcement learning and graph neural networks.","Framework-Model Proposal","Process synthesis needs AI-based methods for automated flowsheet design; previous RL methods use matrix representations; graph representation can better capture topological information; need to combine discrete and continuous decisions.","Hierarchical hybrid RL agent with GNNs; flowsheets represented as graphs (unit operations as nodes, streams as edges); GNN generates flowsheet fingerprints; hierarchical decisions: location selection (discrete), unit operation selection (discrete), design variable selection (continuous); PPO-based.","GNNs can process topological information; hierarchical RL can handle discrete+continuous actions; graph representation enables flexible flowsheet generation; GNN fingerprint improves learning.","Methyl acetate production; equilibrium reactions, azeotropic separation, recycles; reactors, distillation columns, heat exchangers; 10,000 training episodes.","Agent learns to generate economically viable flowsheets; discrete action space achieves 97.6% best score; continuous action space converges after 10,000 episodes; hybrid action space learns quickly (positive value after ~1000 episodes); best flowsheet uses reactor, heat exchanger, column, recycle.","Process simulation simplified (shortcut models); hyperparameters not optimized; reward function only estimated economics; limited number of unit operations; convergence to global optimum not guaranteed.","Interface to advanced process simulators; hyperparameter optimization; reward shaping; larger action space with more unit operations; constraint handling; real-world validation.","Dynamic + Justification: Uses dynamic simulation of flowsheets; RL for sequential decisions; handles time-varying process conditions.","Not Applicable","No: Focuses on flowsheet synthesis, not explicitly fault detection or severity; process design and optimization.","rl-flowsheet-synthesis","Low: Addresses process synthesis, not directly multi-tier orchestration for fault detection; supports process design.","Not directly aligned with RQ focus on fault detection; addresses flowsheet design.","Peer-reviewed","Key terms: Flowsheet synthesis; Reinforcement learning; Graph neural networks (GNN); Hierarchical RL; Hybrid action space; Process design; Methyl acetate production.","Yes: Figure 1-6 (RL framework, graph representation, agent architecture), Figure 7-13 (VLE diagram, learning curves, best flowsheets), Table 1-4 (design variables, hyperparameters)."
"36-Exploring reinforcement learning in process control a comprehensive survey","Rajasekhar N, Radhakrishnan TK, Samsudeen N. Exploring reinforcement learning in process control: a comprehensive survey. International Journal of Systems Science 2025, 56(14), 3528-3557.","Survey","Need to comprehensively examine development, models, algorithms, and practical uses of RL with specific emphasis on process control; classify RL into classical and deep RL; identify challenges hindering wider adoption.","Comprehensive survey of RL for process control: evolution of RL, MDPs, classical RL (DP, MC, TD), deep RL (DQN, DDPG, TD3, SAC, PPO), applications in industrial chemical process control, biochemical process control, energy systems, wastewater treatment, oil and gas; challenges and future directions.","RL can handle nonlinear, stochastic, and uncertain processes; deep RL improves over classical RL; RL can be applied to PID tuning, controller design, and optimization; challenges include sample efficiency, safety, stability, and interpretability.","Various process industries: chemical (CSTR, distillation, flotation), biochemical (fermentation, bioreactors), energy (HVAC, PEMFC), wastewater treatment (activated sludge, DO control), oil and gas (hydraulic fracturing, PSV).","RL-based PID tuning outperforms conventional methods; DDPG, TD3, SAC show strong performance in process control; RL in biochemical processes (DDPG, PPO, SAC) achieves improved product concentration; RL in energy systems reduces energy consumption; RL in wastewater treatment improves DO control; RL in oil and gas optimizes recovery.","RL still mostly laboratory experiments; limited real-world implementation; sample efficiency, safety, stability, reward design, ethical concerns remain challenges; integration with RNNs for partial observability needs investigation.","Safe RL with formal guarantees; integration of RL and RNNs for nonlinear partial observability; transfer learning and meta-learning for sample efficiency; uncertainty-aware RL; LLM-enhanced RL; multi-agent RL for large-scale systems.","Not Applicable","No: Survey paper; discusses fault detection but not focused on fault severity; process control and optimization.","rl-process-control-survey","Low: Survey paper; not directly addressing multi-tier orchestration or dynamic AI model complexity allocation for fault detection; provides comprehensive review.","Not directly aligned with RQ focus on fault detection; provides survey context.","Peer-reviewed","Key terms: Reinforcement learning; Process control; Deep RL; Actor-critic; PID tuning; Model predictive control (MPC); Chemical process control; Biochemical process control; Energy systems; Wastewater treatment.","Yes: Figure 1-10 (AI schematic, controller comparison, RL evolution, MDP, DQN, DDPG, TD3 architectures), Table 1-7 (RL vs RNN comparison, terminology, applications, challenges)."
"37-Hybrid Neural Ordinary Differential Equations for Data-Efficient Polymerization Modeling with Incomplete Kinetics","Almanasreh M, Mitsos A, Cramer E. Hybrid Neural Ordinary Differential Equations for Data-Efficient Polymerization Modeling with Incomplete Kinetics.","Framework-Model Proposal","Purely mechanistic polymerization models require labor-intensive parameterization; purely data-driven models demand large datasets; need to combine mechanistic knowledge with data-driven learning for data-efficient modeling under limited and noisy data.","Hybrid Neural ODE (NODE) for free-radical polymerization: mechanistic mass balances retained; neural network learns only the unresolved effective radical concentration governing monomer consumption; discrete-time FNN and purely data-driven NODE as benchmarks.","Mechanistic knowledge can constrain learning; learning only closure term reduces data requirements; hybrid NODE preserves continuous-time structure; embedding physics improves extrapolation and generalization.","Batch free-radical polymerization of methyl methacrylate (MMA); mechanistic simulator with pivot discretization; sparse, irregular, and noisy data scenarios.","Hybrid NODE achieves RMSE 0.013 (unseen recipe generalization) vs FNN (0.68) and data-driven NODE (0.31); outperforms under regular/irregular sampling and noisy data; maintains physical consistency and extrapolation; one order of magnitude improvement in generalization.","Evaluated on simulator-generated data only; practical systems add experimental noise, model mismatch, transport effects; limited to batch polymerization; requires mechanistic balances; hyperparameter tuning.","Experimental polymerization datasets; transport limitations and temperature dynamics; simultaneous prediction of conversion and molecular weight distributions; other reaction systems with partial mechanistic knowledge.","Dynamic + Justification: Uses NODE for continuous-time dynamics; handles time-series polymerization data.","Not Applicable","No: Focuses on polymerization modeling, not explicitly fault detection or severity; process modeling and prediction.","hybrid-node-polymerization","Low: Addresses hybrid modeling for polymerization, not directly multi-tier orchestration for fault detection; supports process modeling.","Not directly aligned with RQ focus on fault detection; addresses data-efficient modeling.","Peer-reviewed","Key terms: Neural Ordinary Differential Equations (NODE); Hybrid modeling; Free-radical polymerization; Physics-informed machine learning; Data-efficient modeling; MMA polymerization.","Yes: Figure 1-5 (NODE architecture, model comparison, results), Table 1-2 (training recipes, RMSE comparison)."
"38-LON~1","Zarzycki K, Ławryńczuk M. Long Short-Term Memory Neural Networks for Modeling Dynamical Processes and Predictive Control: A Hybrid Physics-Informed Approach. Sensors 2023, 23, 8898.","Framework-Model Proposal","Process measurements are limited to local operating points; first-principles models have imprecise parameters; need to combine physics-based and data-driven modeling to create robust models for predictive control.","Physics-informed hybrid neural network (PIHNN) with LSTM; fuzzy data fusion block combining multiple LSTM sub-models and FP model; two MPC approaches: nonlinear optimization (MPC-NO) and linearization-based (MPC-NPLPT) with quadratic optimization.","LSTM can model dynamical processes; fuzzy fusion can combine sub-models based on operating point; MPC-NPLPT can achieve similar control quality with less computation; PIHNN outperforms individual sub-models.","Polymerization reactor (NAMW control); two LSTM models for different operating ranges; FP model with 20% gain error; fuzzy membership functions (trapezoidal, sigmoidal, Gaussian).","PIHNN with Gaussian MFs achieves best MPC performance (error 2.935-2.741); MPC-NPLPT reduces computation time 4-5 times vs MPC-NO (from 140ms to ~24ms); PIHNN outperforms individual LSTM and FP models; optimized MFs improve modeling accuracy.","Requires multiple LSTM sub-models; fuzzy MF optimization needed; only tested on SISO process; FP model must be available; MPC-NPLPT requires model differentiability.","MIMO process extension; other decision model types in data fusion; online adaptation; real-time implementation; integration with industrial control systems.","Dynamic + Justification: Uses LSTM for dynamic modeling; MPC for predictive control; handles time-varying processes.","Not Applicable","No: Focuses on modeling and predictive control, not explicitly fault detection or severity; process control and optimization.","physics-informed-lstm-mpc","Low: Addresses hybrid modeling for MPC, not directly multi-tier orchestration for fault detection; supports process control.","Not directly aligned with RQ focus on fault detection; addresses modeling and control.","Peer-reviewed","Key terms: Physics-informed neural networks; LSTM; Model predictive control (MPC); Hybrid modeling; Fuzzy logic; Polymerization reactor; Nonlinear optimization.","Yes: Figure 1-4 (PIHNN architecture, LSTM structure), Figure 5-9 (modeling results, membership functions), Figure 10-12 (MPC results), Table 1-2 (error and computation time)."
"39-Physics-Informed Neural Networks for Process Systems- Handling Plant-Model Mismatch","Moayedi F, Chandrasekar A, Rasmussen S, Sarna S, Corbett B, Mhaskar P. Physics-Informed Neural Networks for Process Systems: Handling Plant-Model Mismatch. Industrial & Engineering Chemistry Research 2024, 63, 13650-13659.","Framework-Model Proposal","First-principles models have parametric mismatches; data-driven models fail to capture physical characteristics; need to leverage both with limited data to handle plant-model mismatch and improve predictive performance.","PINN combining data-driven RNN with physics-based model (ODEs); data loss (MSE between predictions and data) and physics loss (MSE between NN derivatives and ODE derivatives); Euler method for derivatives; handles plant-model mismatch with parametric scaling.","PINN can incorporate physical knowledge while using limited data; physics loss enforces constraints; PINN can correct for plant-model mismatch; outperforms purely data-driven and purely physics-based models.","Two CSTRs in series; first-principles model with parametric mismatch (volume, Arrhenius constant, heat capacity scaled by 0.7); 50 training points; noisy data.","PINN achieves MSE 2.305e-3 (CA1), 2.252e-4 (T1), 1.808e-3 (CA2), 2.421e-4 (T2) on test set; outperforms RNN and FPM with plant-model mismatch; correctly predicts physical behavior (changes to CSTR2 inlet don't affect CSTR1 output).","PINN performance depends on signal-to-noise ratio; may converge to FPM accuracy with high noise; requires differentiable ODEs; limited to systems with known physics; hyperparameter tuning (C1, C2 weights).","Explore PINN performance under different noise levels; application to more complex systems; online learning; integration with control; handling of incomplete physics models.","Dynamic + Justification: Uses RNN for dynamic modeling; ODE-based physics for time derivatives; handles dynamic process behavior.","Not Applicable","Yes: Plant-model mismatch can affect safety; process safety and control discussed.","pinn-plant-model-mismatch","High: Addresses dynamic allocation of AI model complexity; uses PINN for robust fault detection under model mismatch.","Aligns with RQ focus on dynamic resource allocation; handles uncertainty.","Peer-reviewed","Key terms: Physics-informed neural networks (PINN); Plant-model mismatch; Recurrent neural networks (RNN); CSTR; Data-driven modeling; Hybrid modeling.","Yes: Figure 1-8 (CSTR schematic, RNN/PINN architectures, results), Table 1-3 (parameters, MSE comparison)."
"40-Physics-Informed Neural Networks for Dynamic Process Operations with Limited Physical Knowledge and Data","Velioglu M, Zhai S, Rupprecht S, Mitsos A, Jupke A, Dahmen M. Physics-Informed Neural Networks for Dynamic Process Operations with Limited Physical Knowledge and Data.","Framework-Model Proposal","Need to estimate unmeasured process states when constitutive equations are unknown and data is limited; can PINNs infer such states by leveraging known physics equations and data on measured states?","PINN with semi-explicit DAE physics model; incidence matrix heuristic for state estimation capability; vanilla ANN benchmark; tested on Van de Vusse CSTR and liquid-liquid separator with varying physical knowledge and data availability.","PINN can estimate unmeasured states even if constitutive equations are unknown; incidence matrix heuristic can assess feasibility; more physics knowledge improves performance; adding relevant inputs (physical properties) improves estimation.","Van de Vusse CSTR and liquid-liquid separator; synthetic data from full mechanistic models; varying physical knowledge (mole balances, energy balances, reaction rates); varying data availability (low/high data regimes).","PINN outperforms vanilla ANN on all case studies; extrapolation error lower with more physics knowledge; PINN can estimate algebraic states (reaction rates, rate constants) with <10% MAPE; differential state estimation possible if incidence matrix full-column rank (T estimation works, TK estimation fails).","Incidence matrix heuristic not necessary/sufficient; PINN performance depends on data quality; requires differentiable physics; only tested on simulator data; computational cost of PINN training.","Implicit DAE models; improved heuristic based on observability theory; comparison with hybrid models; transformer-based PINN; experimental validation; online learning.","Dynamic + Justification: Uses PINN for dynamic process modeling; handles time-dependent states; semi-explicit DAE physics.","Not Applicable","No: Focuses on state estimation, not explicitly fault detection or severity; process modeling and state estimation.","pinn-state-estimation","Low: Addresses PINN for state estimation, not directly multi-tier orchestration for fault detection; supports process monitoring.","Not directly aligned with RQ focus on fault detection; addresses state estimation.","Peer-reviewed","Key terms: Physics-informed neural networks (PINN); State estimation; Semi-explicit DAE; Van de Vusse reactor; Liquid-liquid separator; Incidence matrix; Partial physical knowledge.","Yes: Figure 1-8 (PINN architectures, CSTR/separator schematics, results), Figure 9-16 (estimation results, extrapolation), Table 1-11 (case settings, results, comparisons)."
"41-Hybrid neural networks for improved chemical process modeling Bridging data-driven insights with physical co","Mousa J, Negny S, Ouaret R. Hybrid neural networks for improved chemical process modeling: Bridging data-driven insights with physical consistency.","Framework-Model Proposal","Standalone neural networks struggle to adhere to fundamental physical laws; existing hybrid methods rely on soft constraints; need for hard constraint enforcement without sacrificing computational efficiency or flexibility.","NN + NDR: neural network predictions post-processed by nonlinear data reconciliation (NDR) with hard physical constraints; NDR uses mean/covariance from ensemble predictions and nonlinear constraints (equilibrium, mass balance); compared with NN+KKT and KKT+PINN.","NN + NDR can strictly enforce physical laws; modular structure decouples prediction from constraint enforcement; hard constraints ensure physical consistency; outperforms soft-constraint methods; robust to noise and data scarcity.","Gibbs reactor (toluene hydrogenation) and integrated reactor-distillation process; equilibrium constant and mass balance constraints; noisy data and data scarcity scenarios.","NN+NDR achieves zero equilibrium constraint error vs NN (MAE 258,972); outperforms NN+KKT (MAE 8,876) and KKT+PINN (MAE 5,765) in constraint enforcement; robust to noise and 90% data reduction; maintains physical consistency even with sparse data and reduced inputs.","Requires good NN predictions for effective reconciliation; computational cost of ensemble predictions; NDR optimization can be non-convex; only tested on steady-state systems; requires known physical constraints.","Dynamic, time-dependent systems; integration with economic optimization; online adaptation; application to other chemical processes; improved handling of data scarcity.","Static + Justification: Focuses on steady-state reconciliation, not dynamic process modeling; uses ensemble NN predictions for static constraints.","Not Applicable","No: Focuses on constraint enforcement, not explicitly fault detection or severity; process modeling and data reconciliation.","nn-ndr-hybrid-modeling","Low: Addresses hybrid modeling for constraint enforcement, not directly multi-tier orchestration for fault detection; supports process modeling.","Not directly aligned with RQ focus on fault detection; addresses physical consistency.","Peer-reviewed","Key terms: Neural networks; Nonlinear data reconciliation (NDR); Karush-Kuhn-Tucker (KKT); Physics-informed neural networks (PINN); Hard constraints; Hybrid modeling; Gibbs reactor.","Yes: Figure 1-5 (Venn diagram, flowsheets, architectures), Figure 6-16 (results, error comparisons, robustness tests), Table 1 (comparison of hybrid methods)."
"42-Physics-informed recurrent neural network modeling for predictive control of nonlinear processes☆","Zheng Y, Hu C, Wang X, Wu Z. Physics-informed recurrent neural network modeling for predictive control of nonlinear processes. Journal of Process Control 2023, 128, 103005.","Framework-Model Proposal","ML models for MPC suffer from generalization issues due to limited training data; need to embed physical knowledge into RNN models to improve generalization and noise rejection.","PIRNN (physics-informed RNN): RNN with physics-guided loss function (ODE residuals); generalization error bound via Rademacher complexity; PIRNN-based LMPC; dropout for noise rejection; compared with standard RNN and purely physics-driven RNN.","Physics-informed loss improves generalization; dropout helps with noisy data; PIRNN outperforms standard RNN on extrapolation; generalization error bound depends on training loss, Rademacher complexity, and sample size.","CSTR with exothermic reaction; Gaussian measurement noise; limited training data near steady-state; collocation points across stability region.","PIRNN achieves near-perfect extrapolation vs standard RNN (fails beyond training range); PIRNN-based LMPC outperforms RNN-based LMPC (faster convergence, less oscillation); noise rejection better than purely physics-driven RNN; closed-loop stability guaranteed.","Requires known ODEs for physics loss; PIRNN performance depends on hyperparameter tuning (w_X, w_G); dropout may reduce model complexity; generalization bound may be conservative; only tested on CSTR.","Online PIRNN update for changing conditions; application to partially-known physics; other RNN variants (LSTM, GRU); real-time MPC implementation; handling of unmeasured states.","Dynamic + Justification: Uses RNN for dynamic modeling; physics loss for ODE constraints; MPC for predictive control.","Not Applicable","Yes: Process safety and stability discussed; measurement noise and disturbances considered.","pinn-rnn-mpc","High: Addresses dynamic allocation of AI model complexity; proposes PIRNN for robust control under noise.","Aligns with RQ focus on dynamic resource allocation; handles uncertainty.","Peer-reviewed","Key terms: Physics-informed neural networks (PINN); Recurrent neural networks (RNN); Model predictive control (MPC); Generalization error; Rademacher complexity; CSTR; Gaussian noise.","Yes: Figure 1-8 (PIRNN architecture, open-loop results, closed-loop comparisons), Table 1-2 (parameters, results)."
"43-Process structure-based recurrent neural network modeling for model predictive control of nonlinear processes","Wu Z, Rincon D, Christofides PD. Process structure-based recurrent neural network modeling for model predictive control of nonlinear processes. Journal of Process Control 2020, 89, 74-84.","Framework-Model Proposal","Fully-connected RNN models treat all inputs as affecting all outputs; chemical processes have known structural relationships (e.g., upstream affects downstream); need to incorporate a priori process knowledge into RNN architecture.","Three physics-based RNN approaches: hybrid model (RNN + first-principles), partially-connected RNN (based on input-output relationships), weight-constrained RNN (constraints on weights); RNN-based LMPC and LEMPC.","Partially-connected RNN reduces parameters and improves performance; weight constraints can enforce structural knowledge; hybrid model bridges first-principles and data; incorporating process knowledge improves approximation and control.","Two CSTRs in series; structural knowledge: inputs to CSTR1 affect CSTR1 outputs; inputs to CSTR2 affect both; 4 states, 4 manipulated inputs.","Partially-connected and weight-constrained RNN outperform fully-connected RNN on open-loop prediction (RMSE lower by orders of magnitude); RNN-LMPC using physics-based models converges faster (within 0.05h vs oscillations for F-RNN); RNN-LEMPC achieves higher economic profits.","Requires known input-output relationships; partially-connected architecture may not generalize to unknown relationships; weight constraints require careful tuning; hybrid model requires first-principles model; only tested on two CSTRs.","Extension to high-dimensional systems with sparsity regularization; relative gain array for input-output pairing; online RNN update for disturbances; ensemble learning; parallel computing for efficiency.","Dynamic + Justification: Uses RNN for dynamic modeling; handles process dynamics; MPC for predictive control.","Not Applicable","Yes: Process safety and stability discussed; closed-loop stability guaranteed.","process-structure-rnn-mpc","High: Addresses dynamic allocation of AI model complexity; uses process knowledge to improve RNN efficiency for MPC.","Aligns with RQ focus on dynamic resource allocation; integrates process knowledge.","Peer-reviewed","Key terms: Recurrent neural networks (RNN); Process structure; Model predictive control (MPC); Partially-connected RNN; Weight-constrained RNN; Hybrid model; CSTR.","Yes: Figure 1-4 (RNN architectures, process flow), Figure 5-8 (state profiles, Lyapunov values, economic profits), Table 1-2 (parameters, RMSE comparison)."
"44-Benchmarking Domain Adaptation for Chemical Processes on the Tennessee Eastman Process","Eduardo Fernandes Montesuma, Michela Mulas, Fred Ngolè Mboula, Francesco Corona, Antoine Souloumiac. Benchmarking Domain Adaptation for Chemical Processes on the Tennessee Eastman Process. 2023.","Empirical Study","Evaluating domain adaptation methods for fault diagnosis in chemical processes under distributional shift between production modes.","Proposed a benchmark based on TEP with data processing pipeline; tested 11 shallow and deep domain adaptation methods, with optimal transport-based techniques showing superiority.","Assumes faults are detected and labeled in source domain; target domain unlabeled; different modes induce distribution shifts.","Tennessee Eastman Process (TEP) simulations from Reinartz et al. (2021) with 28 faults, 6 modes, 34 continuous variables.","Optimal transport-based methods (OTDA, JDOT, WJDOT) outperform MMD and H-distance-based methods in single and multi-source DA.","Limited to TEP; small dataset size; ad-hoc interventions required; some methods show negative transfer between similar modes.","Extend to real industrial processes; explore adaptive curriculum learning; improve generalization with disentangled representation learning.","Static + justification: domain adaptation is performed offline on historical data from different production modes; the framework learns fixed mappings/classifiers per mode, not dynamically adapting in real-time.","Multi-tier + justification: TEP has multiple production modes (6) acting as source domains; multi-source DA methods leverage data from several modes to adapt to a target mode.","Yes + paraphrase: faults are process disturbances causing deviations; severity mentioned via fault magnitudes (25%, 50%, 75%, 100%) affecting system shutdown.","dynamic-edge-orchestration","High","Not determinable from single paper","Peer-reviewed (conference/workshop)","Domain adaptation, Optimal Transport, Wasserstein distance, MMD, H-distance, fault diagnosis, TEP.","Yes + description: Figures include TEP P&ID, correlation matrices, mode embeddings, and performance comparison plots (e.g., Fig. 4-9)."
"45-Smart filter aided domain adversarial neural network for fault diagnosis in noisy indust","Baorui Dai, Gaëtan Frusque, Tianfu Li, Qi Li, Olga Fink. Smart Filter-Aided Domain Adversarial Neural Network for Fault Diagnosis in Noisy Industrial Scenarios. 2023.","Framework-Model Proposal","Unsupervised domain adaptation for fault diagnosis under unknown noise levels and types between source and target domains, including simulation-to-real transfer.","Proposed SFDANN: smart filter (LWPT + WPT + guidance loss) to enforce time-frequency similarity, followed by DANN for domain-invariant feature learning.","Assumes source labels available, target unlabeled; noise levels/types unknown; source data may be noise-free or controlled, target noisy.","CWRU bearing dataset (modified with Gaussian noise, SNR 0/-5); self-collected axial piston pump dataset; slab track dataset (simulation-to-real).","SFDANN outperforms state-of-the-art UDA methods (JAN, MK-MMD, CORAL, DANN, CDANN) in noisy scenarios; achieves 96.3% avg accuracy at SNR=0 and 83.9% at SNR=-5 on CWRU.","Additional computational cost of smart filter; hyperparameter sensitivity; requires careful selection of decomposition layers and data input strategy.","Apply to partial domain adaptation; evaluate on other transfer tasks (e.g., different sensor types); extend to EEG/ECG and speech recognition.","Dynamic + justification: smart filter dynamically enforces similarity between source and target domains during training via guidance loss and adversarial learning; model adapts to changing noise conditions.","Single-tier + justification: framework transfers knowledge from a single labeled source domain to a single unlabeled target domain; no multi-tier architecture.","Yes + quote: ""unknown levels and types of noise can amplify the difficulty of domain alignment"" and ""severely affecting the diagnostic performance""; SNR metrics used.","dynamic-noise-robust-DA","High","Not determinable from single paper","Peer-reviewed (journal)","Learnable Wavelet Packet Transform (LWPT), Smart Filter, Domain Adversarial Neural Network (DANN), Guidance Loss, Unsupervised Domain Adaptation (UDA).","Yes + description: Figures include DANN architecture, LWPT/WPT structures, SFDANN framework, t-SNE visualizations, spectral analysis plots (Fig. 12-13)."
"46-Cross-Domain_Open_Set_Fault_Diagnosis_Based_on_Wei","Huaqing Wang, Zhitao Xu, Xingwei Tong, Liuyang Song. Cross-Domain Open Set Fault Diagnosis Based on Weighted Domain Adaptation with Double Classifiers. Sensors 2023, 23, 2137.","Framework-Model Proposal","Open-set fault diagnosis where target domain contains unknown fault classes not present in source, causing negative transfer and sample aliasing.","Proposed WDADC: weighting module based on JS divergence to assign weights to target samples; double classifiers to improve generalization via discrepancy maximization; weighted loss for positive transfer.","Assumes source labels available; target unlabeled; shared classes exist between domains; target may contain non-shared classes.","Laboratory gearbox dataset (6 fault types, 3 speeds); CWRU bearing dataset (4 types, 3 loads); IMS dataset; centrifugal pump dataset (industrial).","WDADC achieves 96.01% avg accuracy on gearbox, 98.53% on CWRU, 80.23% on cross-equipment tasks, outperforming DANN, CORAL, OpenMax, ANMAC, OSBP.","Computational cost higher due to similarity calculation; limited to rotating machinery; imbalance in real datasets may affect results.","Extend to imbalanced datasets; apply to more industrial scenarios; improve computational efficiency.","Static + justification: model is trained offline on historical data with fixed thresholds and weights; no online adaptation of the model itself.","Multi-tier + justification: experiments involve multiple source domains (different speeds/loads/equipment) and target domains; cross-equipment tasks are multi-tier.","No","open-set-weighting-double-classifier","High","Not determinable from single paper","Peer-reviewed (journal, MDPI Sensors)","Open set domain adaptation, JS divergence, Weighted domain adaptation, Double classifiers, Negative transfer, Shared/non-shared classes.","Yes + description: Figures include framework diagram, t-SNE visualizations, confusion matrices, test rig photos (Fig. 4-10)."
"47. A Model Transfer Learning Based Fault Diagnosis Method for Chemical Processes With Small Samples","Jun-Wei Zhu, Bo Wang, Xin Wang. A Model Transfer Learning Based Fault Diagnosis Method for Chemical Processes With Small Samples. 2023.","Framework-Model Proposal","Fault diagnosis in chemical processes with small samples; traditional methods require sufficient fault data, which is unrealistic.","Proposed SR-TL: data self-generating-based transfer learning (DSGTL) using SR-CGAN to generate fault samples; sample reconstruction-based CNN (SR-CNN) to extract spatial and temporal features; model-based TL to reduce dependency on generated data quality.","Assumes limited real fault samples; generated data distribution differs from real; faults propagate with time lag and spatial correlation.","Tennessee Eastman Process (TE) with 19 fault types; 31 variables; 20 training samples per fault.","SR-TL achieves 80.9% accuracy for 10 faults and 75.6% for 19 faults, outperforming MLP, GAN-MLP, DCNN, and Wasserstein-TL.","Performance depends on quality of generated samples; requires expert knowledge for sample reconstruction; not validated on real industrial processes.","Apply to real industrial processes; discuss deployment challenges.","Static + justification: model is trained offline using generated and real samples; no real-time dynamic adaptation; fine-tuning is performed offline on historical data.","Single-tier + justification: focuses on single-source domain (TE process) with multiple fault types; no multi-source or multi-tier domain adaptation.","No","small-sample-CNN-transfer","High","Not determinable from single paper","Peer-reviewed (journal)","Data self-generating-based transfer learning (DSGTL), Sample reconstruction-based CNN (SR-CNN), Generative adversarial network (GAN), Small sample learning, Spatial-temporal feature extraction.","Yes + description: Figures include SR-CGAN framework, SR-CNN structure, training loss/accuracy curves, confusion matrix, t-SNE visualization (Fig. 1-7)."
"48-Review of imbalanced fault diagnosis technology based on generative adversarial networks","Hualin Chen, Jianan Wei, Haisong Huang, Yage Yuan, Jiaxin Wang. Review of imbalanced fault diagnosis technology based on generative adversarial networks. 2024.","Survey","Imbalanced fault diagnosis in industrial settings; review of GAN-based techniques for handling various imbalance scenarios (noise, intra/inter-class, multi-class, time series).","Comprehensive review of GAN variants (unsupervised, supervised, semi-supervised) and their applications in imbalanced fault diagnosis; categorizes data forms (time series, frequency, images) and network structures.","Assumes GANs can generate realistic samples; imbalance problems are prevalent in industry; different GAN variants address different imbalance types.","Various: CWRU, IMS, PHM2010 milling cutter, planetary gearbox, centrifugal pump, HVAC systems, nuclear power, PV arrays, etc.","GAN-based methods effectively address small-sample imbalance; optimal transport-based and conditional GANs show superior performance; key trends: transfer learning, anomaly detection, digital twins.","GAN training instability, mode collapse, lack of interpretability, privacy concerns, limited real-world validation.","Develop adaptive curriculum learning; improve interpretability; integrate with federated learning; address multi-source multi-fault scenarios.","Dynamic + justification: review includes TimeGAN, WGAN, and conditional variants that can adapt to temporal dynamics; however, most methods are offline augmentation.","Multi-tier + justification: covers multi-source DA, multi-class imbalance, and cross-domain scenarios; many GAN variants support multi-tier setups.","Yes + paraphrase: severity mentioned in context of fault severity levels (e.g., inner/outer fault sizes) and imbalance ratios (e.g., 150:1).","GAN-based-imbalance-review","High","Not determinable from single paper","Peer-reviewed (journal)","GAN, Imbalanced fault diagnosis, Data augmentation, Transfer learning, Anomaly detection, Time series generation, Conditional GAN, Wasserstein GAN.","Yes + description: Figures include GAN structure, noise division methods, multi-class imbalance schematic, time series imbalance, process flow diagrams, application scenario summaries."
"49IMBA~1.MD","Peng Peng, Hanrong Zhang, Xinyue Wang, Wanqiu Huang, Hongwei Wang. Imbalanced Chemical Process Fault Diagnosis Using Balancing GAN With Active Sample Selection. 2023.","Framework-Model Proposal","Imbalanced fault diagnosis in chemical processes; existing GAN methods suffer from: 1) not utilizing label info, 2) blind addition of synthetic samples without quality assurance.","Proposed ALBAGAN: BAGAN (Balancing GAN) with conditional info to generate multiple minority-class samples simultaneously; active learning (AL)-based sample selection strategy to select informative samples; SAE-based DNN with weighted samples.","Assumes conditional information improves generation; generated samples vary in quality; informative samples are those near classification boundary.","Tennessee Eastman Process (TE) dataset (21 faults, 500 normal, 480 fault training samples).","ALBAGAN achieves 78.01% avg G-means for binary imbalanced tasks (10:1 ratio) and 99.23% for multiclass tasks, outperforming GAN, WGAN-GP, CGAN, ACGAN, BAGAN.","Requires threshold tuning for AL; weights for samples (W, W_OS, W_IS) are heuristic; limited to TE process.","Apply to few-shot learning; develop root cause analysis; handle out-of-distribution problems; extend to other fault diagnosis tasks.","Static + justification: BAGAN and DNN are trained offline; sample selection and weighting are offline; no online model adaptation.","Single-tier + justification: focuses on single-source domain (TE process) with multiple fault classes; no multi-tier or cross-domain adaptation.","No","BAGAN-active-learning","High","Not determinable from single paper","Peer-reviewed (journal, IEEE)","Balancing GAN (BAGAN), Active learning, Sample selection strategy, Stacked autoencoder (SAE), Imbalanced fault diagnosis, G-means.","Yes + description: Figures include BAGAN structure, t-SNE visualizations of generated samples before/after selection, augmented training set visualizations (Fig. 1-5)."
"50-A Gradient-Penalized Conditional TimeGAN Combined with Multi-Scale Importance-Aware Network for Fault Diagnosis Under Imbalanced .","Ranyang Deng, Dongning Chen, Chengyu Yao, Dongbo Hu, Qinggui Xian, Sheng Zhang. A Gradient-Penalized Conditional TimeGAN Combined with Multi-Scale Importance-Aware Network for Fault Diagnosis Under Imbalanced Data. Sensors 2025, 25, 6825.","Framework-Model Proposal","Imbalanced fault diagnosis in rotating machinery; TimeGAN suffers from unstable training and uncontrollable generation outcomes.","Proposed CTGAN-MSIN: CTGAN (Conditional TimeGAN with Wasserstein distance, gradient penalty, and conditional labels) for data augmentation; MSIN (Multi-scale Importance-aware Network) with MDSR (Multi-scale Depthwise Separable Residual) and SELA (Scale Enhanced Local Attention) for classification.","Assumes TimeGAN issues can be mitigated with Wasserstein distance and gradient penalty; multi-scale features have varying importance; depthwise separable convolutions reduce complexity.","HUST bearing dataset (4 states, 3900-4800 rpm); axial piston pump dataset (8 states, 15 MPa, 30 kHz).","CTGAN-MSIN achieves 98.75% accuracy on HUST bearing and 96.50% on piston pump at 15:1 imbalance ratio, outperforming CVAE, TimeVAE, SMOTE, GAN, WGAN, DCGAN, COT-GAN.","CTGAN training time relatively long; hyperparameters manually configured; not validated on very high-dimensional or streaming data.","Optimize CTGAN hyperparameters with algorithms; design lightweight GAN to reduce computational cost.","Dynamic + justification: CTGAN uses gradient penalty and conditional labels to dynamically generate high-quality fault samples; MSIN adaptively weights scale features; however, overall framework is offline training.","Single-tier + justification: each case study involves a single source domain (one dataset) with multiple fault types; no multi-tier or cross-domain transfer.","No","timeGAN-conditional-multiscale","High","Not determinable from single paper","Peer-reviewed (journal, MDPI Sensors)","Conditional TimeGAN, Wasserstein distance, Gradient penalty, Multi-scale Importance-aware Network, Depthwise Separable Residual, Scale Enhanced Local Attention.","Yes + description: Figures include TimeGAN/CTGAN structure, MDSR/SELA/MSIN architectures, t-SNE visualizations, confusion matrices, distribution plots (Fig. 1-21)."
"67-Explainable_Artificial_Intelligence_for_Fault_Diagnosis_of_Industrial_Processes","Kyojin Jang, Karl Ezra Salgado Pilario, Nayoung Lee, Il Moon, Jonggeol Na. Explainable Artificial Intelligence for Fault Diagnosis of Industrial Processes. IEEE Transactions on Industrial Informatics, 2023.","Framework-Model Proposal","Deep learning models for fault detection are black-box and lack interpretability, limiting trust and adoption in industrial settings.","Proposed framework: Adversarial Autoencoder (AAE) for fault detection with combined monitoring index (T^2 and SPE); SHAP values to explain fault diagnosis by allocating contributions of input variables to the monitoring index.","Assumes AAE provides state-of-the-art detection; SHAP can explain black-box models; combined monitoring index captures both latent and reconstruction space deviations.","Continuous Stirred-Tank Reactor (CSTR) with 11 faults; Tennessee Eastman (TE) process with 21 faults.","AAE-based model shows best F1 scores; SHAP-based fault diagnosis outperforms reconstruction-based contribution, eliminating smearing effect, isolating single and multiple faults, and distinguishing fault types via hierarchical clustering.","Computational cost of SHAP for high-dimensional data; uses kernel SHAP approximation; limited to causal effect estimation.","Develop XAI-based fault propagation method examining causal inference between fault status and physical behavior.","Static + justification: AAE and SHAP are trained offline on historical normal data; online monitoring uses fixed thresholds and base values; no dynamic model update.","Single-tier + justification: each case study involves a single process (CSTR or TE) with multiple fault types; no multi-tier or cross-domain adaptation.","Yes + paraphrase: severity mentioned via fault magnitudes and types; FDR/FAR/F1 scores quantify detection performance across faults.","XAI-SHAP-AAE","High","Not determinable from single paper","Peer-reviewed (journal, IEEE TII)","Explainable AI (XAI), Shapley additive explanations (SHAP), Adversarial autoencoder (AAE), Fault detection and diagnosis (FDD), Combined monitoring index, Smearing effect.","Yes + description: Figures include AAE architecture, SHAP workflow, contribution maps, SHAP value distributions, hierarchical clustering heatmaps (Fig. 1-6)."
"66-Explainable artificial intelligence in fault detection and diagnosis a review ","Ahmed Maged, Salah Haridy, Mohamed Hosny, Herman Shen. Explainable artificial intelligence in fault detection and diagnosis: a review of methods, applications, and implementation challenges. Journal of Industrial and Production Engineering, 2026.","Survey","Review of XAI methods for fault detection and diagnosis in manufacturing; aims to bridge gap between advanced fault detection models and practical adoption.","Systematic literature review of XAI techniques for industrial FDD; proposes taxonomy (model-agnostic, model-specific, hybrid rule-based); analyzes trends, methods, applications, challenges.","Assumes XAI is critical for trust in safety-critical settings; high accuracy alone insufficient; practitioners need interpretable decisions.","Various industrial applications: energy systems, rotating machinery, chemical processes, industrial automation, structural health monitoring.","SHAP and feature importance are most widely used; LIME has limited adoption due to scalability; model-specific methods enhance interpretability but face scalability challenges; DL-based XAI methods dominate after 2020.","High computational cost, restricted real-time performance, scalability constraints, lack of standardized evaluation metrics for explanation quality.","Develop unified metrics and benchmarks for explanation quality; integrate XAI into real-time FDD systems; address generalization, uncertainty quantification, human-centered studies.","Dynamic + justification: XAI methods can be applied online to explain real-time predictions; however, most industrial applications use static post-hoc explanations.","Single-tier + justification: review covers FDD across various industrial domains but does not focus on multi-tier architectures.","Yes + paraphrase: severity mentioned in context of fault classification and risk assessment; safety-critical applications emphasized.","XAI-FDD-review","High","Not determinable from single paper","Peer-reviewed (journal)","Explainable AI (XAI), Fault detection and diagnosis (FDD), Interpretable machine learning, Model-agnostic, Model-specific, SHAP, LIME, CAM, LRP, CBR, PDP, ICE.","Yes + description: Figures include XAI operational framework, taxonomy diagram, scatter plot matrix, feature importance, LIME/SHAP plots, PDP/ICE curves, trend analyses."
"65-CUR~1.MD","Yu Wang, Jie Gao, Wei Wang, Xu Yang, Jinsong Du. Curriculum learning-based domain generalization for cross-domain fault diagnosis with category shift. 2024.","Framework-Model Proposal","Cross-domain fault diagnosis under category shift (source-category-shift and target-category-shift) where source domains have incomplete label spaces and target domain includes unknown faults.","Proposed CLDG: mixup-based reciprocal point learning (RPL) classifier for target-category-shift; conditional domain discriminator for domain shift; curriculum learning strategy to use high-observation-degree categories to guide low-observation-degree category feature extraction.","Assumes category observation degree reflects category prevalence across source domains; normal samples available in all source domains; unknown classes exist in target.","KAT bearing dataset (4 working conditions, 9 categories); DIRG bearing dataset (6 working conditions, 7 categories).","CLDG outperforms ERM, MMD, MADA, LRDG, AOSDGN, DCTN, GlocalNet, MTCCS; achieves 90.60% ACC_M and 88.85% ACC_T on KAT; 85.95% ACC_M and 85.06% ACC_T on DIRG.","Curriculum learning strategy lacks intelligence; performance degrades when most categories are private; current two-phase training may not scale.","Develop adaptive curriculum learning; optimize algorithm using shared and non-shared categorical information; use disentangled representation learning.","Dynamic + justification: domain generalization aims to handle unseen target domains; curriculum learning dynamically trains categories in phases; however, overall framework is offline.","Multi-tier + justification: multiple source domains (K=3 or 5) with incomplete label spaces; target domain is unseen; category shift across sources and target.","No","curriculum-learning-category-shift","High","Not determinable from single paper","Peer-reviewed (journal)","Domain generalization, Category shift, Curriculum learning, Reciprocal point learning, Conditional domain discriminator, Source-category-shift, Target-category-shift.","Yes + description: Figures include domain generalization settings, network architecture, mixup-based RPL, curriculum learning strategy, feature visualizations, confusion matrices."
"64-CHE~1.MD","Pınar Özdemir, Ramazan Yıldırım. ML@ChemE: Past, Present, and Future of Machine Learning in Chemical Engineering. 2025.","Survey","Review of machine learning applications in chemical engineering, covering evolution, current state, and future directions.","Comprehensive review of ML in ChemE: historical perspective, data structures, algorithms, applications (material discovery, property estimation, process performance, monitoring/control); discusses generative AI, LLMs, and challenges.","Assumes ML is indispensable in ChemE; data is the new oil; future will see more generative AI, physics-informed ML, transfer learning, and field-specific databases.","Various ChemE applications: catalysis, batteries, solar cells, biofuels, reaction networks, thermodynamic property estimation, process control, fault detection.","ML applications have grown exponentially; initial focus on fault detection/signal processing; now spread to material development, property estimation, performance analysis; LLMs and generative AI are rising.","Data quality and availability; implementation challenges; legal/ethical issues; high cost of large AI models; interpretability concerns.","Develop field-specific databases; hybrid/physics-informed ML; transfer learning; automated ML; integrate LLMs and generative AI; address regulatory and ethical challenges.","Static + justification: review covers both static and dynamic ML models; however, most ChemE ML applications are offline/static.","Multi-tier + justification: ChemE applications range from molecular to plant-wide; multi-tier modeling is discussed (e.g., hybrid models, multi-scale).","No","ChemE-ML-review","Medium","Not determinable from single paper","Peer-reviewed (journal)","Machine learning, Chemical engineering, Artificial intelligence, Generative AI, Large language models (LLMs), Hybrid modeling, Physics-informed ML, Transfer learning.","Yes + description: Figures include publication trends, ML applications in ChemE areas, implementation steps, Sankey diagrams, future directions."
"63-Challenges and opportunities of deep learning-based process fault.md","Jianbo Yu, Yue Zhang. Challenges and opportunities of deep learning-based process fault detection and diagnosis: a review. 2023.","Survey","Review of deep learning-based fault detection and diagnosis in complex process industries; covers traditional methods, deep learning techniques, and future directions.","Systematic review of process FDD: traditional data projection and machine learning methods; deep learning architectures (AE, CNN, RNN, DBN, GAN, transfer learning, CapsNet, GNN, DGP, DGMM); discusses challenges and developing route.","Assumes deep learning outperforms traditional methods for feature extraction; data imbalance, small samples, and complex process characteristics are major challenges.","Tennessee Eastman Process (TEP), Fed-batch fermentation penicillin process (FBFP), CSTR, semiconductor manufacturing, grinding, boring, laminar cooling, assembly, aluminum smelting, etc.","Deep learning (AE, CNN, RNN, DBN) shows superior feature learning; transfer learning and GAN address small sample/imbalance; CapsNet, GNN, DGP, DGMM provide new ideas; future directions include edge computing, interpretability, large-scale neural networks.","Training instability, mode collapse, lack of interpretability, high computational cost, limited real-time performance, data imbalance, missing labels.","Optimize deep network structures; edge computing; transfer learning/GAN for FDD; GNN for relationship modeling; interpretability and visualization; large-scale neural network compression.","Dynamic + justification: review covers dynamic process monitoring methods (RNN, LSTM, Gated recurrent units) but most deep learning FDD is offline.","Multi-tier + justification: process industries include continuous, batch, multimode processes; multi-tier monitoring and transfer learning are discussed.","Yes + paraphrase: severity mentioned via fault types, magnitudes, and FDR/FAR metrics.","DL-process-FDD-review","High","Not determinable from single paper","Peer-reviewed (journal)","Deep learning, Process fault detection and diagnosis, Autoencoder (AE), Convolutional neural network (CNN), Recurrent neural network (RNN), Deep belief network (DBN), Transfer learning, Generative adversarial network (GAN), Capsule network, Graph neural network.","Yes + description: Figures include ML methods taxonomy, deep learning development, AE/CNN/RNN/DBN structures, fault detection/diagnosis procedures, developing route."
"62-A_hybrid soft sensor framework for real-time biodiesel yield prediction- Integrating mechanistic model","Mustafa Kamal Pasha, Lingmei Dai, Dehua Liu, Wei Du, Miao Guo. A hybrid soft sensor framework for real-time biodiesel yield prediction: Integrating mechanistic models and machine learning algorithms. Renewable Energy, 2024.","Framework-Model Proposal","Real-time biodiesel yield prediction; traditional methods are labor-intensive and lack real-time capabilities; data-driven methods require extensive high-quality datasets.","Proposed hybrid soft sensor: mechanistic model (Aspen PLUS®) generates computational data via MATLAB®; dataset of 1500 samples with 7 inputs (catalyst type, feedstock type, temperature, reaction time, FFA, water, methanol-to-oil) and 1 output (yield); trained ANN, RFR, SVR.","Assumes mechanistic models can generate reliable data; random sampling covers process variability; ANN is best for yield prediction.","IndPenSim penicillin fermentation (Raman-based PAA soft sensor); ammonia synthesis HLT unit (residual CO prediction).","ANN achieves R^2=0.998, RMSE=0.303; hyperparameter tuning reduces RMSE by 63% and MAE by 61.7%; feature importance: water content (28%), feedstock type (22%), temperature (21%).","Limited to specific feedstocks/catalysts; requires domain knowledge for mechanistic model; not validated on industrial scale.","Expand dataset to broader feedstocks and catalysts; develop more generalized model; apply to other process fault diagnoses.","Static + justification: soft sensor is trained offline on generated data; online prediction uses fixed model; no dynamic model adaptation.","Single-tier + justification: focuses on single-source domain (biodiesel production) with multiple inputs; no multi-tier or cross-domain transfer.","No","hybrid-soft-sensor-biodiesel","Medium","Not determinable from single paper","Peer-reviewed (journal, Renewable Energy)","Hybrid soft sensor, Mechanistic model, Machine learning, Artificial neural network (ANN), Random forest regression (RFR), Support vector regression (SVR), Biodiesel yield prediction.","Yes + description: Figures include soft sensor development framework, process flow diagrams, MATLAB-Aspen integration, Pearson correlation heatmap, model performance plots, feature importance."
"61-A comprehensive hybrid first principles - machine learning modeling","Bei Sun, Chunhua Yang, Yalin Wang, Weihua Gui, Ian Craig, Laurentz Olivier. A comprehensive hybrid first principles/machine learning modeling framework for complex industrial processes. Journal of Process Control, 2020.","Framework-Model Proposal","Complex industrial processes have multimodal and time-varying dynamics; traditional first-principle and pure data-driven models have limitations.","Proposed Comprehensive State Space (CSS) descriptive system; hybrid first principles/machine learning model: nominal term (FPM) + deviation term (regression on deep process features from SAE); process dynamics modeled as weighted sum of sub-models with probabilities from LR classifier.","Assumes CSS covers essential influence factors (output states, inlet conditions, reaction conditions); deep features can be extracted via SAE; sub-models correspond to operating conditions.","Cobalt removal process in zinc hydrometallurgy (4 reactors, 26 variables, 1050 samples).","CSS-based hybrid model outperforms nominal kinetic model and pure data-driven model; ARE for 4 reactors: 5.7%, 4.02%, 3.33%, 7.90%; Fisher information increases from 10^4 to 10^15.","Requires expert knowledge for sample reconstruction; subspaces lack clear physical meaning; not validated on other processes.","Generate subspaces with concrete physical meanings; transform system dynamics into LTV format using U-model; integrate modeling, control, and estimation in interactive framework.","Dynamic + justification: process dynamics modeled as weighted sum of sub-models; weights update with movement of operating point in CSS; captures time-varying and multimodal dynamics.","Multi-tier + justification: CSS divides process into subspaces (sub-models) for different operating conditions; multi-tier (multi-mode) monitoring and modeling.","No","CSS-hybrid-modeling","High","Not determinable from single paper","Peer-reviewed (journal, Journal of Process Control)","Comprehensive state space (CSS), Hybrid modeling, First principles model, Machine learning, Stacked autoencoder (SAE), Multimodal process, Deep feature extraction.","Yes + description: Figures include CSS illustration, deep feature extraction, subspace partitioning, hybrid modeling framework, cobalt removal process diagram, performance comparison plots."
"60-Fault Detection and Diagnosis in Industry 4.0 A Review on Challenges and Opportunities","Denis Leite, Emmanuel Andrade, Diego Rativa, Alexandre M. A. Maciel. Fault Detection and Diagnosis in Industry 4.0: A Review on Challenges and Opportunities. Sensors 2025, 25, 60.","Survey","Review of ML-based Real-Time Fault Detection and Diagnosis (RT-FDD) in Industry 4.0; identifies challenges and opportunities for bridging theoretical advancements and practical implementation.","Systematic literature review of ML-based RT-FDD; categorizes studies into six groups: (1) Data and Process Complexity, (2) Early Anomaly/Novel Fault Detection, (3) New/Improved/Hybrid Approaches, (4) Shop-floor Implementation, (5) Lack of Labeled Data, (6) Explainability/Interpretability.","Assumes RT-FDD is critical for reliability; ML-based methods offer benefits but face challenges in data quality, interpretability, and integration.","Various industrial domains: semiconductor manufacturing, injection molding, dyeing, chemical plants, cyber-physical systems, rotating machinery.","29 noteworthy studies identified; trends: growing interest (14 new studies in 2022-2023); AutoML, XAI, hybrid methods emerging; shortage of standardized datasets and comparative evaluations.","Lack of benchmark datasets; limited real-world implementation outcomes; fragmentation in research; need for standardized evaluation metrics.","Develop standardized datasets; refine techniques for unbalanced data and feature extraction; implement XAI tailored to industrial FDD; emphasize comprehensive comparative evaluations.","Dynamic + justification: review covers real-time FDD methods; however, most ML-based FDD is offline with static models; real-time capabilities are a key challenge.","Single-tier + justification: review covers both continuous and discrete manufacturing but does not focus on multi-tier architectures.","Yes + paraphrase: severity mentioned in context of fault types, anomalies, and safety-critical applications.","Industry4.0-FDD-review","High","Not determinable from single paper","Peer-reviewed (journal, MDPI Sensors)","Industry 4.0, Fault detection and diagnosis (FDD), Machine learning, Real-time, AutoML, Explainable AI (XAI), Imbalanced data.","Yes + description: Figures include FDD domain diagram, Venn diagram, study selection flowcharts, publication trends, taxonomy, confusion matrices."
"59-Deep Learning Techniques in Intelligent Fault Diagnosis and Prognosis for Industrial Systems A Review","Shaohua Qiu, Xiaopeng Cui, Zuowei Ping, Nanliang Shan, Zhong Li, Xianqiang Bao, Xinghua Xu. Deep Learning Techniques in Intelligent Fault Diagnosis and Prognosis for Industrial Systems: A Review. Sensors 2023, 23, 1305.","Survey","Review of deep learning techniques for fault diagnosis and prognosis (FDP) in industrial systems; covers emerging architectures (GAN, Transformer, GNN) and challenges.","Systematic review of DL-based FDP: problem formulations; unsupervised methods (AE, GAN) and supervised methods (DBN, RNN, CNN, Transformer, GNN); discusses challenges: imbalanced data, compound faults, multimodal fusion, edge implementation.","Assumes DL provides powerful feature representation; FDP can be formulated as classification (diagnosis) and regression (prognosis); emerging architectures offer new opportunities.","Various: rotating machinery, bearings, gearboxes, wind turbines, power transformers, aircraft engines, nuclear power machinery, photovoltaic systems, Tennessee Eastman process.","CNN-based methods dominate; GANs effective for data generation and cross-domain adaptation; Transformers and GNNs emerging; challenges include data imbalance, compound faults, multimodal fusion, edge implementation.","Training instability, mode collapse, lack of interpretability, high computational cost, limited real-time performance, data imbalance, missing labels.","Task-level transfer learning; data-level augmentation (GANs); model-level meta-learning; compound fault decoupling; multimodal fusion; lightweight models for edge; physics-informed DL.","Dynamic + justification: review covers dynamic methods (RNN, LSTM) for time-series; however, most DL-based FDP is offline training with static models.","Single-tier + justification: review covers single-domain and cross-domain FDP but does not focus on multi-tier architectures; transfer learning for cross-domain is discussed.","Yes + paraphrase: severity mentioned via fault types, magnitudes, and RUL estimation.","DL-FDP-review","High","Not determinable from single paper","Peer-reviewed (journal, MDPI Sensors)","Fault diagnosis, Fault prognosis, Deep learning, Generative adversarial network (GAN), Transformer, Graph neural network (GNN), Autoencoder (AE), Convolutional neural network (CNN), Recurrent neural network (RNN).","Yes + description: Figures include DL architectures, comparison of RNN/LSTM/GRU units, CNN structure, GAN/GNN/Transformer frameworks, publication trends."
"58-Machine learning for industrial sensing and control A survey and practical perspective","Nathan P. Lawrence, Seshu Kumar Damarla, Jong Woo Kim, Aditya Tulsyan, Faraz Amjad, Kai Wang, Benoit Chachuat, Jong Min Lee, Biao Huang, R. Bhushan Gopaluni. Machine learning for industrial sensing and control: A survey and practical perspective. 2024.","Survey","Survey of machine learning techniques for industrial sensing (soft sensing) and control (optimization, MPC, reinforcement learning) with a practical perspective on successes and challenges.","Comprehensive review: hybrid modeling framework; soft sensing trends (2015-2023) showing dominance of ANN, PLS, SVM; process control: hybrid modeling with mathematical programming, reinforcement learning; discusses industrial requirements and challenges.","Assumes ML has seen practical success in soft sensing; control applications are more research-oriented; hybrid models and RL are emerging.","Soft sensing: various process industries (refineries, steel, polymer, cement); control: CSTR, distillation, bioreactor, HVAC, polymerization, etc.","Soft sensing: ANN (47.72%), PLS (11.38%), SVM (7.53%); deep learning rising but limited industrial use; control: RL shows promise but sparse real-world validation; hybrid models improve extrapolation and accuracy.","Computational cost of deep learning; lack of labeled data; model maintenance; RL challenges: sample efficiency, stability, interpretability, real-time deployment.","Develop field-specific databases; physics-informed ML; transfer learning; automated ML; meta-RL; offline RL; integrate XAI and uncertainty quantification.","Dynamic + justification: covers dynamic methods (RL, MPC, adaptive soft sensors) but most industrial applications are offline/static.","Multi-tier + justification: covers multi-tier modeling (hybrid models, hierarchical control) and multi-source data fusion.","No","industrial-ML-survey","High","Not determinable from single paper","Peer-reviewed (journal)","Machine learning, Soft sensing, Process control, Hybrid modeling, Reinforcement learning, Model predictive control (MPC), Deep learning, Statistical learning.","Yes + description: Figures include hybrid modeling typology, soft sensor trends, RL vs. mathematical programming comparison, application diagrams."
"57-Interpretable and explainable machine learning methods for predictive process monitoring","Nijat Mehdiyev, Maxim Majlatow, Peter Fettke. Interpretable and explainable machine learning methods for predictive process monitoring: a systematic literature review. 2025.","Survey","Systematic literature review of explainable and interpretable ML methods for predictive process monitoring (PPM); aims to provide structured panorama, taxonomy, and research agenda.","PRISMA-based SLR of 107 studies; distinguishes intrinsically interpretable models (white-box: decision trees, regression, Bayesian, k-NN) and post-hoc explanation techniques (SHAP, LIME, LRP, PDP, ICE, counterfactuals); evaluates application domains, datasets, tasks, and explanation quality.","Assumes explainability is critical for trust in PPM; post-hoc methods dominate; evaluation of explanations is underdeveloped.","Finance (55), healthcare (31), customer support (25), manufacturing (16), government, insurance; BPIC datasets (2011-2020), Helpdesk, Production, Sepsis, Road Traffic Fine Management.","Process outcome prediction dominates (60%); SHAP (19%) and feature importance (17%) most used; graphical tools preferred; evaluation often omitted; only 18/107 studies formally evaluate XAI.","Lack of standardized evaluation metrics; limited human-grounded studies; domain shift; encoding selection bias; rare real-world validation.","Integrate XAI with uncertainty quantification, privacy, fairness; combine with LLMs; extend to streaming and object-centric process mining; develop adaptive and real-time explanation systems.","Dynamic + justification: review covers both static and dynamic PPM; however, most XAI in PPM is static/post-hoc; real-time/streaming explanations are a future direction.","Single-tier + justification: review focuses on single-domain PPM; multi-tier/object-centric PPM is identified as future work.","No","PPM-XAI-review","Medium","Not determinable from single paper","Peer-reviewed (journal)","Predictive process monitoring (PPM), Explainable AI (XAI), Interpretable machine learning, SHAP, LIME, LRP, Counterfactual explanations, Process mining, Business process management.","Yes + description: Figures include PRISMA flow, publication trends, keyword analysis, Sankey diagrams, taxonomy, SHAP/LIME/PDP examples, evaluation categorization."
"56-Explainable AI for industrial fault diagnosis A systematic review","J. Cação, J. Santos, M. Antunes. Explainable AI for industrial fault diagnosis: A systematic review. Journal of Industrial Information Integration, 2025.","Survey","Systematic review of XAI methods for industrial fault diagnosis; proposes novel taxonomy for XAI methods tailored to industrial use cases, focusing on practical implementation, output presentation, and evaluation.","PRISMA-based SLR of 33 studies (2020-2024); proposes taxonomy based on model transparency, generalisability, scope, explanation output, and methodology; analyzes applications, XAI methods, output presentation tools, and evaluation approaches.","Assumes XAI is critical for trust, interpretability, and auditability in Industry 5.0; post-hoc feature attribution methods dominate; graphical tools are preferred; evaluation is underdeveloped.","Manufacturing (39.5%), cybersecurity (15.2%), chemical, pharmaceutical, healthcare, aerospace, energy; datasets: CSTR, TE, bearing, rotating machinery, intrusion detection.","SHAP most used (13/33), GradCAM (5/33); post-hoc methods dominate (86.7%); feature attribution (93.9%); graphical tools (84.8%); only 27.3% use numerical indicators; human feedback rare.","Lack of standardized evaluation frameworks; limited human-grounded studies; performance vs. interpretability trade-off; regulatory compliance (EU AI Act) challenges.","Develop hybrid XAI frameworks; multimodal explanations; user-centric evaluation platforms; inherently interpretable models; integrate XAI across AI lifecycle; regulatory alignment.","Dynamic + justification: review covers both static and dynamic XAI methods; however, industrial implementations are mostly static/post-hoc.","Single-tier + justification: review covers single-domain industrial fault diagnosis; multi-tier not explicitly addressed.","Yes + paraphrase: severity mentioned in safety-critical applications; regulatory requirements (EU AI Act) emphasize robustness and transparency.","XAI-fault-diagnosis-review","High","Not determinable from single paper","Peer-reviewed (journal, Journal of Industrial Information Integration)","Explainable AI (XAI), Fault diagnosis, Industry 5.0, Interpretability, Taxonomy, SHAP, GradCAM, Post-hoc explanation, Feature attribution.","Yes + description: Figures include XAI taxonomy, PRISMA flow, publication trends, Sankey diagrams, XAI method classification, graphical tool classification, tables of methods and metrics."
"55-Unsupervised Anomaly Detection in Process-Complex Industrial Time Series A Real-World Case Study","Sergej Krasnikov, Lukas Meitz, Samineh Bagheri, Michael Heider, Thorsten Schöler, Jörg Hähner. Unsupervised Anomaly Detection in Process-Complex Industrial Time Series: A Real-World Case Study. 2024.","Empirical Study","Evaluate anomaly detection methods on real-world industrial time-series with pronounced process-induced complexity (non-periodic, multi-stage, heterogeneous sensors); compare classical vs. representation-learning models.","Empirical study on proprietary dataset from 118 machines; compares Isolation Forest (baseline) with 6 AE architectures: TCN-AE, LSTM-AE, GRU-AE, TCN-VAE, LSTM-VAE, GRU-VAE; evaluates reconstruction and anomaly detection performance.","Assumes process-complex data violates stationarity; classical methods fail; autoencoders can capture temporal dependencies; TCN-AE is most robust.","Proprietary industrial dataset from 118 field-deployed machines, 334 process instances, multivariate time-series with non-periodic, multi-scale dynamics.","IF fails (F1=0.120); TCN-AE best (F1=0.991, MSE=0.22e-4); GRU-AE (0.918), LSTM-AE (0.853); VAEs underperform standard AEs; TCN-AE most robust to hyperparameters.","Limited to single proprietary dataset; no public benchmark comparison; model set restricted to AE-based architectures; no transformer/attention-based methods.","Apply to public benchmarks; investigate transformer-based AEs; explore hybrid approaches; address scalability and real-time deployment.","Dynamic + justification: autoencoders are trained on normal data to reconstruct sequences; however, training is offline; online anomaly detection uses fixed reconstruction error threshold.","Single-tier + justification: focuses on single-domain (one industrial process) with multiple sensors; no multi-tier or cross-domain transfer.","No","process-complex-AE-AD","Medium","Not determinable from single paper","Peer-reviewed (conference)","Unsupervised anomaly detection, Industrial time series, Autoencoder (AE), Temporal convolutional network (TCN), Long short-term memory (LSTM), Gated recurrent unit (GRU), Variational autoencoder (VAE), Isolation Forest.","Yes + description: Figures include process sample plot, F1-score distributions, model performance tables."
"54-ACO~1.MD","Peng Yan, Matthias Rosenthal, Ahmed Abdulkadir, Gerrit A. Schatte, Paul-Philipp Luley, Benjamin F. Grewe, Thilo Stadelmann. A Comprehensive Survey of Deep Transfer Learning for Anomaly Detection in Industrial Time Series: Methods, Applications, and Directions. 2024.","Survey","Survey of deep transfer learning for anomaly detection in industrial time series; provides taxonomy of transfer learning problem settings and deep transfer learning approaches, reviews applications in manufacturing, predictive maintenance, energy, infrastructure.","Non-systematic application-oriented review of deep transfer learning for industrial time series anomaly detection; categorizes deep transfer learning into instance transfer, parameter transfer, mapping transfer, domain-adversarial transfer; reviews applications and provides practical guidelines.","Assumes transfer learning is key for dynamic industrial environments; parameter transfer dominates; data scarcity and domain shift are main challenges.","Manufacturing process monitoring (injection molding, metal forming, casting), predictive maintenance (bearings, motors, turbines), energy management (power consumption, building energy), infrastructure monitoring (bridges, networks, aircraft).","Parameter transfer most used (simplest); mapping transfer and adversarial transfer less common; inductive transfer learning dominates; CNNs, LSTMs, autoencoders favored; limited use of Transformers, GANs, diffusion models.","Lack of public datasets; domain shift; label availability/reliability; missing data; negative transfer; limited use of advanced DTL methods; scalability and interpretability.","Automatic selection of transferable features; invest in advanced DTL schemes and DNN models; data-centric approach; leverage generative AI; integrate with meta-learning, federated learning.","Dynamic + justification: transfer learning adapts models to new domains; however, most industrial applications use static transfer (offline fine-tuning); real-time adaptation is future work.","Multi-tier + justification: multiple source domains with category shift; multi-source transfer learning is discussed; however, most applications are single-source.","No","DTL-AD-survey","High","Not determinable from single paper","Peer-reviewed (conference/workshop)","Deep transfer learning, Anomaly detection, Industrial time series, Domain adaptation, Parameter transfer, Instance transfer, Mapping transfer, Adversarial transfer.","Yes + description: Figures include taxonomy, Sankey diagrams, anomaly type illustrations, application tables, implementation guidelines."
"53-Deep Learning for Time Series Anomaly Detection A Survey","Zahra Zamanzadeh Darban, Geoffrey I. Webb, Shirui Pan, Charu C. Aggarwal, Mahsa Salehi. Deep Learning for Time Series Anomaly Detection: A Survey. 2023.","Survey","Comprehensive survey of deep learning for time series anomaly detection; provides taxonomy based on anomaly detection strategies (forecasting, reconstruction, representation, hybrid) and deep learning architectures; reviews datasets, metrics, interpretability, and applications.","Structured taxonomy of TSAD methods; categorizes models by approach and architecture; discusses evaluation metrics, interpretability metrics, datasets, and application domains; provides model selection guidelines.","Assumes deep learning can learn expressive representations; anomalies are rare and unpredictable; unsupervised/semi-supervised approaches dominate due to lack of labels.","Various: computer networks, medicine/health, IoT, server monitoring, urban events, astronomy, aerospace, natural disasters, energy, industrial control systems, robotics, environmental management.","64 recent deep models reviewed; forecasting-based and reconstruction-based are main approaches; RNN/LSTM, CNN, AE/VAE, GAN, Transformer, GNN, HTM architectures used; representation-based and hybrid models emerging.","Training instability, mode collapse, lack of interpretability, high computational cost, data imbalance, non-stationarity, noisy data, periodic anomalies.","Online/incremental learning; handling high-dimensional MTS; minimizing false positives; improving interpretability; detecting periodic subsequence anomalies; developing robust models for noisy data.","Dynamic + justification: survey covers both static and dynamic models; many TSAD methods are offline; online/incremental learning is a future challenge.","Single-tier + justification: survey covers univariate and multivariate TSAD but does not focus on multi-tier architectures.","Yes + paraphrase: severity mentioned via anomaly types (point, contextual, seasonal, trend, shapelet, intermetric) and evaluation metrics (MTTD, coverage).","TSAD-deep-learning-survey","High","Not determinable from single paper","Peer-reviewed (journal)","Time series anomaly detection, Deep learning, Forecasting, Reconstruction, Representation learning, Hybrid models, Convolutional neural network (CNN), Recurrent neural network (RNN), Autoencoder (AE), Variational autoencoder (VAE), Generative adversarial network (GAN), Transformer, Graph neural network (GNN).","Yes + description: Figures include taxonomy, anomaly type illustrations, deep learning architectures (RNN, CNN, GNN, HTM, Transformer, AE, VAE, GAN), model comparison plots, dataset tables."
"52-TOW~1.MD","Yiran Ma, Jerome Le Ny, Zhichao Chen, Zhihuan Song. Towards Intrinsically Calibrated Uncertainty Quantification in Industrial Data-Driven Models via Diffusion Sampler. 2025.","Framework-Model Proposal","Uncertainty quantification (UQ) in industrial data-driven models; existing methods require post-hoc calibration due to systematic bias; goal is intrinsically calibrated predictive uncertainty.","Proposed DiffUQ: probabilistic regression model with neural networks for mean and precision; posterior sampling via diffusion sampler (Schrödinger bridge / stochastic optimal control); posterior predictive distribution via Monte Carlo aggregation.","Assumes diffusion sampler can faithfully represent complex posteriors; no post-hoc calibration needed; diffusion sampler robust to hyperparameters.","Synthetic toy distributions (smiley-face, funnel); IndPenSim penicillin fermentation (Raman-based PAA soft sensor); real-world ammonia synthesis HLT unit (residual CO prediction).","DiffUQ outperforms MC Dropout, Deep Ensembles, MFVI, SGLD, SVGD in NLL, ECE, MCE, MSE, MAE, R^2; achieves best calibration without post-hoc calibration; robust to hyperparameters (Δt, γ).","Computational cost of SDE simulation; requires careful network capacity selection; not validated on very high-dimensional or streaming data.","Develop more efficient training strategies; explore other diffusion samplers (DDS, Adjoint Sampling); apply to broader industrial applications.","Dynamic + justification: diffusion sampler learns a controlled SDE to sample from posterior; however, training is offline; online inference uses fixed model; no real-time model update.","Single-tier + justification: focuses on single-domain industrial models (Raman-based PAA, ammonia synthesis); no multi-tier or cross-domain transfer.","No","diffusion-UQ","High","Not determinable from single paper","Peer-reviewed (journal)","Uncertainty quantification (UQ), Diffusion sampler, Schrödinger bridge, Stochastic optimal control, Bayesian neural network, Calibration, Soft sensor.","Yes + description: Figures include DiffUQ workflow, toy distribution comparisons, training loss curves, sensitivity analysis, model performance tables."
"51-Data Augmentation via Residual Wasserstein GAN with Gradient Penalty for Imbalanced Industrial Data","Ying Tian, Jian Shen, Ao Wang, Zeqiu Li, Xiuhui Huang. Data Augmentation and Fault Diagnosis for Imbalanced Industrial Process Data Based on Residual Wasserstein Generative Adversarial Network With Gradient Penalty. 2024.","Framework-Model Proposal","Data imbalance in industrial process fault diagnosis; traditional GANs suffer from training instability, mode collapse, and generator gradient vanishing; need improved data augmentation for minority classes.","Proposed RWGAN-GP: Residual connections in generator to improve gradient flow and feature learning; Wasserstein distance with gradient penalty for stable training; generates high-quality synthetic samples; VGG-16/SVM for fault classification.","Assumes residual connections improve generator training; Wasserstein distance + GP solves instability; generated samples can balance dataset and improve diagnosis.","PRONTO benchmark dataset (multiphase flow, normal/air leakage/diverted flow, video frames); NEU surface defect dataset (6 types, 1800 images).","RWGAN-GP improves accuracy: PRONTO: 92.0% -> 99.3% (VGG), 67.3% -> 74.4% (SVM); NEU: 54.0% -> 67.3%; outperforms GAN, WGAN-GP, SAGAN, MSG-GAN; generated samples show high similarity (cosine 0.9732, SSIM 0.5908).","Limited to image data; requires careful hyperparameter tuning; not validated on time-series or other data types; computational cost.","Evaluate on more industrial datasets; improve robustness to noise and anomalies; apply to other data modalities (time-series, signals).","Static + justification: RWGAN-GP and classifier are trained offline on historical data; data augmentation is static; no online model adaptation.","Single-tier + justification: focuses on single-domain industrial datasets (PRONTO, NEU) with multiple fault classes; no multi-tier or cross-domain transfer.","No","RWGAN-GP-imbalanced","High","Not determinable from single paper","Peer-reviewed (journal)","Generative adversarial network (GAN), Residual network, Wasserstein distance, Gradient penalty, Imbalanced data, Fault diagnosis, Data augmentation.","Yes + description: Figures include GAN/WGAN/RWGAN-GP structures, training loss curves, generated image examples, similarity calculations, confusion matrices, accuracy comparisons."