score,is_normal,is_knownfault
0.82950836,1,0
0.885192,1,0
0.80417025,1,0
0.68389565,1,0
0.5821477,1,0
0.9032216,1,0
0.8323339,1,0
0.6293192,1,0
0.6877285,1,0
0.7292979,1,0
0.7897928,1,0
0.77779305,1,0
0.9680617,1,0
0.990734,1,0
0.90021104,1,0
0.8252452,1,0
0.63270724,1,0
0.72044504,1,0
0.773616,1,0
0.6970502,1,0
0.8264296,1,0
0.67758715,1,0
0.6653105,1,0
0.84056133,1,0
0.8544129,1,0
0.83462584,1,0
0.8828334,1,0
0.7912378,1,0
0.87456733,1,0
0.8832912,1,0
0.9637602,1,0
0.9462968,1,0
0.68880856,1,0
0.7211467,1,0
0.971382,1,0
0.9821877,1,0
0.91433185,1,0
0.9521569,1,0
0.81627643,1,0
0.7249938,1,0
0.66441876,1,0
0.7973205,1,0
0.6839683,1,0
0.88561743,1,0
0.8530282,1,0
0.76008254,1,0
0.7637392,1,0
0.8486935,1,0
0.9501637,1,0
0.7191957,1,0
0.9440951,1,0
0.9501544,1,0
0.63136196,1,0
0.90615135,1,0
0.9105433,1,0
0.73554426,1,0
0.9719406,1,0
0.92417496,1,0
0.9244803,1,0
0.9212875,1,0
0.9108984,1,0
0.77068686,1,0
0.8684308,1,0
0.9413992,1,0
0.8245347,1,0
0.89690804,1,0
0.95255625,1,0
0.9375384,1,0
0.94327277,1,0
0.6721072,1,0
0.7523781,1,0
0.85502267,1,0
0.8642702,1,0
0.8357555,1,0
0.97224796,1,0
0.8980714,1,0
0.7420956,1,0
0.63436425,1,0
0.6918405,1,0
0.7691674,1,0
0.7326191,1,0
0.6612769,1,0
0.800205,1,0
0.7815205,1,0
0.881569,1,0
0.82414633,1,0
0.8548198,1,0
0.8534237,1,0
0.95344895,1,0
0.91698855,1,0
0.67969584,1,0
0.813719,1,0
0.8807017,1,0
0.5916748,1,0
0.79874676,1,0
0.871253,1,0
0.9422103,1,0
0.98705214,1,0
0.78049487,1,0
0.76046455,1,0
0.9219939,1,0
0.96166915,1,0
0.7753733,1,0
0.56429374,1,0
0.6542529,1,0
0.97209823,1,0
0.975942,1,0
0.6034347,1,0
0.6031196,1,0
0.5724198,1,0
0.49839658,1,0
0.66027486,1,0
0.6016553,1,0
0.682657,1,0
0.8148062,1,0
0.78746593,1,0
0.66784513,1,0
0.7014563,1,0
0.7393779,1,0
0.8253235,1,0
0.84187156,1,0
0.6713191,1,0
0.6668997,1,0
0.6574738,1,0
0.85892475,1,0
0.8185702,1,0
0.88773274,1,0
0.8061989,1,0
0.94305253,1,0
0.8282057,1,0
0.72913915,1,0
0.7589334,1,0
0.7728907,1,0
0.7996409,1,0
0.90802634,1,0
0.9611317,1,0
0.9772645,1,0
0.9534996,1,0
0.9209459,1,0
0.86724603,1,0
0.7805592,1,0
0.93140274,1,0
0.9232218,1,0
0.8766641,1,0
0.69314003,1,0
0.6926824,1,0
0.8517752,1,0
0.73644644,1,0
0.97842103,1,0
0.96738297,1,0
0.951147,1,0
0.6402104,1,0
0.597659,1,0
0.8437332,1,0
0.94305927,1,0
0.95011806,1,0
0.94890374,1,0
0.82620853,1,0
0.7984198,1,0
0.6906483,1,0
0.8229065,1,0
0.91030777,1,0
0.9544153,1,0
0.9659725,1,0
0.9244139,1,0
0.8578609,1,0
0.60347676,1,0
0.760357,1,0
0.75086707,1,0
0.9370941,1,0
0.92889285,1,0
0.8564138,1,0
0.8437991,1,0
0.81703657,1,0
0.70726174,1,0
0.7021918,1,0
0.7452072,1,0
0.9682995,1,0
0.91233706,1,0
0.5746794,1,0
0.53902483,1,0
0.6047183,1,0
0.78855866,1,0
0.8879588,1,0
0.6945833,1,0
0.804686,1,0
0.63123345,1,0
0.7748778,1,0
0.9439878,1,0
0.894073,1,0
0.9656092,1,0
0.8777292,1,0
0.87143564,1,0
0.82706076,1,0
0.67711085,1,0
0.67017674,1,0
0.90828204,1,0
0.89208287,1,0
0.850199,1,0
0.8351973,1,0
0.8715973,1,0
0.7270957,1,0
0.8277111,1,0
0.91744816,1,0
0.9184476,1,0
0.97425437,1,0
0.9395031,1,0
0.95961076,1,0
0.8891336,1,0
0.66475457,1,0
0.6998353,1,0
0.81403387,1,0
0.86918783,1,0
0.8138366,1,0
0.7595084,1,0
0.77543217,1,0
0.7952386,1,0
0.8937023,1,0
0.98932,1,0
0.8730855,1,0
0.7085774,1,0
0.7703529,1,0
0.9194885,1,0
0.9496862,1,0
0.9893654,1,0
0.93884957,1,0
0.85081196,1,0
0.71048725,1,0
0.81874704,1,0
0.89218414,1,0
0.9707401,1,0
0.8023615,1,0
0.5757625,1,0
0.6111834,1,0
0.5542263,1,0
0.68562365,1,0
0.893357,1,0
0.64804876,1,0
0.6785969,1,0
0.8663501,1,0
0.96439886,1,0
0.9073552,1,0
0.94182664,1,0
0.9646643,1,0
0.85704327,1,0
0.8700117,1,0
0.89919156,1,0
0.7380117,1,0
0.75246584,1,0
0.899155,1,0
0.7403763,1,0
0.8867241,1,0
0.81444186,1,0
0.9061689,1,0
0.924435,1,0
0.8888268,1,0
0.9060813,1,0
0.84707785,1,0
0.6979382,1,0
0.8155,1,0
0.78916234,1,0
0.99497586,1,0
0.9912454,1,0
0.8543499,1,0
0.81906605,1,0
0.72154343,1,0
0.8797779,1,0
0.93381506,1,0
0.85759026,1,0
0.8302631,1,0
0.941992,1,0
0.96194476,1,0
0.954961,1,0
0.7253208,1,0
0.8096907,1,0
0.93786347,1,0
0.95771897,1,0
0.8738592,1,0
0.6305401,1,0
0.5978597,1,0
0.7334386,1,0
0.92659783,1,0
0.9714999,1,0
0.9332005,1,0
0.91166735,1,0
0.9068224,1,0
0.9361585,1,0
0.97433496,1,0
0.9055435,1,0
0.64601994,1,0
0.63306874,1,0
0.7190881,1,0
0.8734504,1,0
0.90448713,1,0
0.7989322,1,0
0.84482074,1,0
0.6565603,1,0
0.5513617,1,0
0.5928502,1,0
0.77843857,1,0
0.6822691,1,0
0.5882347,1,0
0.58101785,1,0
0.8304557,1,0
0.8265386,1,0
0.8395615,1,0
0.9573182,1,0
0.7636417,1,0
0.7293512,1,0
0.85665226,1,0
0.75049114,1,0
0.61900645,1,0
0.8326889,1,0
0.8161206,1,0
0.76361424,1,0
0.76925486,1,0
0.6175144,1,0
0.6018494,1,0
0.8405862,1,0
0.94506377,1,0
0.6950685,1,0
0.84229314,1,0
0.96673495,1,0
0.7999815,1,0
0.87808603,1,0
0.969432,1,0
0.8153338,1,0
0.74747604,1,0
0.7201462,1,0
0.74578995,1,0
0.92203414,1,0
0.8210195,1,0
0.77491856,1,0
0.7191676,1,0
0.7320337,1,0
0.8402325,1,0
0.85852534,1,0
0.85351527,1,0
0.97586524,1,0
0.98881304,1,0
0.840896,1,0
0.8515437,1,0
0.90478903,1,0
0.827289,1,0
0.75445247,1,0
0.678898,1,0
0.81782115,1,0
0.9118325,1,0
0.7560668,1,0
0.8922282,1,0
0.98043084,1,0
0.89299065,1,0
0.9203811,1,0
0.90769523,1,0
0.81109154,1,0
0.9488476,1,0
0.9138071,1,0
0.72433203,1,0
0.90931654,1,0
0.9564742,1,0
0.81759757,1,0
0.95847833,1,0
0.93648267,1,0
0.8171078,1,0
0.79374653,1,0
0.95314014,1,0
0.9449482,1,0
0.7726152,1,0
0.9749676,1,0
0.9884952,1,0
0.66781807,1,0
0.7325639,1,0
0.83109176,1,0
0.7267394,1,0
0.7802903,1,0
0.890424,1,0
0.80366695,1,0
0.88739985,1,0
0.96690583,1,0
0.94923586,1,0
0.9834643,1,0
0.98054284,1,0
0.66830647,1,0
0.8015095,1,0
0.9703302,1,0
0.94048476,1,0
0.94591457,1,0
0.8901165,1,0
0.83753324,1,0
0.8702214,1,0
0.91072726,1,0
0.74045295,1,0
0.76467705,1,0
0.8310563,1,0
0.61440223,1,0
0.79584223,1,0
0.88111293,1,0
0.76489794,1,0
0.7612621,1,0
0.69590074,1,0
0.8851521,1,0
0.8700731,1,0
0.7613917,1,0
0.7436985,1,0
0.9118859,1,0
0.9328771,1,0
0.71373725,1,0
0.7540272,1,0
0.69746155,1,0
0.8952349,1,0
0.943043,1,0
0.93583554,1,0
0.7719967,1,0
0.6749835,1,0
0.6285827,1,0
0.65528935,1,0
0.80182856,1,0
0.60546076,1,0
0.6555015,1,0
0.96862876,1,0
0.8059619,1,0
0.89630747,1,0
0.89128166,1,0
0.7757684,1,0
0.8268896,1,0
0.96091783,1,0
0.96285534,1,0
0.8892495,1,0
0.95066136,1,0
0.98582286,1,0
0.84805495,1,0
0.80128944,1,0
0.8686451,1,0
0.8277683,1,0
0.91899925,1,0
0.91884035,1,0
0.9041493,1,0
0.9445617,1,0
0.95841527,1,0
0.91104066,1,0
0.9457408,1,0
0.988638,1,0
0.9865014,1,0
0.86456454,1,0
0.93730724,1,0
0.9520361,1,0
0.8463509,1,0
0.6324305,1,0
0.7298896,1,0
0.7052897,1,0
0.7202625,1,0
0.91972876,1,0
0.9555481,1,0
0.8432722,1,0
0.6988629,1,0
0.9344261,1,0
0.7852875,1,0
0.63327456,1,0
0.7556083,1,0
0.87959766,1,0
0.74375284,1,0
0.6442945,1,0
0.6800691,1,0
0.66044426,1,0
0.5956852,1,0
0.7203883,1,0
0.70957994,1,0
0.68672895,1,0
0.75940156,1,0
0.67852336,1,0
0.74923736,1,0
0.77316093,1,0
0.6823424,1,0
0.72949386,1,0
0.93717575,1,0
0.84416723,1,0
0.9655924,1,0
0.94049615,1,0
0.87332064,1,0
0.8732422,1,0
0.8206491,1,0
0.8425787,1,0
0.8314233,1,0
0.8876883,1,0
0.86453724,1,0
0.70225346,1,0
0.70851517,1,0
0.78796977,1,0
0.93987095,1,0
0.94861424,1,0
0.94971734,1,0
0.9443967,1,0
0.8357979,1,0
0.77314115,1,0
0.85738695,1,0
0.8633053,1,0
0.6940545,1,0
0.884976,1,0
0.91172487,1,0
0.73820806,1,0
0.77670664,1,0
0.6991515,1,0
0.66062975,1,0
0.9879509,1,0
0.9885017,1,0
0.8914784,1,0
0.8020754,1,0
0.77883327,1,0
0.7333728,1,0
0.7025774,1,0
0.8239842,1,0
0.7300794,1,0
0.6547651,1,0
0.67544186,1,0
0.81144416,1,0
0.75062734,1,0
0.860769,1,0
0.901592,1,0
0.76913035,1,0
0.81300867,1,0
0.84097385,1,0
0.64494234,1,0
0.84758097,1,0
0.9503793,1,0
0.54779154,1,0
0.72638994,1,0
0.94394207,1,0
0.73045486,1,0
0.68245256,1,0
0.5638313,1,0
0.672433,1,0
0.9563116,1,0
0.8431139,1,0
0.7547323,1,0
0.94699883,1,0
0.9836683,1,0
0.9889242,1,0
0.9702215,1,0
0.806956,1,0
0.831976,1,0
0.93112767,1,0
0.94368505,1,0
0.951959,1,0
0.8271917,1,0
0.7696524,1,0
0.96336234,1,0
0.9692161,1,0
0.96940243,1,0
0.9852947,1,0
0.889804,1,0
0.6672587,1,0
0.9217706,1,0
0.92288464,1,0
0.794918,1,0
0.85303617,1,0
0.58531916,1,0
0.5831969,1,0
0.93739235,1,0
0.75753164,1,0
0.63487315,1,0
0.82227504,1,0
0.8576782,1,0
0.7582129,1,0
0.8045573,1,0
0.9243489,1,0
0.8693585,1,0
0.9594428,1,0
0.9964448,1,0
0.9448586,1,0
0.89029473,1,0
0.81130207,1,0
0.67719257,1,0
0.6921302,1,0
0.9612857,1,0
0.9472394,1,0
0.7577166,1,0
0.6789235,1,0
0.59397686,1,0
0.85826313,1,0
0.98316324,1,0
0.9341297,1,0
0.6662525,1,0
0.7861427,1,0
0.6027366,1,0
0.6993368,1,0
0.6626624,1,0
0.6588729,1,0
0.7391106,1,0
0.7322997,1,0
0.9176034,1,0
0.92879117,1,0
0.8515228,1,0
0.6994214,1,0
0.7123699,1,0
0.77783245,1,0
0.66849816,1,0
0.52906644,1,0
0.7247723,1,0
0.6885719,1,0
0.7169579,1,0
0.70008457,1,0
0.92701864,1,0
0.90777224,1,0
0.6567646,1,0
0.8737155,1,0
0.9630215,1,0
0.939593,1,0
0.9348134,1,0
0.9247797,1,0
0.67550075,1,0
0.8080614,1,0
0.9188226,1,0
0.7878814,1,0
0.88770497,1,0
0.9316596,1,0
0.7948432,1,0
0.82264274,1,0
0.68895066,1,0
0.6585191,1,0
0.72880685,1,0
0.7892676,1,0
0.69064605,1,0
0.77087253,1,0
0.6646756,1,0
0.5844062,1,0
0.5560738,1,0
0.61571634,1,0
0.7777375,1,0
0.6592518,1,0
0.57677305,1,0
0.7753037,1,0
0.96613586,1,0
0.97368056,1,0
0.9280302,1,0
0.82848036,1,0
0.71658015,1,0
0.9649869,1,0
0.9155408,1,0
0.74635565,1,0
0.9767469,1,0
0.9875273,1,0
0.97582215,1,0
0.9875776,1,0
0.79512995,1,0
0.8574648,1,0
0.75420564,1,0
0.5650078,1,0
0.6303668,1,0
0.77992225,1,0
0.8923998,1,0
0.7144548,1,0
0.7616301,1,0
0.80616754,1,0
0.81750757,1,0
0.9203727,1,0
0.80266505,1,0
0.7619542,1,0
0.9380413,1,0
0.7867945,1,0
0.7819126,1,0
0.9416509,1,0
0.89490765,1,0
0.81714994,1,0
0.74552596,1,0
0.91159254,1,0
0.8151183,1,0
0.93297017,1,0
0.91272193,1,0
0.8610196,1,0
0.9437998,1,0
0.89537543,1,0
0.6700567,1,0
0.81282866,1,0
0.6863829,1,0
0.77327573,1,0
0.73924816,1,0
0.8007229,1,0
0.72320443,1,0
0.91839683,1,0
0.97881436,1,0
0.8979108,1,0
0.8880962,1,0
0.7690189,1,0
0.7090319,1,0
0.81475663,1,0
0.751211,1,0
0.97207946,1,0
0.91578645,1,0
0.67356765,1,0
0.8412879,1,0
0.9101994,1,0
0.90748984,1,0
0.66399926,1,0
0.8375198,1,0
0.7203015,1,0
0.8711291,1,0
0.73746204,1,0
0.87823737,1,0
0.8842099,1,0
0.6260071,1,0
0.6518028,1,0
0.77172804,1,0
0.946227,1,0
0.87676233,1,0
0.8484245,1,0
0.67955196,1,0
0.86386836,1,0
0.97824776,1,0
0.9599208,1,0
0.9042742,1,0
0.9259525,1,0
0.8135918,1,0
0.8520269,1,0
0.8972168,1,0
0.90156233,1,0
0.8834595,1,0
0.9628501,1,0
0.9349768,1,0
0.9320101,1,0
0.9500044,1,0
0.83972645,1,0
0.88718426,1,0
0.9715654,1,0
0.8233726,1,0
0.855167,1,0
0.92510164,1,0
0.80541587,1,0
0.6463175,1,0
0.8563039,1,0
0.98380786,1,0
0.8559301,1,0
0.7886447,1,0
0.9457477,1,0
0.91638386,1,0
0.83672476,1,0
0.9448658,1,0
0.946288,1,0
0.75647515,1,0
0.582613,1,0
0.5772215,1,0
0.92813706,1,0
0.70226026,1,0
0.70944405,1,0
0.70180064,1,0
0.60202837,1,0
0.75759435,1,0
0.89457643,1,0
0.71303767,1,0
0.7541261,1,0
0.92869765,1,0
0.7811559,1,0
0.6799985,1,0
0.6283244,1,0
0.84620273,1,0
0.7771497,1,0
0.7301496,1,0
0.9245176,1,0
0.9877765,1,0
0.9344617,1,0
0.78027964,1,0
0.67488754,1,0
0.63446003,1,0
0.67055535,1,0
0.7114744,1,0
0.6990255,1,0
0.5728326,1,0
0.6573124,1,0
0.69230735,1,0
0.831597,1,0
0.8654795,1,0
0.7497744,1,0
0.7528627,1,0
0.8283011,1,0
0.7962811,1,0
0.95378596,1,0
0.98601204,1,0
0.95399404,1,0
0.7833647,1,0
0.69594073,1,0
0.8148489,1,0
0.96368927,1,0
0.80865705,1,0
0.76187587,1,0
0.6224945,1,0
0.5716104,1,0
0.6593853,1,0
0.58498424,1,0
0.5937638,1,0
0.67409295,1,0
0.7242086,1,0
0.5963804,1,0
0.5819464,1,0
0.78534263,1,0
0.9448266,1,0
0.98832613,1,0
0.90418166,1,0
0.64961284,1,0
0.6739317,1,0
0.6336528,1,0
0.8992852,1,0
0.76449364,1,0
0.73306185,1,0
0.76434463,1,0
0.64710176,1,0
0.8459399,1,0
0.9288723,1,0
0.88938534,1,0
0.6341667,1,0
0.5736145,1,0
0.6762232,1,0
0.7611917,1,0
0.83405983,1,0
0.8623655,1,0
0.6702057,1,0
0.8435999,1,0
0.76858646,1,0
0.8446673,1,0
0.8292719,1,0
0.7354688,1,0
0.5678905,1,0
0.69762707,1,0
0.768814,1,0
0.9646336,1,0
0.8875148,1,0
0.7414882,1,0
0.9393481,1,0
0.95913315,1,0
0.917513,1,0
0.73898923,1,0
0.68527853,1,0
0.64730775,1,0
0.6208021,1,0
0.808789,1,0
0.8353385,1,0
0.85799617,1,0
0.88013476,1,0
0.7231016,1,0
0.96019816,1,0
0.93924975,1,0
0.78420115,1,0
0.6747831,1,0
0.7388933,1,0
0.8205837,1,0
0.9617996,1,0
0.9660953,1,0
0.96788776,1,0
0.7201809,1,0
0.8365263,1,0
0.9349003,1,0
0.9056871,1,0
0.9824284,1,0
0.90024465,1,0
0.8741183,1,0
0.9213753,1,0
0.8372587,1,0
0.70604134,1,0
0.70572805,1,0
0.7183938,1,0
0.70694864,1,0
0.80305886,1,0
0.8554941,1,0
0.75942826,1,0
0.8453281,1,0
0.8397754,1,0
0.8118745,1,0
0.83009595,1,0
0.72239506,1,0
0.90024513,1,0
0.8192745,1,0
0.64438605,1,0
0.82207215,1,0
0.80760795,1,0
0.6350943,1,0
0.9377204,1,0
0.79503703,1,0
0.80708647,1,0
0.96651816,1,0
0.976664,1,0
0.8325288,1,0
0.6245591,1,0
0.7263322,1,0
0.9084494,1,0
0.6624552,1,0
0.8920746,1,0
0.9686556,1,0
0.8339937,1,0
0.9758164,1,0
0.99518615,1,0
0.721121,1,0
0.9183961,1,0
0.90553176,1,0
0.98454154,1,0
0.97431606,1,0
0.7890148,1,0
0.93221295,1,0
0.94544536,1,0
0.9723185,1,0
0.75817645,1,0
0.71845305,1,0
0.9632571,1,0
0.6964599,1,0
0.89962715,1,0
0.85685295,1,0
0.7267549,1,0
0.89658505,1,0
0.753593,1,0
0.68206704,1,0
0.6166986,1,0
0.62757754,1,0
0.73437655,1,0
0.833735,1,0
0.87509316,1,0
0.90997577,1,0
0.9487134,1,0
0.75135,1,0
0.7523385,1,0
0.84031713,1,0
0.79225236,1,0
0.7779889,1,0
0.72725594,1,0
0.82003313,1,0
0.9332769,1,0
0.8258507,1,0
0.83727294,1,0
0.9556057,1,0
0.87803125,1,0
0.9439318,1,0
0.65354156,1,0
0.80211866,1,0
0.6944336,1,0
0.61473763,1,0
0.58173335,1,0
0.8068273,1,0
0.97978014,1,0
0.9122117,1,0
0.7651427,1,0
0.7776343,1,0
0.7509991,1,0
0.76504517,1,0
0.85102195,1,0
0.71016026,1,0
0.5968443,1,0
0.7597816,1,0
0.89997894,1,0
0.9730828,1,0
0.9724301,1,0
0.7559483,1,0
0.65949273,1,0
0.9167343,1,0
0.78131175,1,0
0.8127172,1,0
0.95210874,1,0
0.9654402,1,0
0.99397147,1,0
0.8932648,1,0
0.69522184,1,0
0.8038993,1,0
0.8071646,1,0
0.76794004,1,0
0.981506,1,0
0.9157694,1,0
0.71015126,1,0
0.7314541,1,0
0.74575824,1,0
0.654176,1,0
0.7593869,1,0
0.89313275,1,0
0.65381634,1,0
0.71260834,1,0
0.9534942,1,0
0.8204664,1,0
0.88901967,1,0
0.9937449,1,0
0.9058224,1,0
0.7550925,1,0
0.9119131,1,0
0.9903694,1,0
0.950627,1,0
0.9518181,1,0
0.7740313,1,0
0.80678016,1,0
0.8484097,1,0
0.7877654,1,0
0.7622544,1,0
0.92700285,1,0
0.9402698,1,0
0.70975506,1,0
0.6045724,1,0
0.560634,1,0
0.5651407,1,0
0.69293636,1,0
0.91936314,1,0
0.98533857,1,0
0.8522582,1,0
0.88861316,1,0
0.9684185,1,0
0.95249945,1,0
0.8501793,1,0
0.59914994,1,0
0.97918,1,0
0.9733702,1,0
0.61209697,1,0
0.79005957,1,0
0.9591026,1,0
0.85958517,1,0
0.68209296,1,0
0.7383424,1,0
0.78624976,1,0
0.96670157,1,0
0.98335534,1,0
0.87816346,1,0
0.6453079,1,0
0.6694662,1,0
0.9150239,1,0
0.71432805,1,0
0.72510576,1,0
0.6727493,1,0
0.57949543,1,0
0.6662753,1,0
0.6133243,1,0
0.8048554,1,0
0.6542244,1,0
0.81951106,1,0
0.74763787,1,0
0.62348115,1,0
0.67107475,1,0
0.6605704,1,0
0.8593467,1,0
0.98999786,1,0
0.9864989,1,0
0.83347446,1,0
0.7033116,1,0
0.79528123,1,0
0.9518888,1,0
0.9124411,1,0
0.9661815,1,0
0.7980496,1,0
0.9445204,1,0
0.9772456,1,0
0.81633157,1,0
0.55702925,1,0
0.74602044,1,0
0.87923765,1,0
0.58518094,1,0
0.66197777,1,0
0.9131725,1,0
0.9537759,1,0
0.9363637,1,0
0.9374572,1,0
0.791536,1,0
0.67661166,1,0
0.81074005,1,0
0.940809,1,0
0.8975409,1,0
0.6616771,1,0
0.73758745,1,0
0.79113233,1,0
0.65910876,1,0
0.55937713,1,0
0.5637956,1,0
0.6297376,1,0
0.76025754,1,0
0.97335,1,0
0.95521456,1,0
0.84502757,1,0
0.8627871,1,0
0.86455256,1,0
0.7310775,1,0
0.6576197,1,0
0.7047769,1,0
0.8347769,1,0
0.9820487,1,0
0.9837858,1,0
0.91029847,1,0
0.9932594,1,0
0.98175126,1,0
0.67078674,1,0
0.7543497,1,0
0.5719956,1,0
0.66462237,1,0
0.8179532,1,0
0.9671964,1,0
0.8852108,1,0
0.94099104,1,0
0.86430293,1,0
0.59876966,1,0
0.7680038,1,0
0.86492115,1,0
0.7136764,1,0
0.6404511,1,0
0.8446019,1,0
0.9884093,1,0
0.90670556,1,0
0.94414717,1,0
0.97226703,1,0
0.73951226,1,0
0.6977066,1,0
0.88213253,1,0
0.8670865,1,0
0.6987914,1,0
0.92048144,1,0
0.84362173,1,0
0.66683483,1,0
0.9201008,1,0
0.86751056,1,0
0.68285626,1,0
0.87620586,1,0
0.96785116,1,0
0.68573844,1,0
0.853029,1,0
0.9086979,1,0
0.76909834,1,0
0.6521048,1,0
0.6927133,1,0
0.94706154,1,0
0.9613924,1,0
0.8888118,1,0
0.97430146,1,0
0.9967432,1,0
0.9718749,1,0
0.76624304,1,0
0.9505457,1,0
0.900977,1,0
0.8510592,1,0
0.96051335,1,0
0.8228658,1,0
0.91852456,1,0
0.9921005,1,0
0.9385277,1,0
0.533083,1,0
0.6671729,1,0
0.8978135,1,0
0.97554934,1,0
0.97106075,1,0
0.6876035,1,0
0.63322175,1,0
0.7683697,1,0
0.9142909,1,0
0.89814574,1,0
0.79009485,1,0
0.8249108,1,0
0.821348,1,0
0.9035921,1,0
0.9712774,1,0
0.8017769,1,0
0.7474812,1,0
0.6020846,1,0
0.7984884,1,0
0.7710853,1,0
0.8302859,1,0
0.71155953,1,0
0.8516991,1,0
0.8476056,1,0
0.7875732,1,0
0.81976783,1,0
0.75684685,1,0
0.87279165,1,0
0.69292057,1,0
0.71022224,1,0
0.95510256,1,0
0.9217761,1,0
0.9688437,1,0
0.80989933,1,0
0.65462065,1,0
0.71779776,1,0
0.8859392,1,0
0.94136333,1,0
0.7635022,1,0
0.5997409,1,0
0.653,1,0
0.7508114,1,0
0.80443275,1,0
0.7704879,1,0
0.75930786,1,0
0.87385315,1,0
0.87721586,1,0
0.7115834,1,0
0.8279327,1,0
0.94286907,1,0
0.74437904,1,0
0.78652996,1,0
0.8649612,1,0
0.88930017,1,0
0.8202325,1,0
0.8827622,1,0
0.81881493,1,0
0.6704277,1,0
0.71224135,1,0
0.91963196,1,0
0.8111321,1,0
0.94043106,1,0
0.9413315,1,0
0.77499723,1,0
0.9900161,1,0
0.9361771,1,0
0.6985768,1,0
0.80667573,1,0
0.68150914,1,0
0.8474542,1,0
0.8921085,1,0
0.8558635,1,0
0.8014468,1,0
0.79432285,1,0
0.7232088,1,0
0.84565353,1,0
0.8416527,1,0
0.7363603,1,0
0.85906416,1,0
0.8347388,1,0
0.6623535,1,0
0.8499669,1,0
0.7357249,1,0
0.7356874,1,0
0.6978016,1,0
0.6917913,1,0
0.68506855,1,0
0.9141491,1,0
0.936182,1,0
0.68852746,1,0
0.82753825,1,0
0.9155159,1,0
0.9230199,1,0
0.98314625,1,0
0.9949443,1,0
0.76085746,1,0
0.8172428,1,0
0.68647563,1,0
0.6714951,1,0
0.6328573,1,0
0.7331371,1,0
0.9032884,1,0
0.96173185,1,0
0.9424602,1,0
0.9243206,1,0
0.9364311,1,0
0.80844235,1,0
0.8082533,1,0
0.83034897,1,0
0.6163182,1,0
0.8670047,1,0
0.7507826,1,0
0.5811363,1,0
0.6308602,1,0
0.76669097,1,0
0.7855282,1,0
0.5765166,1,0
0.61937016,1,0
0.74552184,1,0
0.8161028,1,0
0.7864033,1,0
0.82767546,1,0
0.7846312,1,0
0.8851763,1,0
0.92021704,1,0
0.87917536,1,0
0.90873706,1,0
0.9164301,1,0
0.9183766,1,0
0.8371014,1,0
0.8023484,1,0
0.77349186,1,0
0.8398526,1,0
0.821581,1,0
0.72242475,1,0
0.8675262,1,0
0.8849758,1,0
0.71267915,1,0
0.8225999,1,0
0.9332168,1,0
0.93976295,1,0
0.9471801,1,0
0.9535656,1,0
0.79827327,1,0
0.6009499,1,0
0.7637254,1,0
0.86419654,1,0
0.9700041,1,0
0.9346833,1,0
0.88169485,1,0
0.86131465,1,0
0.9027899,1,0
0.9073225,1,0
0.77867794,1,0
0.8510088,1,0
0.8532324,1,0
0.823683,1,0
0.94086856,1,0
0.9100268,1,0
0.8675017,1,0
0.89558494,1,0
0.8106876,1,0
0.87595195,1,0
0.85675704,1,0
0.6799392,1,0
0.8853142,1,0
0.6949696,1,0
0.7090355,1,0
0.68762004,1,0
0.95653254,1,0
0.86854595,1,0
0.67700416,1,0
0.7230158,1,0
0.87598443,1,0
0.97043353,1,0
0.9901001,1,0
0.90755635,1,0
0.98604536,1,0
0.9071759,1,0
0.7017629,1,0
0.9950097,1,0
0.9513735,1,0
0.8255805,1,0
0.90535355,1,0
0.7937961,1,0
0.83277404,1,0
0.6234121,1,0
0.6499839,1,0
0.73146826,1,0
0.77027655,1,0
0.7369878,1,0
0.75050634,1,0
0.70625275,1,0
0.6408161,1,0
0.696375,1,0
0.73928,1,0
0.8810172,1,0
0.8560282,1,0
0.8696242,1,0
0.740927,1,0
0.8587104,1,0
0.81141084,1,0
0.8702634,1,0
0.8204279,1,0
0.80084133,1,0
0.8467175,1,0
0.89534426,1,0
0.937719,1,0
0.995944,1,0
0.97273,1,0
0.83617985,1,0
0.8522717,1,0
0.7731943,1,0
0.8386686,1,0
0.98596597,1,0
0.93993473,1,0
0.78128165,1,0
0.8766444,1,0
0.8408822,1,0
0.8530772,1,0
0.8597969,1,0
0.8308084,1,0
0.9323769,1,0
0.8620935,1,0
0.9011779,1,0
0.92172414,1,0
0.8600337,1,0
0.7692724,1,0
0.7298485,1,0
0.8357038,1,0
0.8526284,1,0
0.965659,1,0
0.7521727,1,0
0.634506,1,0
0.6847204,1,0
0.7158749,1,0
0.73043644,1,0
0.7290859,1,0
0.6004054,1,0
0.90154463,1,0
0.9508907,1,0
0.84536165,1,0
0.8735715,1,0
0.9712829,1,0
0.9719844,1,0
0.88775927,1,0
0.687122,1,0
0.66369915,1,0
0.92697144,1,0
0.8847864,1,0
0.9364408,1,0
0.89526904,1,0
0.7247305,1,0
0.96132934,1,0
0.8851006,1,0
0.9524957,1,0
0.8195869,1,0
0.6124717,1,0
0.7501456,1,0
0.94505215,1,0
0.92767507,1,0
0.7934631,1,0
0.8389385,1,0
0.9675357,1,0
0.8994644,1,0
0.59484553,1,0
0.83596617,1,0
0.7951989,1,0
0.867323,1,0
0.8630806,1,0
0.8277639,1,0
0.74743116,1,0
0.867171,1,0
0.9117632,1,0
0.60406625,1,0
0.8557761,1,0
0.7300756,1,0
0.8662089,1,0
0.85643804,1,0
0.8819996,1,0
0.9865917,1,0
0.94474,1,0
0.8013203,1,0
0.78259987,1,0
0.67961204,1,0
0.83255535,1,0
0.94712436,1,0
0.9287835,1,0
0.88668495,1,0
0.7951901,1,0
0.9273222,1,0
0.8237817,1,0
0.7505499,1,0
0.78663945,1,0
0.65694964,1,0
0.8026857,1,0
0.7596122,1,0
0.63625276,1,0
0.7336428,1,0
0.79069895,1,0
0.66283524,1,0
0.72755194,1,0
0.7910621,1,0
0.9507464,1,0
0.92420924,1,0
0.82394964,1,0
0.8173629,1,0
0.8406152,1,0
0.93227124,1,0
0.9371368,1,0
0.64812875,1,0
0.5272758,1,0
0.6495333,1,0
0.73549515,1,0
0.79001474,1,0
0.74604166,1,0
0.8487942,1,0
0.84537244,1,0
0.9790258,1,0
0.98617345,1,0
0.6142641,1,0
0.699902,1,0
0.86226654,1,0
0.9552097,1,0
0.7356183,1,0
0.7231208,1,0
0.93518203,1,0
0.88622475,1,0
0.83172953,1,0
0.9314621,1,0
0.9103976,1,0
0.70496285,1,0
0.65354586,1,0
0.76387894,1,0
0.82981986,1,0
0.59176034,1,0
0.774415,1,0
0.7689323,1,0
0.6885842,1,0
0.83593243,1,0
0.96816516,1,0
0.9179188,1,0
0.9041563,1,0
0.79343957,1,0
0.63889766,1,0
0.7739582,1,0
0.8070904,1,0
0.8994354,1,0
0.8265897,1,0
0.91760534,1,0
0.9457168,1,0
0.6772475,1,0
0.8183463,1,0
0.9596552,1,0
0.76916754,1,0
0.78242636,1,0
0.95591533,1,0
0.92334807,1,0
0.684559,1,0
0.9152593,1,0
0.8925358,1,0
0.8897845,1,0
0.7030052,1,0
0.6235094,1,0
0.812655,1,0
0.9282649,1,0
0.9378706,1,0
0.8167276,1,0
0.9600946,1,0
0.9890179,1,0
0.9341758,1,0
0.7310827,1,0
0.5892131,1,0
0.67146254,1,0
0.9764036,1,0
0.859016,1,0
0.61014795,1,0
0.76597565,1,0
0.752089,1,0
0.9015215,1,0
0.99186957,1,0
0.8743677,1,0
0.7464912,1,0
0.86870205,1,0
0.7437509,1,0
0.5418469,1,0
0.7153504,1,0
0.76673657,1,0
0.76705915,1,0
0.9125819,1,0
0.9255544,1,0
0.6204636,1,0
0.6546979,1,0
0.84332687,1,0
0.82541525,1,0
0.8783861,1,0
0.8889368,1,0
0.9568513,1,0
0.7961601,1,0
0.6564582,1,0
0.7669089,1,0
0.97084963,1,0
0.96538717,1,0
0.8213021,1,0
0.7307702,1,0
0.929261,1,0
0.8868651,1,0
0.7311814,1,0
0.74192333,1,0
0.7119826,1,0
0.8841005,1,0
0.91070694,1,0
0.70867866,1,0
0.7135885,1,0
0.6662721,1,0
0.7801481,1,0
0.8078691,1,0
0.7179632,1,0
0.77207386,1,0
0.9392786,1,0
0.5927128,1,0
0.71870816,1,0
0.930899,1,0
0.74228364,1,0
0.86571753,1,0
0.62141263,1,0
0.6262648,1,0
0.69327974,1,0
0.8718374,1,0
0.8589095,1,0
0.9718108,1,0
0.9761346,1,0
0.8278705,1,0
0.60053277,1,0
0.85228485,1,0
0.8928613,1,0
0.90376306,1,0
0.83390987,1,0
0.86263394,1,0
0.8869991,1,0
0.84193796,1,0
0.817667,1,0
0.69923824,1,0
0.9076016,1,0
0.91376996,1,0
0.86773014,1,0
0.8691371,1,0
0.6349722,1,0
0.7014981,1,0
0.8956686,1,0
0.96239614,1,0
0.95868975,1,0
0.98828536,1,0
0.98129123,1,0
0.9424192,1,0
0.8449805,1,0
0.887695,1,0
0.83597434,1,0
0.7555392,1,0
0.6301412,1,0
0.9235949,1,0
0.8993962,1,0
0.8864935,1,0
0.60501564,1,0
0.66246855,1,0
0.78574073,1,0
0.9074198,1,0
0.7800952,1,0
0.9854067,1,0
0.97828615,1,0
0.8722057,1,0
0.6281655,1,0
0.7732673,1,0
0.89894927,1,0
0.77581745,1,0
0.8574116,1,0
0.89006823,1,0
0.6421759,1,0
0.7783052,1,0
0.80680573,1,0
0.7044972,1,0
0.8062734,1,0
0.94914055,1,0
0.90140927,1,0
0.9197314,1,0
0.8301046,1,0
0.74928665,1,0
0.6629313,1,0
0.9625556,1,0
0.9860021,1,0
0.9459245,1,0
0.842089,1,0
0.9107281,1,0
0.7249018,1,0
0.6686997,1,0
0.8783777,1,0
0.966891,1,0
0.94826347,1,0
0.9711459,1,0
0.83021647,1,0
0.75728965,1,0
0.837382,1,0
0.74518204,1,0
0.8604398,1,0
0.8659589,1,0
0.92449474,1,0
0.90409786,1,0
0.65442973,1,0
0.6657311,1,0
0.8592872,1,0
0.88844454,1,0
0.7942969,1,0
0.83670104,1,0
0.9710087,1,0
0.69234276,1,0
0.78836995,1,0
0.97670895,1,0
0.9775644,1,0
0.9739963,1,0
0.7778171,1,0
0.674351,1,0
0.85117596,1,0
0.9634688,1,0
0.9509923,1,0
0.75549,1,0
0.7065197,1,0
0.7611197,1,0
0.81311,1,0
0.9476742,1,0
0.93960226,1,0
0.7167798,1,0
0.7608518,1,0
0.7601134,1,0
0.8026509,1,0
0.7626679,1,0
0.84553564,1,0
0.8249876,1,0
0.94761723,1,0
0.8110379,1,0
0.6410644,1,0
0.92137223,1,0
0.9045916,1,0
0.6987648,1,0
0.9520514,1,0
0.98047066,1,0
0.8820703,1,0
0.652568,1,0
0.87680227,1,0
0.9405984,1,0
0.8499001,1,0
0.87942946,1,0
0.79241216,1,0
0.83774436,1,0
0.9787433,1,0
0.99296963,1,0
0.8893672,1,0
0.9917566,1,0
0.93406194,1,0
0.849792,1,0
0.7246226,1,0
0.9253079,1,0
0.9952838,1,0
0.8335892,1,0
0.6204368,1,0
0.8863177,1,0
0.9671201,1,0
0.8306762,1,0
0.66175324,1,0
0.9708967,1,0
0.930339,1,0
0.85694987,1,0
0.90134114,1,0
0.98052454,1,0
0.7531524,1,0
0.5491872,1,0
0.74097043,1,0
0.9651796,1,0
0.9845762,1,0
0.91635454,1,0
0.83186305,1,0
0.91529256,1,0
0.9962472,1,0
0.9865699,1,0
0.89467907,1,0
0.9827804,1,0
0.92073923,1,0
0.9524114,1,0
0.9406086,1,0
0.8630552,1,0
0.7963749,1,0
0.8379894,1,0
0.6151493,1,0
0.7571147,1,0
0.9649763,1,0
0.9562823,1,0
0.70643675,1,0
0.77568406,1,0
0.9434052,1,0
0.82721627,1,0
0.62519586,1,0
0.77343684,1,0
0.9325739,1,0
0.9733798,1,0
0.9597946,1,0
0.7732056,1,0
0.7830497,1,0
0.9637223,1,0
0.95699227,1,0
0.7261086,1,0
0.78408915,1,0
0.7998432,1,0
0.67179,1,0
0.8523163,1,0
0.9776705,1,0
0.98857415,1,0
0.9696541,1,0
0.7023668,1,0
0.7104881,1,0
0.6460469,1,0
0.7384802,1,0
0.86707234,1,0
0.9060277,1,0
0.8119139,1,0
0.7952116,1,0
0.6809405,1,0
0.73085403,1,0
0.89782405,1,0
0.7053965,1,0
0.6344713,1,0
0.9179274,1,0
0.998414,1,0
0.83502465,1,0
0.6792259,1,0
0.8960077,1,0
0.80943793,1,0
0.6530931,1,0
0.7534294,1,0
0.7433454,1,0
0.88243234,1,0
0.94993395,1,0
0.9115435,1,0
0.5424992,1,0
0.5334778,1,0
0.7836418,1,0
0.941984,1,0
0.8925214,1,0
0.8439025,1,0
0.73147845,1,0
0.64481604,1,0
0.65894616,1,0
0.6511098,1,0
0.80639476,1,0
0.92749816,1,0
0.84431475,1,0
0.93593705,1,0
0.9939339,1,0
0.9620644,1,0
0.77919483,1,0
0.9510775,1,0
0.9132801,1,0
0.747875,1,0
0.8903725,1,0
0.69957435,1,0
0.61405134,1,0
0.9380332,1,0
0.9695766,1,0
0.8246893,1,0
0.72539353,1,0
0.84585625,1,0
0.8576846,1,0
0.9540468,1,0
0.97259706,1,0
0.90952635,1,0
0.96505016,1,0
0.8891172,1,0
0.8858741,1,0
0.86204135,1,0
0.8006227,1,0
0.95639366,1,0
0.8837829,1,0
0.843696,1,0
0.6429267,1,0
0.68091035,1,0
0.8317971,1,0
0.892439,1,0
0.82323486,1,0
0.90420634,1,0
0.84661186,1,0
0.7837147,1,0
0.6133208,1,0
0.7202829,1,0
0.8980183,1,0
0.9585994,1,0
0.7313223,1,0
0.73006094,1,0
0.61660856,1,0
0.74815595,1,0
0.9132024,1,0
0.96587867,1,0
0.92359596,1,0
0.7609758,1,0
0.62146914,1,0
0.5972433,1,0
0.7644126,1,0
0.8977424,1,0
0.8422514,1,0
0.62046695,1,0
0.6259906,1,0
0.98138136,1,0
0.81693554,1,0
0.62585354,1,0
0.80121917,1,0
0.7192571,1,0
0.6717892,1,0
0.9588832,1,0
0.97293764,1,0
0.7142949,1,0
0.6499306,1,0
0.82976013,1,0
0.97233814,1,0
0.8418469,1,0
1.0,0,1
1.0,0,1
1.0,0,1
1.0,0,1
1.0,0,1
1.0,0,1
1.0,0,1
1.0,0,1
1.0,0,1
1.0,0,1
1.0,0,1
1.0,0,1
1.0,0,1
1.0,0,1
1.0,0,1
1.0,0,1
1.0,0,1
1.0,0,1
1.0,0,1
1.0,0,1
1.0,0,1
1.0,0,1
1.0,0,1
1.0,0,1
1.0,0,1
1.0,0,1
1.0,0,1
1.0,0,1
1.0,0,1
1.0,0,1
1.0,0,1
1.0,0,1
1.0,0,1
1.0,0,1
1.0,0,1
1.0,0,1
1.0,0,1
1.0,0,1
1.0,0,1
1.0,0,1
1.0,0,1
1.0,0,1
1.0,0,1
1.0,0,1
1.0,0,1
1.0,0,1
1.0,0,1
1.0,0,1
1.0,0,1
1.0,0,1
1.0,0,1
1.0,0,1
1.0,0,1
1.0,0,1
1.0,0,1
1.0,0,1
1.0,0,1
1.0,0,1
1.0,0,1
1.0,0,1
1.0,0,1
1.0,0,1
1.0,0,1
1.0,0,1
1.0,0,1
1.0,0,1
1.0,0,1
1.0,0,1
1.0,0,1
1.0,0,1
1.0,0,1
1.0,0,1
1.0,0,1
1.0,0,1
1.0,0,1
1.0,0,1
1.0,0,1
1.0,0,1
1.0,0,1
1.0,0,1
1.0,0,1
1.0,0,1
1.0,0,1
1.0,0,1
1.0,0,1
1.0,0,1
1.0,0,1
1.0,0,1
1.0,0,1
1.0,0,1
1.0,0,1
1.0,0,1
1.0,0,1
1.0,0,1
1.0,0,1
1.0,0,1
1.0,0,1
1.0,0,1
1.0,0,1
1.0,0,1
1.0,0,1
1.0,0,1
1.0,0,1
1.0,0,1
1.0,0,1
1.0,0,1
1.0,0,1
1.0,0,1
1.0,0,1
1.0,0,1
1.0,0,1
1.0,0,1
1.0,0,1
1.0,0,1
1.0,0,1
1.0,0,1
1.0,0,1
1.0,0,1
1.0,0,1
1.0,0,1
1.0,0,1
1.0,0,1
1.0,0,1
1.0,0,1
1.0,0,1
1.0,0,1
1.0,0,1
1.0,0,1
1.0,0,1
1.0,0,1
1.0,0,1
1.0,0,1
1.0,0,1
1.0,0,1
1.0,0,1
1.0,0,1
1.0,0,1
1.0,0,1
1.0,0,1
1.0,0,1
1.0,0,1
1.0,0,1
1.0,0,1
1.0,0,1
1.0,0,1
1.0,0,1
1.0,0,1
1.0,0,1
1.0,0,1
1.0,0,1
1.0,0,1
1.0,0,1
1.0,0,1
1.0,0,1
1.0,0,1
1.0,0,1
1.0,0,1
1.0,0,1
1.0,0,1
1.0,0,1
1.0,0,1
1.0,0,1
1.0,0,1
1.0,0,1
1.0,0,1
1.0,0,1
1.0,0,1
1.0,0,1
1.0,0,1
1.0,0,1
1.0,0,1
1.0,0,1
1.0,0,1
1.0,0,1
1.0,0,1
1.0,0,1
1.0,0,1
1.0,0,1
1.0,0,1
1.0,0,1
1.0,0,1
1.0,0,1
1.0,0,1
1.0,0,1
1.0,0,1
1.0,0,1
1.0,0,1
1.0,0,1
1.0,0,1
1.0,0,1
1.0,0,1
1.0,0,1
1.0,0,1
1.0,0,1
1.0,0,1
1.0,0,1
1.0,0,1
1.0,0,1
1.0,0,1
1.0,0,1
1.0,0,1
1.0,0,1
1.0,0,1
1.0,0,1
1.0,0,1
1.0,0,1
1.0,0,1
1.0,0,1
1.0,0,1
1.0,0,1
1.0,0,1
1.0,0,1
1.0,0,1
1.0,0,1
1.0,0,1
1.0,0,1
1.0,0,1
1.0,0,1
1.0,0,1
1.0,0,1
1.0,0,1
1.0,0,1
1.0,0,1
1.0,0,1
1.0,0,1
1.0,0,1
1.0,0,1
1.0,0,1
1.0,0,1
1.0,0,1
1.0,0,1
1.0,0,1
1.0,0,1
1.0,0,1
1.0,0,1
1.0,0,1
1.0,0,1
1.0,0,1
1.0,0,1
1.0,0,1
1.0,0,1
1.0,0,1
1.0,0,1
1.0,0,1
1.0,0,1
1.0,0,1
1.0,0,1
1.0,0,1
1.0,0,1
1.0,0,1
1.0,0,1
1.0,0,1
1.0,0,1
1.0,0,1
1.0,0,1
1.0,0,1
1.0,0,1
1.0,0,1
1.0,0,1
1.0,0,1
1.0,0,1
1.0,0,1
1.0,0,1
1.0,0,1
1.0,0,1
1.0,0,1
1.0,0,1
1.0,0,1
1.0,0,1
1.0,0,1
1.0,0,1
1.0,0,1
1.0,0,1
1.0,0,1
1.0,0,1
1.0,0,1
1.0,0,1
1.0,0,1
1.0,0,1
1.0,0,1
1.0,0,1
1.0,0,1
1.0,0,1
1.0,0,1
1.0,0,1
1.0,0,1
1.0,0,1
1.0,0,1
1.0,0,1
1.0,0,1
1.0,0,1
1.0,0,1
1.0,0,1
1.0,0,1
1.0,0,1
1.0,0,1
1.0,0,1
1.0,0,1
1.0,0,1
1.0,0,1
1.0,0,1
1.0,0,1
1.0,0,1
1.0,0,1
1.0,0,1
1.0,0,1
1.0,0,1
1.0,0,1
1.0,0,1
1.0,0,1
1.0,0,1
1.0,0,1
1.0,0,1
1.0,0,1
1.0,0,1
1.0,0,1
1.0,0,1
1.0,0,1
1.0,0,1
1.0,0,1
1.0,0,1
1.0,0,1
1.0,0,1
1.0,0,1
1.0,0,1
1.0,0,1
1.0,0,1
1.0,0,1
1.0,0,1
1.0,0,1
1.0,0,1
1.0,0,1
1.0,0,1
1.0,0,1
1.0,0,1
1.0,0,1
1.0,0,1
1.0,0,1
1.0,0,1
1.0,0,1
1.0,0,1
1.0,0,1
1.0,0,1
1.0,0,1
1.0,0,1
1.0,0,1
1.0,0,1
1.0,0,1
1.0,0,1
1.0,0,1
1.0,0,1
1.0,0,1
1.0,0,1
1.0,0,1
1.0,0,1
1.0,0,1
1.0,0,1
1.0,0,1
1.0,0,1
1.0,0,1
1.0,0,1
1.0,0,1
1.0,0,1
1.0,0,1
1.0,0,1
1.0,0,1
1.0,0,1
1.0,0,1
1.0,0,1
1.0,0,1
1.0,0,1
1.0,0,1
1.0,0,1
1.0,0,1
1.0,0,1
1.0,0,1
1.0,0,1
1.0,0,1
1.0,0,1
1.0,0,1
1.0,0,1
1.0,0,1
1.0,0,1
1.0,0,1
1.0,0,1
1.0,0,1
1.0,0,1
1.0,0,1
1.0,0,1
1.0,0,1
1.0,0,1
1.0,0,1
1.0,0,1
1.0,0,1
1.0,0,1
1.0,0,1
1.0,0,1
1.0,0,1
1.0,0,1
1.0,0,1
1.0,0,1
1.0,0,1
1.0,0,1
1.0,0,1
1.0,0,1
1.0,0,1
1.0,0,1
1.0,0,1
1.0,0,1
1.0,0,1
1.0,0,1
1.0,0,1
1.0,0,1
1.0,0,1
1.0,0,1
1.0,0,1
1.0,0,1
1.0,0,1
1.0,0,1
1.0,0,1
1.0,0,1
1.0,0,1
1.0,0,1
1.0,0,1
1.0,0,1
1.0,0,1
1.0,0,1
1.0,0,1
1.0,0,1
1.0,0,1
1.0,0,1
1.0,0,1
1.0,0,1
1.0,0,1
1.0,0,1
1.0,0,1
1.0,0,1
1.0,0,1
1.0,0,1
1.0,0,1
1.0,0,1
1.0,0,1
1.0,0,1
1.0,0,1
1.0,0,1
1.0,0,1
1.0,0,1
1.0,0,1
1.0,0,1
1.0,0,1
1.0,0,1
1.0,0,1
1.0,0,1
1.0,0,1
1.0,0,1
1.0,0,1
1.0,0,1
1.0,0,1
1.0,0,1
1.0,0,1
1.0,0,1
1.0,0,1
1.0,0,1
1.0,0,1
1.0,0,1
1.0,0,1
1.0,0,1
1.0,0,1
1.0,0,1
1.0,0,1
1.0,0,1
1.0,0,1
1.0,0,1
1.0,0,1
1.0,0,1
1.0,0,1
1.0,0,1
1.0,0,1
1.0,0,1
1.0,0,1
1.0,0,1
1.0,0,1
1.0,0,1
1.0,0,1
1.0,0,1
1.0,0,1
1.0,0,1
1.0,0,1
1.0,0,1
1.0,0,1
1.0,0,1
1.0,0,1
1.0,0,1
1.0,0,1
1.0,0,1
1.0,0,1
1.0,0,1
1.0,0,1
1.0,0,1
1.0,0,1
1.0,0,1
1.0,0,1
1.0,0,1
1.0,0,1
1.0,0,1
1.0,0,1
1.0,0,1
1.0,0,1
1.0,0,1
1.0,0,1
1.0,0,1
1.0,0,1
1.0,0,1
1.0,0,1
1.0,0,1
1.0,0,1
1.0,0,1
1.0,0,1
1.0,0,1
1.0,0,1
1.0,0,1
1.0,0,1
1.0,0,1
1.0,0,1
1.0,0,1
1.0,0,1
1.0,0,1
1.0,0,1
1.0,0,1
1.0,0,1
1.0,0,1
1.0,0,1
1.0,0,1
1.0,0,1
1.0,0,1
1.0,0,1
1.0,0,1
1.0,0,1
1.0,0,1
1.0,0,1
1.0,0,1
1.0,0,1
1.0,0,1
1.0,0,1
1.0,0,1
1.0,0,1
1.0,0,1
1.0,0,1
1.0,0,1
1.0,0,1
1.0,0,1
1.0,0,1
1.0,0,1
1.0,0,1
1.0,0,1
1.0,0,1
1.0,0,1
1.0,0,1
1.0,0,1
1.0,0,1
1.0,0,1
1.0,0,1
1.0,0,1
1.0,0,1
1.0,0,1
1.0,0,1
1.0,0,1
1.0,0,1
1.0,0,1
1.0,0,1
1.0,0,1
1.0,0,1
1.0,0,1
1.0,0,1
1.0,0,1
1.0,0,1
1.0,0,1
1.0,0,1
1.0,0,1
1.0,0,1
1.0,0,1
1.0,0,1
1.0,0,1
1.0,0,1
1.0,0,1
1.0,0,1
1.0,0,1
1.0,0,1
1.0,0,1
1.0,0,1
1.0,0,1
1.0,0,1
1.0,0,1
1.0,0,1
1.0,0,1
1.0,0,1
1.0,0,1
1.0,0,1
1.0,0,1
1.0,0,1
1.0,0,1
1.0,0,1
1.0,0,1
1.0,0,1
1.0,0,1
1.0,0,1
1.0,0,1
1.0,0,1
1.0,0,1
1.0,0,1
1.0,0,1
1.0,0,1
1.0,0,1
1.0,0,1
1.0,0,1
1.0,0,1
1.0,0,1
1.0,0,1
1.0,0,1
1.0,0,1
1.0,0,1
1.0,0,1
1.0,0,1
1.0,0,1
1.0,0,1
1.0,0,1
1.0,0,1
1.0,0,1
1.0,0,1
1.0,0,1
1.0,0,1
1.0,0,1
1.0,0,1
1.0,0,1
1.0,0,1
1.0,0,1
1.0,0,1
1.0,0,1
1.0,0,1
1.0,0,1
1.0,0,1
1.0,0,1
1.0,0,1
1.0,0,1
1.0,0,1
1.0,0,1
1.0,0,1
1.0,0,1
1.0,0,1
1.0,0,1
1.0,0,1
1.0,0,1
1.0,0,1
1.0,0,1
1.0,0,1
1.0,0,1
1.0,0,1
1.0,0,1
1.0,0,1
1.0,0,1
1.0,0,1
1.0,0,1
1.0,0,1
1.0,0,1
1.0,0,1
1.0,0,1
1.0,0,1
1.0,0,1
1.0,0,1
1.0,0,1
1.0,0,1
1.0,0,1
1.0,0,1
1.0,0,1
1.0,0,1
1.0,0,1
1.0,0,1
1.0,0,1
1.0,0,1
1.0,0,1
1.0,0,1
1.0,0,1
1.0,0,1
1.0,0,1
1.0,0,1
1.0,0,1
1.0,0,1
1.0,0,1
1.0,0,1
1.0,0,1
1.0,0,1
1.0,0,1
1.0,0,1
1.0,0,1
1.0,0,1
1.0,0,1
1.0,0,1
1.0,0,1
1.0,0,1
1.0,0,1
1.0,0,1
1.0,0,1
1.0,0,1
1.0,0,1
1.0,0,1
1.0,0,1
1.0,0,1
1.0,0,1
1.0,0,1
1.0,0,1
1.0,0,1
1.0,0,1
1.0,0,1
1.0,0,1
1.0,0,1
1.0,0,1
1.0,0,1
1.0,0,1
1.0,0,1
1.0,0,1
1.0,0,1
1.0,0,1
1.0,0,1
1.0,0,1
1.0,0,1
1.0,0,1
1.0,0,1
1.0,0,1
1.0,0,1
1.0,0,1
1.0,0,1
1.0,0,1
1.0,0,1
1.0,0,1
1.0,0,1
1.0,0,1
1.0,0,1
1.0,0,1
1.0,0,1
1.0,0,1
1.0,0,1
1.0,0,1
1.0,0,1
1.0,0,1
1.0,0,1
1.0,0,1
1.0,0,1
1.0,0,1
1.0,0,1
1.0,0,1
1.0,0,1
1.0,0,1
1.0,0,1
1.0,0,1
1.0,0,1
1.0,0,1
1.0,0,1
1.0,0,1
1.0,0,1
1.0,0,1
1.0,0,1
1.0,0,1
1.0,0,1
1.0,0,1
1.0,0,1
1.0,0,1
1.0,0,1
1.0,0,1
1.0,0,1
1.0,0,1
1.0,0,1
1.0,0,1
1.0,0,1
1.0,0,1
1.0,0,1
1.0,0,1
1.0,0,1
1.0,0,1
1.0,0,1
1.0,0,1
1.0,0,1
1.0,0,1
1.0,0,1
1.0,0,1
1.0,0,1
1.0,0,1
1.0,0,1
1.0,0,1
1.0,0,1
1.0,0,1
1.0,0,1
1.0,0,1
1.0,0,1
1.0,0,1
1.0,0,1
1.0,0,1
1.0,0,1
1.0,0,1
1.0,0,1
1.0,0,1
1.0,0,1
1.0,0,1
1.0,0,1
1.0,0,1
1.0,0,1
1.0,0,1
1.0,0,1
1.0,0,1
1.0,0,1
1.0,0,1
1.0,0,1
1.0,0,1
1.0,0,1
1.0,0,1
1.0,0,1
1.0,0,1
1.0,0,1
1.0,0,1
1.0,0,1
1.0,0,1
1.0,0,1
1.0,0,1
1.0,0,1
1.0,0,1
1.0,0,1
1.0,0,1
1.0,0,1
1.0,0,1
1.0,0,1
1.0,0,1
1.0,0,1
1.0,0,1
1.0,0,1
1.0,0,1
1.0,0,1
1.0,0,1
1.0,0,1
1.0,0,1
1.0,0,1
1.0,0,1
1.0,0,1
1.0,0,1
1.0,0,1
1.0,0,1
1.0,0,1
1.0,0,1
1.0,0,1
1.0,0,1
1.0,0,1
1.0,0,1
1.0,0,1
1.0,0,1
1.0,0,1
1.0,0,1
1.0,0,1
1.0,0,1
1.0,0,1
1.0,0,1
1.0,0,1
1.0,0,1
1.0,0,1
1.0,0,1
1.0,0,1
1.0,0,1
1.0,0,1
1.0,0,1
1.0,0,1
1.0,0,1
1.0,0,1
1.0,0,1
1.0,0,1
1.0,0,1
1.0,0,1
1.0,0,1
1.0,0,1
1.0,0,1
1.0,0,1
1.0,0,1
1.0,0,1
1.0,0,1
1.0,0,1
1.0,0,1
1.0,0,1
1.0,0,1
1.0,0,1
1.0,0,1
1.0,0,1
1.0,0,1
1.0,0,1
1.0,0,1
1.0,0,1
1.0,0,1
1.0,0,1
1.0,0,1
1.0,0,1
1.0,0,1
1.0,0,1
1.0,0,1
1.0,0,1
1.0,0,1
1.0,0,1
1.0,0,1
1.0,0,1
1.0,0,1
1.0,0,1
1.0,0,1
1.0,0,1
1.0,0,1
1.0,0,1
1.0,0,1
1.0,0,1
1.0,0,1
1.0,0,1
1.0,0,1
1.0,0,1
1.0,0,1
1.0,0,1
1.0,0,1
1.0,0,1
1.0,0,1
1.0,0,1
1.0,0,1
1.0,0,1
1.0,0,1
1.0,0,1
1.0,0,1
1.0,0,1
1.0,0,1
1.0,0,1
1.0,0,1
1.0,0,1
1.0,0,1
1.0,0,1
1.0,0,1
1.0,0,1
1.0,0,1
1.0,0,1
1.0,0,1
1.0,0,1
1.0,0,1
1.0,0,1
1.0,0,1
1.0,0,1
1.0,0,1
1.0,0,1
1.0,0,1
1.0,0,1
1.0,0,1
1.0,0,1
1.0,0,1
1.0,0,1
1.0,0,1
1.0,0,1
1.0,0,1
1.0,0,1
1.0,0,1
1.0,0,1
1.0,0,1
1.0,0,1
1.0,0,1
1.0,0,1
1.0,0,1
1.0,0,1
1.0,0,1
1.0,0,1
1.0,0,1
1.0,0,1
1.0,0,1
1.0,0,1
1.0,0,1
1.0,0,1
1.0,0,1
1.0,0,1
1.0,0,1
1.0,0,1
1.0,0,1
1.0,0,1
1.0,0,1
1.0,0,1
1.0,0,1
1.0,0,1
1.0,0,1
1.0,0,1
1.0,0,1
1.0,0,1
1.0,0,1
1.0,0,1
1.0,0,1
1.0,0,1
1.0,0,1
1.0,0,1
1.0,0,1
1.0,0,1
1.0,0,1
1.0,0,1
1.0,0,1
1.0,0,1
1.0,0,1
1.0,0,1
1.0,0,1
1.0,0,1
1.0,0,1
1.0,0,1
1.0,0,1
1.0,0,1
1.0,0,1
1.0,0,1
1.0,0,1
1.0,0,1
1.0,0,1
1.0,0,1
1.0,0,1
1.0,0,1
1.0,0,1
1.0,0,1
1.0,0,1
1.0,0,1
1.0,0,1
1.0,0,1
1.0,0,1
1.0,0,1
1.0,0,1
1.0,0,1
1.0,0,1
1.0,0,1
1.0,0,1
1.0,0,1
1.0,0,1
1.0,0,1
1.0,0,1
1.0,0,1
1.0,0,1
1.0,0,1
1.0,0,1
1.0,0,1
1.0,0,1
1.0,0,1
1.0,0,1
1.0,0,1
1.0,0,1
1.0,0,1
1.0,0,1
1.0,0,1
1.0,0,1
1.0,0,1
1.0,0,1
1.0,0,1
1.0,0,1
1.0,0,1
1.0,0,1
1.0,0,1
1.0,0,1
1.0,0,1
1.0,0,1
1.0,0,1
1.0,0,1
1.0,0,1
1.0,0,1
1.0,0,1
1.0,0,1
1.0,0,1
1.0,0,1
1.0,0,1
1.0,0,1
1.0,0,1
1.0,0,1
1.0,0,1
1.0,0,1
1.0,0,1
1.0,0,1
1.0,0,1
1.0,0,1
1.0,0,1
1.0,0,1
1.0,0,1
1.0,0,1
1.0,0,1
1.0,0,1
1.0,0,1
1.0,0,1
1.0,0,1
1.0,0,1
1.0,0,1
1.0,0,1
1.0,0,1
1.0,0,1
1.0,0,1
1.0,0,1
1.0,0,1
1.0,0,1
1.0,0,1
1.0,0,1
1.0,0,1
1.0,0,1
1.0,0,1
1.0,0,1
1.0,0,1
1.0,0,1
1.0,0,1
1.0,0,1
1.0,0,1
1.0,0,1
1.0,0,1
1.0,0,1
1.0,0,1
1.0,0,1
1.0,0,1
1.0,0,1
1.0,0,1
1.0,0,1
1.0,0,1
1.0,0,1
1.0,0,1
1.0,0,1
1.0,0,1
1.0,0,1
1.0,0,1
1.0,0,1
1.0,0,1
1.0,0,1
1.0,0,1
1.0,0,1
1.0,0,1
1.0,0,1
1.0,0,1
1.0,0,1
1.0,0,1
1.0,0,1
1.0,0,1
1.0,0,1
1.0,0,1
1.0,0,1
1.0,0,1
1.0,0,1
1.0,0,1
1.0,0,1
1.0,0,1
1.0,0,1
1.0,0,1
1.0,0,1
1.0,0,1
1.0,0,1
1.0,0,1
1.0,0,1
1.0,0,1
1.0,0,1
1.0,0,1
1.0,0,1
1.0,0,1
1.0,0,1
1.0,0,1
1.0,0,1
1.0,0,1
1.0,0,1
1.0,0,1
1.0,0,1
1.0,0,1
1.0,0,1
1.0,0,1
1.0,0,1
1.0,0,1
1.0,0,1
1.0,0,1
1.0,0,1
1.0,0,1
1.0,0,1
1.0,0,1
1.0,0,1
1.0,0,1
1.0,0,1
1.0,0,1
1.0,0,1
1.0,0,1
1.0,0,1
1.0,0,1
1.0,0,1
1.0,0,1
1.0,0,1
1.0,0,1
1.0,0,1
1.0,0,1
1.0,0,1
1.0,0,1
1.0,0,1
1.0,0,1
1.0,0,1
1.0,0,1
1.0,0,1
1.0,0,1
1.0,0,1
1.0,0,1
1.0,0,1
1.0,0,1
1.0,0,1
1.0,0,1
1.0,0,1
1.0,0,1
1.0,0,1
1.0,0,1
1.0,0,1
1.0,0,1
1.0,0,1
1.0,0,1
1.0,0,1
1.0,0,1
1.0,0,1
1.0,0,1
1.0,0,1
1.0,0,1
1.0,0,1
1.0,0,1
1.0,0,1
1.0,0,1
1.0,0,1
1.0,0,1
1.0,0,1
1.0,0,1
1.0,0,1
1.0,0,1
1.0,0,1
1.0,0,1
1.0,0,1
1.0,0,1
1.0,0,1
1.0,0,1
1.0,0,1
1.0,0,1
1.0,0,1
1.0,0,1
1.0,0,1
1.0,0,1
1.0,0,1
1.0,0,1
1.0,0,1
1.0,0,1
1.0,0,1
1.0,0,1
1.0,0,1
1.0,0,1
1.0,0,1
1.0,0,1
1.0,0,1
1.0,0,1
1.0,0,1
1.0,0,1
1.0,0,1
1.0,0,1
1.0,0,1
1.0,0,1
1.0,0,1
1.0,0,1
1.0,0,1
1.0,0,1
1.0,0,1
1.0,0,1
1.0,0,1
1.0,0,1
1.0,0,1
1.0,0,1
1.0,0,1
1.0,0,1
1.0,0,1
1.0,0,1
1.0,0,1
1.0,0,1
1.0,0,1
1.0,0,1
1.0,0,1
1.0,0,1
1.0,0,1
1.0,0,1
1.0,0,1
1.0,0,1
1.0,0,1
1.0,0,1
1.0,0,1
1.0,0,1
1.0,0,1
1.0,0,1
1.0,0,1
1.0,0,1
1.0,0,1
1.0,0,1
1.0,0,1
1.0,0,1
1.0,0,1
1.0,0,1
1.0,0,1
1.0,0,1
1.0,0,1
1.0,0,1
1.0,0,1
1.0,0,1
1.0,0,1
1.0,0,1
1.0,0,1
1.0,0,1
1.0,0,1
1.0,0,1
1.0,0,1
1.0,0,1
1.0,0,1
1.0,0,1
1.0,0,1
1.0,0,1
1.0,0,1
1.0,0,1
1.0,0,1
1.0,0,1
1.0,0,1
1.0,0,1
1.0,0,1
1.0,0,1
1.0,0,1
1.0,0,1
1.0,0,1
1.0,0,1
1.0,0,1
1.0,0,1
1.0,0,1
1.0,0,1
1.0,0,1
1.0,0,1
1.0,0,1
1.0,0,1
1.0,0,1
1.0,0,1
1.0,0,1
1.0,0,1
1.0,0,1
1.0,0,1
1.0,0,1
1.0,0,1
1.0,0,1
1.0,0,1
1.0,0,1
1.0,0,1
1.0,0,1
1.0,0,1
1.0,0,1
1.0,0,1
1.0,0,1
1.0,0,1
1.0,0,1
1.0,0,1
1.0,0,1
1.0,0,1
1.0,0,1
1.0,0,1
1.0,0,1
1.0,0,1
1.0,0,1
1.0,0,1
1.0,0,1
1.0,0,1
1.0,0,1
1.0,0,1
1.0,0,1
1.0,0,1
1.0,0,1
1.0,0,1
1.0,0,1
1.0,0,1
1.0,0,1
1.0,0,1
1.0,0,1
1.0,0,1
1.0,0,1
1.0,0,1
1.0,0,1
1.0,0,1
1.0,0,1
1.0,0,1
1.0,0,1
1.0,0,1
1.0,0,1
1.0,0,1
1.0,0,1
1.0,0,1
1.0,0,1
1.0,0,1
1.0,0,1
1.0,0,1
1.0,0,1
1.0,0,1
1.0,0,1
1.0,0,1
1.0,0,1
1.0,0,1
1.0,0,1
1.0,0,1
1.0,0,1
1.0,0,1
1.0,0,1
1.0,0,1
1.0,0,1
1.0,0,1
1.0,0,1
1.0,0,1
1.0,0,1
1.0,0,1
1.0,0,1
1.0,0,1
1.0,0,1
1.0,0,1
1.0,0,1
1.0,0,1
1.0,0,1
1.0,0,1
1.0,0,1
1.0,0,1
1.0,0,1
1.0,0,1
1.0,0,1
1.0,0,1
1.0,0,1
1.0,0,1
1.0,0,1
1.0,0,1
1.0,0,1
1.0,0,1
1.0,0,1
1.0,0,1
1.0,0,1
1.0,0,1
1.0,0,1
1.0,0,1
1.0,0,1
1.0,0,1
1.0,0,1
1.0,0,1
1.0,0,1
1.0,0,1
1.0,0,1
1.0,0,1
1.0,0,1
1.0,0,1
1.0,0,1
1.0,0,1
1.0,0,1
1.0,0,1
1.0,0,1
1.0,0,1
1.0,0,1
1.0,0,1
1.0,0,1
1.0,0,1
1.0,0,1
1.0,0,1
1.0,0,1
1.0,0,1
1.0,0,1
1.0,0,1
1.0,0,1
1.0,0,1
1.0,0,1
1.0,0,1
1.0,0,1
1.0,0,1
1.0,0,1
1.0,0,1
1.0,0,1
1.0,0,1
1.0,0,1
1.0,0,1
1.0,0,1
1.0,0,1
1.0,0,1
1.0,0,1
1.0,0,1
1.0,0,1
1.0,0,1
1.0,0,1
1.0,0,1
1.0,0,1
1.0,0,1
1.0,0,1
1.0,0,1
1.0,0,1
1.0,0,1
1.0,0,1
1.0,0,1
1.0,0,1
1.0,0,1
1.0,0,1
1.0,0,1
1.0,0,1
1.0,0,1
1.0,0,1
1.0,0,1
1.0,0,1
1.0,0,1
1.0,0,1
1.0,0,1
1.0,0,1
1.0,0,1
1.0,0,1
1.0,0,1
1.0,0,1
1.0,0,1
1.0,0,1
1.0,0,1
1.0,0,1
1.0,0,1
1.0,0,1
1.0,0,1
1.0,0,1
1.0,0,1
1.0,0,1
1.0,0,1
1.0,0,1
1.0,0,1
1.0,0,1
1.0,0,1
1.0,0,1
1.0,0,1
1.0,0,1
1.0,0,1
1.0,0,1
1.0,0,1
1.0,0,1
1.0,0,1
1.0,0,1
1.0,0,1
1.0,0,1
1.0,0,1
1.0,0,1
1.0,0,1
1.0,0,1
1.0,0,1
1.0,0,1
1.0,0,1
1.0,0,1
1.0,0,1
1.0,0,1
1.0,0,1
1.0,0,1
1.0,0,1
1.0,0,1
1.0,0,1
1.0,0,1
1.0,0,1
1.0,0,1
1.0,0,1
1.0,0,1
1.0,0,1
1.0,0,1
1.0,0,1
1.0,0,1
1.0,0,1
1.0,0,1
1.0,0,1
1.0,0,1
1.0,0,1
1.0,0,1
1.0,0,1
1.0,0,1
1.0,0,1
1.0,0,1
1.0,0,1
1.0,0,1
1.0,0,1
1.0,0,1
1.0,0,1
1.0,0,1
1.0,0,1
1.0,0,1
1.0,0,1
1.0,0,1
1.0,0,1
1.0,0,1
1.0,0,1
1.0,0,1
1.0,0,1
1.0,0,1
1.0,0,1
1.0,0,1
1.0,0,1
1.0,0,1
1.0,0,1
1.0,0,1
1.0,0,1
1.0,0,1
1.0,0,1
1.0,0,1
1.0,0,1
1.0,0,1
1.0,0,1
1.0,0,1
1.0,0,1
1.0,0,1
1.0,0,1
1.0,0,1
1.0,0,1
1.0,0,1
1.0,0,1
1.0,0,1
1.0,0,1
1.0,0,1
1.0,0,1
1.0,0,1
1.0,0,1
1.0,0,1
1.0,0,1
1.0,0,1
1.0,0,1
1.0,0,1
1.0,0,1
1.0,0,1
1.0,0,1
1.0,0,1
1.0,0,1
1.0,0,1
1.0,0,1
1.0,0,1
1.0,0,1
1.0,0,1
1.0,0,1
1.0,0,1
1.0,0,1
1.0,0,1
1.0,0,1
1.0,0,1
1.0,0,1
1.0,0,1
1.0,0,1
1.0,0,1
1.0,0,1
1.0,0,1
1.0,0,1
1.0,0,1
1.0,0,1
1.0,0,1
1.0,0,1
1.0,0,1
1.0,0,1
1.0,0,1
1.0,0,1
1.0,0,1
1.0,0,1
1.0,0,1
1.0,0,1
1.0,0,1
1.0,0,1
1.0,0,1
1.0,0,1
1.0,0,1
1.0,0,1
1.0,0,1
1.0,0,1
1.0,0,1
1.0,0,1
1.0,0,1
1.0,0,1
1.0,0,1
1.0,0,1
1.0,0,1
1.0,0,1
1.0,0,1
1.0,0,1
1.0,0,1
1.0,0,1
1.0,0,1
1.0,0,1
1.0,0,1
1.0,0,1
1.0,0,1
1.0,0,1
1.0,0,1
1.0,0,1
1.0,0,1
1.0,0,1
1.0,0,1
1.0,0,1
1.0,0,1
1.0,0,1
1.0,0,1
1.0,0,1
1.0,0,1
1.0,0,1
1.0,0,1
1.0,0,1
1.0,0,1
1.0,0,1
1.0,0,1
1.0,0,1
1.0,0,1
1.0,0,1
1.0,0,1
1.0,0,1
1.0,0,1
1.0,0,1
1.0,0,1
1.0,0,1
1.0,0,1
1.0,0,1
1.0,0,1
1.0,0,1
1.0,0,1
1.0,0,1
1.0,0,1
1.0,0,1
1.0,0,1
1.0,0,1
1.0,0,1
1.0,0,1
1.0,0,1
1.0,0,1
1.0,0,1
1.0,0,1
1.0,0,1
1.0,0,1
1.0,0,1
1.0,0,1
1.0,0,1
1.0,0,1
1.0,0,1
1.0,0,1
1.0,0,1
1.0,0,1
1.0,0,1
1.0,0,1
1.0,0,1
1.0,0,1
1.0,0,1
1.0,0,1
1.0,0,1
1.0,0,1
1.0,0,1
1.0,0,1
1.0,0,1
1.0,0,1
1.0,0,1
1.0,0,1
1.0,0,1
1.0,0,1
1.0,0,1
1.0,0,1
1.0,0,1
1.0,0,1
1.0,0,1
1.0,0,1
1.0,0,1
1.0,0,1
1.0,0,1
1.0,0,1
1.0,0,1
1.0,0,1
1.0,0,1
1.0,0,1
1.0,0,1
1.0,0,1
1.0,0,1
1.0,0,1
1.0,0,1
1.0,0,1
1.0,0,1
1.0,0,1
1.0,0,1
1.0,0,1
1.0,0,1
1.0,0,1
1.0,0,1
1.0,0,1
1.0,0,1
1.0,0,1
1.0,0,1
1.0,0,1
1.0,0,1
1.0,0,1
1.0,0,1
1.0,0,1
1.0,0,1
1.0,0,1
1.0,0,1
1.0,0,1
1.0,0,1
1.0,0,1
1.0,0,1
1.0,0,1
1.0,0,1
1.0,0,1
1.0,0,1
1.0,0,1
1.0,0,1
1.0,0,1
1.0,0,1
1.0,0,1
1.0,0,1
1.0,0,1
1.0,0,1
1.0,0,1
1.0,0,1
1.0,0,1
1.0,0,1
1.0,0,1
1.0,0,1
1.0,0,1
1.0,0,1
1.0,0,1
1.0,0,1
1.0,0,1
1.0,0,1
1.0,0,1
1.0,0,1
1.0,0,1
1.0,0,1
1.0,0,1
1.0,0,1
1.0,0,1
1.0,0,1
1.0,0,1
1.0,0,1
1.0,0,1
1.0,0,1
1.0,0,1
1.0,0,1
1.0,0,1
1.0,0,1
1.0,0,1
1.0,0,1
1.0,0,1
1.0,0,1
1.0,0,1
1.0,0,1
1.0,0,1
1.0,0,1
1.0,0,1
1.0,0,1
1.0,0,1
1.0,0,1
1.0,0,1
1.0,0,1
1.0,0,1
1.0,0,1
1.0,0,1
1.0,0,1
1.0,0,1
1.0,0,1
1.0,0,1
1.0,0,1
1.0,0,1
1.0,0,1
1.0,0,1
1.0,0,1
1.0,0,1
1.0,0,1
1.0,0,1
1.0,0,1
1.0,0,1
1.0,0,1
1.0,0,1
1.0,0,1
1.0,0,1
1.0,0,1
1.0,0,1
1.0,0,1
1.0,0,1
1.0,0,1
1.0,0,1
1.0,0,1
1.0,0,1
1.0,0,1
1.0,0,1
1.0,0,1
1.0,0,1
1.0,0,1
1.0,0,1
1.0,0,1
1.0,0,1
1.0,0,1
1.0,0,1
1.0,0,1
1.0,0,1
1.0,0,1
1.0,0,1
1.0,0,1
1.0,0,1
1.0,0,1
1.0,0,1
1.0,0,1
1.0,0,1
1.0,0,1
1.0,0,1
1.0,0,1
1.0,0,1
1.0,0,1
1.0,0,1
1.0,0,1
1.0,0,1
1.0,0,1
1.0,0,1
1.0,0,1
1.0,0,1
1.0,0,1
1.0,0,1
1.0,0,1
1.0,0,1
1.0,0,1
1.0,0,1
1.0,0,1
1.0,0,1
1.0,0,1
1.0,0,1
1.0,0,1
1.0,0,1
1.0,0,1
1.0,0,1
1.0,0,1
1.0,0,1
1.0,0,1
1.0,0,1
1.0,0,1
1.0,0,1
1.0,0,1
1.0,0,1
1.0,0,1
1.0,0,1
1.0,0,1
1.0,0,1
1.0,0,1
1.0,0,1
1.0,0,1
1.0,0,1
1.0,0,1
1.0,0,1
1.0,0,1
1.0,0,1
1.0,0,1
1.0,0,1
1.0,0,1
1.0,0,1
1.0,0,1
1.0,0,1
1.0,0,1
1.0,0,1
1.0,0,1
1.0,0,1
1.0,0,1
1.0,0,1
1.0,0,1
1.0,0,1
1.0,0,1
1.0,0,1
1.0,0,1
1.0,0,1
1.0,0,1
1.0,0,1
1.0,0,1
1.0,0,1
1.0,0,1
1.0,0,1
1.0,0,1
1.0,0,1
1.0,0,1
1.0,0,1
1.0,0,1
1.0,0,1
1.0,0,1
1.0,0,1
1.0,0,1
1.0,0,1
1.0,0,1
1.0,0,1
1.0,0,1
1.0,0,1
1.0,0,1
1.0,0,1
1.0,0,1
1.0,0,1
1.0,0,1
1.0,0,1
1.0,0,1
1.0,0,1
1.0,0,1
1.0,0,1
1.0,0,1
1.0,0,1
1.0,0,1
1.0,0,1
1.0,0,1
1.0,0,1
1.0,0,1
1.0,0,1
1.0,0,1
1.0,0,1
1.0,0,1
1.0,0,1
1.0,0,1
1.0,0,1
1.0,0,1
1.0,0,1
1.0,0,1
1.0,0,1
1.0,0,1
1.0,0,1
1.0,0,1
1.0,0,1
1.0,0,1
1.0,0,1
1.0,0,1
1.0,0,1
1.0,0,1
1.0,0,1
1.0,0,1
1.0,0,1
1.0,0,1
1.0,0,1
1.0,0,1
1.0,0,1
1.0,0,1
1.0,0,1
1.0,0,1
1.0,0,1
1.0,0,1
1.0,0,1
1.0,0,1
1.0,0,1
1.0,0,1
1.0,0,1
1.0,0,1
1.0,0,1
1.0,0,1
1.0,0,1
1.0,0,1
1.0,0,1
1.0,0,1
1.0,0,1
1.0,0,1
1.0,0,1
1.0,0,1
1.0,0,1
1.0,0,1
1.0,0,1
1.0,0,1
1.0,0,1
1.0,0,1
1.0,0,1
1.0,0,1
1.0,0,1
1.0,0,1
1.0,0,1
1.0,0,1
1.0,0,1
1.0,0,1
1.0,0,1
1.0,0,1
1.0,0,1
1.0,0,1
1.0,0,1
1.0,0,1
1.0,0,1
1.0,0,1
1.0,0,1
1.0,0,1
1.0,0,1
1.0,0,1
1.0,0,1
1.0,0,1
1.0,0,1
1.0,0,1
1.0,0,1
1.0,0,1
1.0,0,1
1.0,0,1
1.0,0,1
1.0,0,1
1.0,0,1
1.0,0,1
1.0,0,1
1.0,0,1
1.0,0,1
1.0,0,1
1.0,0,1
1.0,0,1
1.0,0,1
1.0,0,1
1.0,0,1
1.0,0,1
1.0,0,1
1.0,0,1
1.0,0,1
1.0,0,1
1.0,0,1
1.0,0,1
1.0,0,1
1.0,0,1
1.0,0,1
1.0,0,1
1.0,0,1
1.0,0,1
1.0,0,1
1.0,0,1
1.0,0,1
1.0,0,1
1.0,0,1
1.0,0,1
1.0,0,1
1.0,0,1
1.0,0,1
1.0,0,1
1.0,0,1
1.0,0,1
1.0,0,1
1.0,0,1
1.0,0,1
1.0,0,1
1.0,0,1
1.0,0,1
1.0,0,1
1.0,0,1
1.0,0,1
1.0,0,1
1.0,0,1
1.0,0,1
1.0,0,1
1.0,0,1
1.0,0,1
1.0,0,1
1.0,0,1
1.0,0,1
1.0,0,1
1.0,0,1
1.0,0,1
1.0,0,1
1.0,0,1
1.0,0,1
1.0,0,1
1.0,0,1
1.0,0,1
1.0,0,1
1.0,0,1
1.0,0,1
1.0,0,1
1.0,0,1
1.0,0,1
1.0,0,1
1.0,0,1
1.0,0,1
1.0,0,1
1.0,0,1
1.0,0,1
1.0,0,1
1.0,0,1
1.0,0,1
1.0,0,1
1.0,0,1
1.0,0,1
1.0,0,1
1.0,0,1
1.0,0,1
1.0,0,1
1.0,0,1
1.0,0,1
1.0,0,1
1.0,0,1
1.0,0,1
1.0,0,1
1.0,0,1
1.0,0,1
1.0,0,1
1.0,0,1
1.0,0,1
1.0,0,1
1.0,0,1
1.0,0,1
1.0,0,1
1.0,0,1
1.0,0,1
1.0,0,1
1.0,0,1
1.0,0,1
1.0,0,1
1.0,0,1
1.0,0,1
1.0,0,1
1.0,0,1
1.0,0,1
1.0,0,1
1.0,0,1
1.0,0,1
1.0,0,1
1.0,0,1
1.0,0,1
1.0,0,1
1.0,0,1
1.0,0,1
1.0,0,1
1.0,0,1
1.0,0,1
1.0,0,1
1.0,0,1
1.0,0,1
1.0,0,1
1.0,0,1
1.0,0,1
1.0,0,1
1.0,0,1
1.0,0,1
1.0,0,1
1.0,0,1
1.0,0,1
1.0,0,1
1.0,0,1
1.0,0,1
1.0,0,1
1.0,0,1
1.0,0,1
1.0,0,1
1.0,0,1
1.0,0,1
1.0,0,1
1.0,0,1
1.0,0,1
1.0,0,1
1.0,0,1
1.0,0,1
1.0,0,1
1.0,0,1
1.0,0,1
1.0,0,1
1.0,0,1
1.0,0,1
1.0,0,1
1.0,0,1
1.0,0,1
1.0,0,1
1.0,0,1
1.0,0,1
1.0,0,1
1.0,0,1
1.0,0,1
1.0,0,1
1.0,0,1
1.0,0,1
1.0,0,1
1.0,0,1
1.0,0,1
1.0,0,1
1.0,0,1
1.0,0,1
1.0,0,1
1.0,0,1
1.0,0,1
1.0,0,1
1.0,0,1
1.0,0,1
1.0,0,1
1.0,0,1
1.0,0,1
1.0,0,1
1.0,0,1
1.0,0,1
1.0,0,1
1.0,0,1
1.0,0,1
1.0,0,1
1.0,0,1
1.0,0,1
1.0,0,1
1.0,0,1
1.0,0,1
1.0,0,1
1.0,0,1
1.0,0,1
1.0,0,1
1.0,0,1
1.0,0,1
1.0,0,1
1.0,0,1
1.0,0,1
1.0,0,1
1.0,0,1
1.0,0,1
1.0,0,1
1.0,0,1
1.0,0,1
1.0,0,1
1.0,0,1
1.0,0,1
1.0,0,1
1.0,0,1
1.0,0,1
1.0,0,1
1.0,0,1
1.0,0,1
1.0,0,1
1.0,0,1
1.0,0,1
1.0,0,1
1.0,0,1
1.0,0,1
1.0,0,1
1.0,0,1
1.0,0,1
1.0,0,1
1.0,0,1
1.0,0,1
1.0,0,1
1.0,0,1
1.0,0,1
1.0,0,1
1.0,0,1
1.0,0,1
1.0,0,1
1.0,0,1
1.0,0,1
1.0,0,1
1.0,0,1
1.0,0,1
1.0,0,1
1.0,0,1
1.0,0,1
1.0,0,1
1.0,0,1
1.0,0,1
1.0,0,1
1.0,0,1
1.0,0,1
1.0,0,1
1.0,0,1
1.0,0,1
1.0,0,1
1.0,0,1
1.0,0,1
1.0,0,1
1.0,0,1
1.0,0,1
1.0,0,1
1.0,0,1
1.0,0,1
1.0,0,1
1.0,0,1
1.0,0,1
1.0,0,1
1.0,0,1
1.0,0,1
1.0,0,1
1.0,0,1
1.0,0,1
1.0,0,1
1.0,0,1
1.0,0,1
1.0,0,1
1.0,0,1
1.0,0,1
1.0,0,1
1.0,0,1
1.0,0,1
1.0,0,1
1.0,0,1
1.0,0,1
1.0,0,1
1.0,0,1
1.0,0,1
1.0,0,1
1.0,0,1
1.0,0,1
1.0,0,1
1.0,0,1
1.0,0,1
1.0,0,1
1.0,0,1
1.0,0,1
1.0,0,1
1.0,0,1
1.0,0,1
1.0,0,1
1.0,0,1
1.0,0,1
1.0,0,1
1.0,0,1
1.0,0,1
1.0,0,1
1.0,0,1
1.0,0,1
1.0,0,1
1.0,0,1
1.0,0,1
1.0,0,1
1.0,0,1
1.0,0,1
1.0,0,1
1.0,0,1
1.0,0,1
1.0,0,1
1.0,0,1
1.0,0,1
1.0,0,1
1.0,0,1
1.0,0,1
1.0,0,1
1.0,0,1
1.0,0,1
1.0,0,1
1.0,0,1
1.0,0,1
1.0,0,1
1.0,0,1
1.0,0,1
1.0,0,1
1.0,0,1
1.0,0,1
1.0,0,1
1.0,0,1
1.0,0,1
1.0,0,1
1.0,0,1
1.0,0,1
1.0,0,1
1.0,0,1
1.0,0,1
1.0,0,1
1.0,0,1
1.0,0,1
1.0,0,1
1.0,0,1
1.0,0,1
1.0,0,1
1.0,0,1
1.0,0,1
1.0,0,1
1.0,0,1
1.0,0,1
1.0,0,1
1.0,0,1
1.0,0,1
1.0,0,1
1.0,0,1
1.0,0,1
1.0,0,1
1.0,0,1
1.0,0,1
1.0,0,1
1.0,0,1
1.0,0,1
1.0,0,1
1.0,0,1
1.0,0,1
1.0,0,1
1.0,0,1
1.0,0,1
1.0,0,1
1.0,0,1
1.0,0,1
1.0,0,1
1.0,0,1
1.0,0,1
1.0,0,1
1.0,0,1
1.0,0,1
1.0,0,1
1.0,0,1
1.0,0,1
1.0,0,1
1.0,0,1
1.0,0,1
1.0,0,1
1.0,0,1
1.0,0,1
1.0,0,1
1.0,0,1
1.0,0,1
1.0,0,1
1.0,0,1
1.0,0,1
1.0,0,1
1.0,0,1
1.0,0,1
1.0,0,1
1.0,0,1
1.0,0,1
1.0,0,1
1.0,0,1
1.0,0,1
1.0,0,1
1.0,0,1
1.0,0,1
1.0,0,1
1.0,0,1
1.0,0,1
1.0,0,1
1.0,0,1
1.0,0,1
1.0,0,1
1.0,0,1
1.0,0,1
1.0,0,1
1.0,0,1
1.0,0,1
1.0,0,1
1.0,0,1
1.0,0,1
1.0,0,1
1.0,0,1
1.0,0,1
1.0,0,1
1.0,0,1
1.0,0,1
1.0,0,1
1.0,0,1
1.0,0,1
1.0,0,1
1.0,0,1
1.0,0,1
1.0,0,1
1.0,0,1
1.0,0,1
1.0,0,1
1.0,0,1
1.0,0,1
1.0,0,1
1.0,0,1
1.0,0,1
1.0,0,1
1.0,0,1
1.0,0,1
1.0,0,1
1.0,0,1
1.0,0,1
1.0,0,1
1.0,0,1
1.0,0,1
1.0,0,1
1.0,0,1
1.0,0,1
1.0,0,1
1.0,0,1
1.0,0,1
1.0,0,1
1.0,0,1
1.0,0,1
1.0,0,1
1.0,0,1
1.0,0,1
1.0,0,1
1.0,0,1
1.0,0,1
1.0,0,1
1.0,0,1
1.0,0,1
1.0,0,1
1.0,0,1
1.0,0,1
1.0,0,1
1.0,0,1
1.0,0,1
1.0,0,1
1.0,0,1
1.0,0,1
1.0,0,1
1.0,0,1
1.0,0,1
1.0,0,1
1.0,0,1
1.0,0,1
1.0,0,1
1.0,0,1
1.0,0,1
1.0,0,1
1.0,0,1
1.0,0,1
1.0,0,1
1.0,0,1
1.0,0,1
1.0,0,1
1.0,0,1
1.0,0,1
1.0,0,1
1.0,0,1
1.0,0,1
1.0,0,1
1.0,0,1
1.0,0,1
1.0,0,1
1.0,0,1
1.0,0,1
1.0,0,1
1.0,0,1
1.0,0,1
1.0,0,1
1.0,0,1
1.0,0,1
1.0,0,1
1.0,0,1
1.0,0,1
1.0,0,1
1.0,0,1
1.0,0,1
1.0,0,1
1.0,0,1
1.0,0,1
1.0,0,1
1.0,0,1
1.0,0,1
1.0,0,1
1.0,0,1
1.0,0,1
1.0,0,1
1.0,0,1
1.0,0,1
1.0,0,1
1.0,0,1
1.0,0,1
1.0,0,1
1.0,0,1
1.0,0,1
1.0,0,1
1.0,0,1
1.0,0,1
1.0,0,1
1.0,0,1
1.0,0,1
1.0,0,1
1.0,0,1
1.0,0,1
1.0,0,1
1.0,0,1
1.0,0,1
1.0,0,1
1.0,0,1
1.0,0,1
1.0,0,1
1.0,0,1
1.0,0,1
1.0,0,1
1.0,0,1
1.0,0,1
1.0,0,1
1.0,0,1
1.0,0,1
1.0,0,1
1.0,0,1
1.0,0,1
1.0,0,1
1.0,0,1
1.0,0,1
1.0,0,1
1.0,0,1
1.0,0,1
1.0,0,1
1.0,0,1
1.0,0,1
1.0,0,1
1.0,0,1
1.0,0,1
1.0,0,1
1.0,0,1
1.0,0,1
1.0,0,1
1.0,0,1
1.0,0,1
1.0,0,1
1.0,0,1
1.0,0,1
1.0,0,1
1.0,0,1
1.0,0,1
1.0,0,1
1.0,0,1
1.0,0,1
1.0,0,1
1.0,0,1
1.0,0,1
1.0,0,1
1.0,0,1
1.0,0,1
1.0,0,1
1.0,0,1
1.0,0,1
1.0,0,1
1.0,0,1
1.0,0,1
1.0,0,1
1.0,0,1
1.0,0,1
1.0,0,1
1.0,0,1
1.0,0,1
1.0,0,1
1.0,0,1
1.0,0,1
1.0,0,1
1.0,0,1
1.0,0,1
1.0,0,1
1.0,0,1
1.0,0,1
1.0,0,1
1.0,0,1
1.0,0,1
1.0,0,1
1.0,0,1
1.0,0,1
1.0,0,1
1.0,0,1
1.0,0,1
1.0,0,1
1.0,0,1
1.0,0,1
1.0,0,1
1.0,0,1
1.0,0,1
1.0,0,1
1.0,0,1
1.0,0,1
1.0,0,1
1.0,0,1
1.0,0,1
1.0,0,1
1.0,0,1
1.0,0,1
1.0,0,1
1.0,0,1
1.0,0,1
1.0,0,1
1.0,0,1
1.0,0,1
1.0,0,1
1.0,0,1
1.0,0,1
1.0,0,1
1.0,0,1
1.0,0,1
1.0,0,1
1.0,0,1
1.0,0,1
1.0,0,1
1.0,0,1
1.0,0,1
1.0,0,1
1.0,0,1
1.0,0,1
1.0,0,1
1.0,0,1
1.0,0,1
1.0,0,1
1.0,0,1
1.0,0,1
1.0,0,1
1.0,0,1
1.0,0,1
1.0,0,1
1.0,0,1
1.0,0,1
1.0,0,1
1.0,0,1
1.0,0,1
1.0,0,1
1.0,0,1
1.0,0,1
1.0,0,1
1.0,0,1
1.0,0,1
1.0,0,1
1.0,0,1
1.0,0,1
1.0,0,1
1.0,0,1
1.0,0,1
1.0,0,1
1.0,0,1
1.0,0,1
1.0,0,1
1.0,0,1
1.0,0,1
1.0,0,1
1.0,0,1
1.0,0,1
1.0,0,1
1.0,0,1
1.0,0,1
1.0,0,1
1.0,0,1
1.0,0,1
1.0,0,1
1.0,0,1
1.0,0,1
1.0,0,1
1.0,0,1
1.0,0,1
1.0,0,1
1.0,0,1
1.0,0,1
1.0,0,1
1.0,0,1
1.0,0,1
1.0,0,1
1.0,0,1
1.0,0,1
1.0,0,1
1.0,0,1
1.0,0,1
1.0,0,1
1.0,0,1
1.0,0,1
1.0,0,1
1.0,0,1
1.0,0,1
1.0,0,1
1.0,0,1
1.0,0,1
1.0,0,1
1.0,0,1
1.0,0,1
1.0,0,1
1.0,0,1
1.0,0,1
1.0,0,1
1.0,0,1
1.0,0,1
1.0,0,1
1.0,0,1
1.0,0,1
1.0,0,1
1.0,0,1
1.0,0,1
1.0,0,1
1.0,0,1
1.0,0,1
1.0,0,1
1.0,0,1
1.0,0,1
1.0,0,1
1.0,0,1
1.0,0,1
1.0,0,1
1.0,0,1
1.0,0,1
1.0,0,1
1.0,0,1
1.0,0,1
1.0,0,1
1.0,0,1
1.0,0,1
1.0,0,1
1.0,0,1
1.0,0,1
1.0,0,1
1.0,0,1
1.0,0,1
1.0,0,1
1.0,0,1
1.0,0,1
1.0,0,1
1.0,0,1
1.0,0,1
1.0,0,1
1.0,0,1
1.0,0,1
1.0,0,1
1.0,0,1
1.0,0,1
1.0,0,1
1.0,0,1
1.0,0,1
1.0,0,1
1.0,0,1
1.0,0,1
1.0,0,1
1.0,0,1
1.0,0,1
1.0,0,1
1.0,0,1
1.0,0,1
1.0,0,1
1.0,0,1
1.0,0,1
1.0,0,1
1.0,0,1
1.0,0,1
1.0,0,1
1.0,0,1
1.0,0,1
1.0,0,1
1.0,0,1
1.0,0,1
1.0,0,1
1.0,0,1
1.0,0,1
1.0,0,1
1.0,0,1
1.0,0,1
1.0,0,1
1.0,0,1
1.0,0,1
1.0,0,1
1.0,0,1
1.0,0,1
1.0,0,1
1.0,0,1
1.0,0,1
1.0,0,1
1.0,0,1
1.0,0,1
1.0,0,1
1.0,0,1
1.0,0,1
1.0,0,1
1.0,0,1
1.0,0,1
1.0,0,1
1.0,0,1
1.0,0,1
1.0,0,1
1.0,0,1
1.0,0,1
1.0,0,1
1.0,0,1
1.0,0,1
1.0,0,1
1.0,0,1
1.0,0,1
1.0,0,1
1.0,0,1
1.0,0,1
1.0,0,1
1.0,0,1
1.0,0,1
1.0,0,1
1.0,0,1
1.0,0,1
1.0,0,1
1.0,0,1
1.0,0,1
1.0,0,1
1.0,0,1
1.0,0,1
1.0,0,1
1.0,0,1
1.0,0,1
1.0,0,1
1.0,0,1
1.0,0,1
1.0,0,1
1.0,0,1
1.0,0,1
1.0,0,1
1.0,0,1
1.0,0,1
1.0,0,1
1.0,0,1
1.0,0,1
1.0,0,1
1.0,0,1
1.0,0,1
1.0,0,1
1.0,0,1
1.0,0,1
1.0,0,1
1.0,0,1
1.0,0,1
1.0,0,1
1.0,0,1
1.0,0,1
1.0,0,1
1.0,0,1
1.0,0,1
1.0,0,1
1.0,0,1
1.0,0,1
1.0,0,1
1.0,0,1
1.0,0,1
1.0,0,1
1.0,0,1
1.0,0,1
1.0,0,1
1.0,0,1
1.0,0,1
1.0,0,1
1.0,0,1
1.0,0,1
1.0,0,1
1.0,0,1
1.0,0,1
1.0,0,1
1.0,0,1
1.0,0,1
1.0,0,1
1.0,0,1
1.0,0,1
1.0,0,1
1.0,0,1
1.0,0,1
1.0,0,1
1.0,0,1
1.0,0,1
1.0,0,1
1.0,0,1
1.0,0,1
1.0,0,1
1.0,0,1
1.0,0,1
1.0,0,1
1.0,0,1
1.0,0,1
1.0,0,1
1.0,0,1
1.0,0,1
1.0,0,1
1.0,0,1
1.0,0,1
1.0,0,1
1.0,0,1
1.0,0,1
1.0,0,1
1.0,0,1
1.0,0,1
1.0,0,1
1.0,0,1
1.0,0,1
1.0,0,1
1.0,0,1
1.0,0,1
1.0,0,1
1.0,0,1
1.0,0,1
1.0,0,1
1.0,0,1
1.0,0,1
1.0,0,1
1.0,0,1
1.0,0,1
1.0,0,1
1.0,0,1
1.0,0,1
1.0,0,1
1.0,0,1
1.0,0,1
1.0,0,1
1.0,0,1
1.0,0,1
1.0,0,1
1.0,0,1
1.0,0,1
1.0,0,1
1.0,0,1
1.0,0,1
1.0,0,1
1.0,0,1
1.0,0,1
1.0,0,1
1.0,0,1
1.0,0,1
1.0,0,1
1.0,0,1
1.0,0,1
1.0,0,1
1.0,0,1
1.0,0,1
1.0,0,1
1.0,0,1
1.0,0,1
1.0,0,1
1.0,0,1
1.0,0,1
1.0,0,1
1.0,0,1
1.0,0,1
1.0,0,1
1.0,0,1
1.0,0,1
1.0,0,1
1.0,0,1
1.0,0,1
1.0,0,1
1.0,0,1
1.0,0,1
1.0,0,1
1.0,0,1
1.0,0,1
1.0,0,1
1.0,0,1
1.0,0,1
1.0,0,1
1.0,0,1
1.0,0,1
1.0,0,1
1.0,0,1
1.0,0,1
1.0,0,1
1.0,0,1
1.0,0,1
1.0,0,1
1.0,0,1
1.0,0,1
1.0,0,1
1.0,0,1
1.0,0,1
1.0,0,1
1.0,0,1
1.0,0,1
1.0,0,1
1.0,0,1
1.0,0,1
1.0,0,1
1.0,0,1
1.0,0,1
1.0,0,1
0.99777985,0,1
0.9914432,0,1
0.9990094,0,1
0.9993378,0,1
0.99955446,0,1
0.99840236,0,1
0.99976575,0,1
0.9999812,0,1
0.9992681,0,1
0.9987761,0,1
0.99606264,0,1
0.99522746,0,1
0.9982262,0,1
0.99907243,0,1
0.9988722,0,1
0.99440885,0,1
0.9971671,0,1
0.99975073,0,1
0.9991555,0,1
0.99954754,0,1
0.99966276,0,1
0.9996828,0,1
0.99918354,0,1
0.9999475,0,1
0.9999832,0,1
0.99903625,0,1
0.9936006,0,1
0.99983317,0,1
0.9999677,0,1
0.99994016,0,1
0.9991529,0,1
0.99987954,0,1
0.99936515,0,1
0.9988953,0,1
0.9992598,0,1
0.99986,0,1
0.9995537,0,1
0.9980957,0,1
0.99993026,0,1
0.9995492,0,1
0.9992384,0,1
0.99994886,0,1
0.9996241,0,1
0.99981767,0,1
0.9998752,0,1
0.99967927,0,1
0.9998637,0,1
0.99995595,0,1
0.99929196,0,1
0.99835783,0,1
0.9999132,0,1
0.9999549,0,1
0.99976104,0,1
0.9999261,0,1
0.99942964,0,1
0.9999011,0,1
0.9999043,0,1
0.99495065,0,1
0.99884236,0,1
0.9996847,0,1
0.9992064,0,1
0.999406,0,1
0.9885462,0,1
0.9980469,0,1
0.99955475,0,1
0.9991748,0,1
0.99966866,0,1
0.9996628,0,1
0.9997468,0,1
0.99968576,0,1
0.9995133,0,1
0.99985534,0,1
0.9937085,0,1
0.9993243,0,1
0.9996792,0,1
0.9973544,0,1
0.999138,0,1
0.9997483,0,1
0.99996585,0,1
0.99995816,0,1
0.9997338,0,1
0.9997291,0,1
0.99982035,0,1
0.99918187,0,1
0.99615353,0,1
0.99712086,0,1
0.9981993,0,1
0.99992764,0,1
0.9998098,0,1
0.98775995,0,1
0.99452955,0,1
0.98679036,0,1
0.8195406,0,1
0.9969267,0,1
0.99846363,0,1
0.9993639,0,1
0.9990765,0,1
0.9990474,0,1
0.99216515,0,1
0.9992331,0,1
0.9999259,0,1
0.9987594,0,1
0.9982397,0,1
0.9999251,0,1
0.9998811,0,1
0.99942625,0,1
0.9994633,0,1
0.99732584,0,1
0.9980951,0,1
0.99985725,0,1
0.99994856,0,1
0.9999817,0,1
0.9999626,0,1
0.9997223,0,1
0.9995952,0,1
0.999641,0,1
0.999784,0,1
0.9997775,0,1
0.999914,0,1
0.99957204,0,1
0.99781036,0,1
0.99861145,0,1
0.99814457,0,1
0.9962588,0,1
0.9997383,0,1
0.99997777,0,1
0.99984986,0,1
0.9997228,0,1
0.9974237,0,1
0.99556184,0,1
0.99980944,0,1
0.99945545,0,1
0.9999523,0,1
0.99995434,0,1
0.9994717,0,1
0.9968733,0,1
0.9952938,0,1
0.9977697,0,1
0.99990255,0,1
0.99974597,0,1
0.9991443,0,1
0.99914753,0,1
0.9996853,0,1
0.99924004,0,1
0.9992711,0,1
0.99973005,0,1
0.9996733,0,1
0.99982494,0,1
0.9982627,0,1
0.9933751,0,1
0.99725175,0,1
0.9963593,0,1
0.9994925,0,1
0.99854195,0,1
0.99819255,0,1
0.9998521,0,1
0.998713,0,1
0.9982747,0,1
0.99560666,0,1
0.99962366,0,1
0.99987924,0,1
0.99963844,0,1
0.9995472,0,1
0.9997956,0,1
0.9990418,0,1
0.9960681,0,1
0.9996124,0,1
0.99985784,0,1
0.9998842,0,1
0.9999631,0,1
0.99996144,0,1
0.99955124,0,1
0.999427,0,1
0.99756646,0,1
0.9967526,0,1
0.99968135,0,1
0.99916947,0,1
0.9998489,0,1
0.99837065,0,1
0.9978805,0,1
0.99860245,0,1
0.9999269,0,1
0.9999458,0,1
0.9995652,0,1
0.99963814,0,1
0.9925429,0,1
0.9993318,0,1
0.9998482,0,1
0.9997643,0,1
0.99662906,0,1
0.98356444,0,1
0.99526644,0,1
0.982383,0,1
0.9942894,0,1
0.9994161,0,1
0.9991372,0,1
0.99862933,0,1
0.99972814,0,1
0.99993473,0,1
0.99975145,0,1
0.9999462,0,1
0.99983525,0,1
0.99934465,0,1
0.999893,0,1
0.9991552,0,1
0.9971832,0,1
0.9997529,0,1
0.99886346,0,1
0.99757916,0,1
0.99965733,0,1
0.9994911,0,1
0.9996728,0,1
0.9993446,0,1
0.99880177,0,1
0.99965507,0,1
0.9994186,0,1
0.9956338,0,1
0.9979265,0,1
0.9997588,0,1
0.99992126,0,1
0.99866885,0,1
0.99966925,0,1
0.99993575,0,1
0.99992037,0,1
0.9997155,0,1
0.9992853,0,1
0.99941134,0,1
0.9998473,0,1
0.99990875,0,1
0.9993349,0,1
0.9830309,0,1
0.9836553,0,1
0.9986466,0,1
0.9998789,0,1
0.9996157,0,1
0.9997279,0,1
0.9997725,0,1
0.9999642,0,1
0.99995005,0,1
0.9997746,0,1
0.9997921,0,1
0.98852104,0,1
0.9841552,0,1
0.99959415,0,1
0.9998157,0,1
0.99983495,0,1
0.9996271,0,1
0.998744,0,1
0.99847645,0,1
0.9997809,0,1
0.9995866,0,1
0.9996912,0,1
0.9990218,0,1
0.9993126,0,1
0.9987508,0,1
0.9996299,0,1
0.99766296,0,1
0.9976256,0,1
0.9997735,0,1
0.9999,0,1
0.99815536,0,1
0.95477,0,1
0.9926751,0,1
0.9960724,0,1
0.9998389,0,1
0.9993945,0,1
0.99907494,0,1
0.9999061,0,1
0.9996445,0,1
0.9996018,0,1
0.99977326,0,1
0.9998714,0,1
0.9996173,0,1
0.9952562,0,1
0.9985616,0,1
0.9998791,0,1
0.9995831,0,1
0.9996949,0,1
0.99874836,0,1
0.9999484,0,1
0.9992492,0,1
0.9990954,0,1
0.9988117,0,1
0.9994511,0,1
0.9996677,0,1
0.9981109,0,1
0.99952215,0,1
0.9997396,0,1
0.9997631,0,1
0.99989206,0,1
0.9992631,0,1
0.9996943,0,1
0.9999651,0,1
0.99980414,0,1
0.99871045,0,1
0.9999148,0,1
0.9986072,0,1
0.9994497,0,1
0.9999623,0,1
0.9998009,0,1
0.99923366,0,1
0.9999106,0,1
0.9999392,0,1
0.9993353,0,1
0.99926233,0,1
0.99993515,0,1
0.9996993,0,1
0.9988918,0,1
0.9999785,0,1
0.9999513,0,1
0.999384,0,1
0.99992967,0,1
0.9999649,0,1
0.9998885,0,1
0.9999519,0,1
0.9996902,0,1
0.996312,0,1
0.9995875,0,1
0.99996954,0,1
0.99992967,0,1
0.99973017,0,1
0.99952555,0,1
0.9999226,0,1
0.9995081,0,1
0.9891562,0,1
0.99931353,0,1
0.9994855,0,1
0.9992335,0,1
0.9992437,0,1
0.9995641,0,1
0.9982057,0,1
0.99908614,0,1
0.9995323,0,1
0.99924636,0,1
0.99968743,0,1
0.99976313,0,1
0.99943084,0,1
0.99956435,0,1
0.999561,0,1
0.9995027,0,1
0.99385655,0,1
0.99819404,0,1
0.99631566,0,1
0.9988341,0,1
0.9979053,0,1
0.99516845,0,1
0.9992112,0,1
0.9996898,0,1
0.9998733,0,1
0.99965,0,1
0.9992411,0,1
0.999109,0,1
0.9997689,0,1
0.99994755,0,1
0.99995255,0,1
0.9992489,0,1
0.999894,0,1
0.999987,0,1
0.99968994,0,1
0.9990526,0,1
0.9986042,0,1
0.9998225,0,1
0.9999253,0,1
0.9997198,0,1
0.9997625,0,1
0.9998552,0,1
0.99992883,0,1
0.99985236,0,1
0.9998888,0,1
0.99997646,0,1
0.9999889,0,1
0.99972296,0,1
0.9990018,0,1
0.99979156,0,1
0.99992824,0,1
0.99883693,0,1
0.99613047,0,1
0.9993576,0,1
0.9979778,0,1
0.9977821,0,1
0.9998748,0,1
0.9997157,0,1
0.99825954,0,1
0.9974577,0,1
0.9966371,0,1
0.99768096,0,1
0.9976634,0,1
0.9982678,0,1
0.9894103,0,1
0.9941432,0,1
0.99784887,0,1
0.9992344,0,1
0.9995525,0,1
0.99963146,0,1
0.99437344,0,1
0.9997218,0,1
0.9997475,0,1
0.9994791,0,1
0.99998105,0,1
0.99986136,0,1
0.9994243,0,1
0.9995745,0,1
0.99924743,0,1
0.99979323,0,1
0.9995074,0,1
0.9998751,0,1
0.99994445,0,1
0.9998297,0,1
0.9987699,0,1
0.9996036,0,1
0.99986094,0,1
0.99606436,0,1
0.9971788,0,1
0.9998698,0,1
0.999847,0,1
0.9996081,0,1
0.9982019,0,1
0.99949384,0,1
0.9998056,0,1
0.99996316,0,1
0.9999725,0,1
0.9994364,0,1
0.9980137,0,1
0.9983339,0,1
0.99891466,0,1
0.99903154,0,1
0.99858195,0,1
0.9992821,0,1
0.9927511,0,1
0.991567,0,1
0.99937755,0,1
0.9997733,0,1
0.9997269,0,1
0.99900013,0,1
0.9969624,0,1
0.99937814,0,1
0.9975564,0,1
0.9983417,0,1
0.99614596,0,1
0.9811293,0,1
0.99973327,0,1
0.9999342,0,1
0.99718547,0,1
0.99952424,0,1
0.99996793,0,1
0.9999811,0,1
0.99997884,0,1
0.99986696,0,1
0.9986405,0,1
0.99969715,0,1
0.9999149,0,1
0.99994296,0,1
0.999716,0,1
0.9997952,0,1
0.99972624,0,1
0.9999556,0,1
0.9999601,0,1
0.9998987,0,1
0.9999172,0,1
0.9993038,0,1
0.99954855,0,1
0.9998896,0,1
0.9981195,0,1
0.9944401,0,1
0.9996019,0,1
0.999786,0,1
0.9990364,0,1
0.9995614,0,1
0.99959713,0,1
0.9995505,0,1
0.9999556,0,1
0.9999611,0,1
0.99995995,0,1
0.99946254,0,1
0.9996494,0,1
0.99867874,0,1
0.99875414,0,1
0.99991786,0,1
0.99956316,0,1
0.99534976,0,1
0.995793,0,1
0.9969671,0,1
0.9998706,0,1
0.99996567,0,1
0.9996042,0,1
0.99961144,0,1
0.9950449,0,1
0.99334306,0,1
0.99219465,0,1
0.99651307,0,1
0.99951583,0,1
0.99898314,0,1
0.9983627,0,1
0.9998062,0,1
0.9998936,0,1
0.99953324,0,1
0.9912159,0,1
0.99785215,0,1
0.99983734,0,1
0.99974304,0,1
0.99848735,0,1
0.9996613,0,1
0.9998991,0,1
0.99991715,0,1
0.9998967,0,1
0.9995753,0,1
0.9989836,0,1
0.9988619,0,1
0.9995605,0,1
0.9992346,0,1
0.99743915,0,1
0.99987155,0,1
0.99974585,0,1
0.9990379,0,1
0.9991907,0,1
0.9980051,0,1
0.998335,0,1
0.99926156,0,1
0.9980059,0,1
0.9983477,0,1
0.99879456,0,1
0.9928907,0,1
0.9933733,0,1
0.9677575,0,1
0.98958796,0,1
0.9978002,0,1
0.9974169,0,1
0.9995696,0,1
0.99972177,0,1
0.99980265,0,1
0.9998843,0,1
0.9999253,0,1
0.9998413,0,1
0.9999952,0,1
0.9998964,0,1
0.99923474,0,1
0.9991526,0,1
0.991339,0,1
0.99430025,0,1
0.99847704,0,1
0.99866647,0,1
0.99934006,0,1
0.99855226,0,1
0.9978772,0,1
0.9966364,0,1
0.9997475,0,1
0.99990475,0,1
0.9989894,0,1
0.99986476,0,1
0.9996711,0,1
0.99829453,0,1
0.9993105,0,1
0.9997933,0,1
0.99981624,0,1
0.99640995,0,1
0.99688786,0,1
0.9999262,0,1
0.99979824,0,1
0.9987721,0,1
0.99882686,0,1
0.999325,0,1
0.999573,0,1
0.99818945,0,1
0.9995274,0,1
0.99997306,0,1
0.9996091,0,1
0.99985373,0,1
0.9997354,0,1
0.99694467,0,1
0.9982785,0,1
0.99959695,0,1
0.9999435,0,1
0.9998281,0,1
0.9971377,0,1
0.9988865,0,1
0.99951994,0,1
0.9997819,0,1
0.9982444,0,1
0.9965431,0,1
0.9970645,0,1
0.99967355,0,1
0.9986977,0,1
0.9991535,0,1
0.9995654,0,1
0.9995486,0,1
0.9986167,0,1
0.9803772,0,1
0.9997905,0,1
0.9998148,0,1
0.999707,0,1
0.99939704,0,1
0.99953866,0,1
0.999935,0,1
0.9998221,0,1
0.99892163,0,1
0.999817,0,1
0.99989825,0,1
0.9998153,0,1
0.9998782,0,1
0.99986404,0,1
0.9981065,0,1
0.999959,0,1
0.9999078,0,1
0.9997844,0,1
0.99903923,0,1
0.99861634,0,1
0.9995752,0,1
0.99940443,0,1
0.99977386,0,1
0.99994296,0,1
0.9995007,0,1
0.9989073,0,1
0.99995446,0,1
0.9998096,0,1
0.99982244,0,1
0.99987614,0,1
0.99970514,0,1
0.99499446,0,1
0.93972117,0,1
0.9966333,0,1
0.9994294,0,1
0.99918824,0,1
0.99919695,0,1
0.99987143,0,1
0.99965584,0,1
0.9962342,0,1
0.9949392,0,1
0.9995414,0,1
0.9991208,0,1
0.99923635,0,1
0.999968,0,1
0.99988556,0,1
0.9997018,0,1
0.9987912,0,1
0.9975035,0,1
0.99916357,0,1
0.9964255,0,1
0.9977805,0,1
0.99437505,0,1
0.993697,0,1
0.996673,0,1
0.9954106,0,1
0.99868745,0,1
0.999814,0,1
0.99845415,0,1
0.99873847,0,1
0.9993801,0,1
0.9994219,0,1
0.99962324,0,1
0.99998486,0,1
0.9999835,0,1
0.98128283,0,1
0.9803459,0,1
0.99883205,0,1
0.9920818,0,1
0.97981805,0,1
0.99690753,0,1
0.9943807,0,1
0.9804467,0,1
0.9934954,0,1
0.9996149,0,1
0.9999196,0,1
0.99992675,0,1
0.9991129,0,1
0.9958899,0,1
0.99611896,0,1
0.99934703,0,1
0.9997557,0,1
0.9942857,0,1
0.996758,0,1
0.99945885,0,1
0.9990565,0,1
0.9994896,0,1
0.9998374,0,1
0.9998437,0,1
0.9924732,0,1
0.99186724,0,1
0.9993634,0,1
0.99969393,0,1
0.9997773,0,1
0.9993186,0,1
0.9979739,0,1
0.9972535,0,1
0.99948466,0,1
0.99985284,0,1
0.9996207,0,1
0.99890614,0,1
0.999984,0,1
0.99990916,0,1
0.998119,0,1
0.99793977,0,1
0.99567485,0,1
0.9801559,0,1
0.99902433,0,1
0.99985886,0,1
0.9987903,0,1
0.9996208,0,1
0.99939495,0,1
0.9990297,0,1
0.9999545,0,1
0.9993208,0,1
0.9986176,0,1
0.9994371,0,1
0.99687004,0,1
0.9999379,0,1
0.99992317,0,1
0.99996656,0,1
0.9991727,0,1
0.99791384,0,1
0.99987906,0,1
0.999847,0,1
0.99995077,0,1
0.9997332,0,1
0.9987553,0,1
0.9961711,0,1
0.9997135,0,1
0.9986904,0,1
0.9992591,0,1
0.9995188,0,1
0.99914044,0,1
0.99979323,0,1
0.999625,0,1
0.9994623,0,1
0.9997922,0,1
0.9975748,0,1
0.9979939,0,1
0.99949706,0,1
0.9984953,0,1
0.99975103,0,1
0.9993195,0,1
0.99879897,0,1
0.99995494,0,1
0.99997514,0,1
0.99943924,0,1
0.9969525,0,1
0.9963183,0,1
0.9994228,0,1
0.9995409,0,1
0.99895716,0,1
0.9996169,0,1
0.99966514,0,1
0.9988393,0,1
0.9999897,0,1
0.9999858,0,1
0.9998946,0,1
0.9999922,0,1
0.9993217,0,1
0.99829334,0,1
0.99967265,0,1
0.99682885,0,1
0.9994817,0,1
0.9999266,0,1
0.99884015,0,1
0.99931973,0,1
0.9997694,0,1
0.9992221,0,1
0.99869245,0,1
0.9865346,0,1
0.9948462,0,1
0.999395,0,1
0.99980325,0,1
0.9985265,0,1
0.99978894,0,1
0.9998294,0,1
0.999383,0,1
0.99863005,0,1
0.9968838,0,1
0.9998071,0,1
0.9992962,0,1
0.9972659,0,1
0.99978083,0,1
0.9998284,0,1
0.999029,0,1
0.9997971,0,1
0.99998283,0,1
0.96248347,0,1
0.99983937,0,1
0.99995077,0,1
0.99691,0,1
0.9994736,0,1
0.9996898,0,1
0.9969396,0,1
0.99846333,0,1
0.9994894,0,1
0.99703753,0,1
0.9988827,0,1
0.99946266,0,1
0.99988544,0,1
0.9999414,0,1
0.9998241,0,1
0.99645835,0,1
0.99977314,0,1
0.99978936,0,1
0.99881536,0,1
0.99953806,0,1
0.999807,0,1
0.999978,0,1
0.9999837,0,1
0.9986203,0,1
0.9981664,0,1
0.99984604,0,1
0.99907106,0,1
0.9995742,0,1
0.9999254,0,1
0.99987286,0,1
0.9962214,0,1
0.99933887,0,1
0.9997279,0,1
0.99932784,0,1
0.9998855,0,1
0.9999838,0,1
0.9996372,0,1
0.9993671,0,1
0.999979,0,1
0.9999674,0,1
0.99968684,0,1
0.9991184,0,1
0.9997383,0,1
0.99784034,0,1
0.9996676,0,1
0.9970952,0,1
0.9988709,0,1
0.99990726,0,1
0.99966043,0,1
0.9972504,0,1
0.99458355,0,1
0.9537184,0,1
0.98684573,0,1
0.999162,0,1
0.99997723,0,1
0.99989253,0,1
0.9994319,0,1
0.9998394,0,1
0.99965227,0,1
0.9998549,0,1
0.9994782,0,1
0.9954187,0,1
0.99892163,0,1
0.9977434,0,1
0.9995813,0,1
0.9999726,0,1
0.99983233,0,1
0.99954027,0,1
0.99895865,0,1
0.999613,0,1
0.998149,0,1
0.99691224,0,1
0.9991239,0,1
0.9961954,0,1
0.9907673,0,1
0.9888034,0,1
0.99750525,0,1
0.998229,0,1
0.999546,0,1
0.99943906,0,1
0.9974179,0,1
0.995214,0,1
0.99433,0,1
0.99894226,0,1
0.99980986,0,1
0.9999603,0,1
0.99993384,0,1
0.99934494,0,1
0.99748325,0,1
0.99980086,0,1
0.999924,0,1
0.9999131,0,1
0.99991095,0,1
0.99697083,0,1
0.95829123,0,1
0.9981984,0,1
0.99997526,0,1
0.9998749,0,1
0.9997151,0,1
0.999624,0,1
0.99974465,0,1
0.9981394,0,1
0.99945945,0,1
0.9997813,0,1
0.99850774,0,1
0.9995553,0,1
0.99933404,0,1
0.99938536,0,1
0.9957318,0,1
0.97221386,0,1
0.99694294,0,1
0.9982003,0,1
0.9990526,0,1
0.999954,0,1
0.999976,0,1
0.9992186,0,1
0.9994409,0,1
0.9997377,0,1
0.99902904,0,1
0.98407656,0,1
0.9987511,0,1
0.99979883,0,1
0.99998474,0,1
0.9999489,0,1
0.9969862,0,1
0.99985623,0,1
0.9997956,0,1
0.99960476,0,1
0.999841,0,1
0.9987121,0,1
0.99401826,0,1
0.9997322,0,1
0.9991263,0,1
0.9988564,0,1
0.9994524,0,1
0.99988186,0,1
0.99986756,0,1
0.99973035,0,1
0.99994844,0,1
0.9999033,0,1
0.99948364,0,1
0.997833,0,1
0.99947155,0,1
0.99846756,0,1
0.9992815,0,1
0.9996565,0,1
0.9994473,0,1
0.9995327,0,1
0.99889034,0,1
0.9986567,0,1
0.99838847,0,1
0.99981576,0,1
0.99989384,0,1
0.9987081,0,1
0.99917614,0,1
0.99977773,0,1
0.9999799,0,1
0.9999899,0,1
0.9995015,0,1
0.99974525,0,1
0.9999372,0,1
0.99975395,0,1
0.99984276,0,1
0.99972045,0,1
0.9998509,0,1
0.99974024,0,1
0.9999406,0,1
0.9980289,0,1
0.99021757,0,1
0.998886,0,1
0.99991155,0,1
0.99994737,0,1
0.9996287,0,1
0.99479306,0,1
0.9982764,0,1
0.9994426,0,1
0.99989283,0,1
0.9996318,0,1
0.9983691,0,1
0.9988945,0,1
0.9998847,0,1
0.9999558,0,1
0.99971485,0,1
0.99977475,0,1
0.99930924,0,1
0.9718945,0,1
0.99887085,0,1
0.9997479,0,1
0.9990881,0,1
0.99737614,0,1
0.9961541,0,1
0.9996498,0,1
0.99982285,0,1
0.9999125,0,1
0.9997876,0,1
0.99783224,0,1
0.9934463,0,1
0.9994334,0,1
0.9998737,0,1
0.99882495,0,1
0.99933636,0,1
0.85896325,0,1
0.9765551,0,1
0.99948514,0,1
0.9995772,0,1
0.99869627,0,1
0.9993364,0,1
0.9997202,0,1
0.99627733,0,1
0.99917084,0,1
0.9999221,0,1
0.9997824,0,1
0.9992804,0,1
0.9988636,0,1
0.99950397,0,1
0.9993839,0,1
0.999796,0,1
0.9998056,0,1
0.9994829,0,1
0.99985033,0,1
0.9999596,0,1
0.99935627,0,1
0.99943376,0,1
0.9987318,0,1
0.999266,0,1
0.9997514,0,1
0.9999012,0,1
0.9997458,0,1
0.99873143,0,1
0.99877554,0,1
0.99883044,0,1
0.9995782,0,1
0.9993367,0,1
0.99968064,0,1
0.99985415,0,1
0.9912845,0,1
0.9965028,0,1
0.99765235,0,1
0.99801576,0,1
0.99737954,0,1
0.99870986,0,1
0.9980847,0,1
0.99923104,0,1
0.99989814,0,1
0.99959934,0,1
0.99810505,0,1
0.99984294,0,1
0.9996753,0,1
0.9953652,0,1
0.99510187,0,1
0.99763584,0,1
0.9999111,0,1
0.9999195,0,1
0.9999427,0,1
0.99943256,0,1
0.99982494,0,1
0.9990733,0,1
0.99828494,0,1
0.9995979,0,1
0.99899817,0,1
0.9978669,0,1
0.9974167,0,1
0.97192746,0,1
0.9944731,0,1
0.9986827,0,1
0.9973368,0,1
0.99298906,0,1
0.99497324,0,1
0.999729,0,1
0.99969083,0,1
0.9991788,0,1
0.99950683,0,1
0.9997578,0,1
0.99996346,0,1
0.99974966,0,1
0.9994795,0,1
0.9998656,0,1
0.9997944,0,1
0.9999601,0,1
0.9998694,0,1
0.9990669,0,1
0.9968105,0,1
0.9999192,0,1
0.99980694,0,1
0.9994384,0,1
0.99980325,0,1
0.99990296,0,1
0.9981692,0,1
0.9946234,0,1
0.9995675,0,1
0.9998609,0,1
0.99970734,0,1
0.9999205,0,1
0.9995886,0,1
0.99973005,0,1
0.9996404,0,1
0.9998825,0,1
0.9991651,0,1
0.9995358,0,1
0.9995984,0,1
0.9998496,0,1
0.99993753,0,1
0.99964297,0,1
0.99973047,0,1
0.999825,0,1
0.99804896,0,1
0.99981,0,1
0.99979895,0,1
0.9976999,0,1
0.99964476,0,1
0.99758863,0,1
0.9998291,0,1
0.99998665,0,1
0.9999026,0,1
0.9998112,0,1
0.9999505,0,1
0.9994716,0,1
0.9997868,0,1
0.9999869,0,1
0.99987644,0,1
0.9993669,0,1
0.99854136,0,1
0.99949443,0,1
0.99866664,0,1
0.98412186,0,1
0.9983065,0,1
0.99581265,0,1
0.99962175,0,1
0.99814683,0,1
0.9989303,0,1
0.99813735,0,1
0.98971313,0,1
0.9974173,0,1
0.99983954,0,1
0.9996254,0,1
0.99954766,0,1
0.9996084,0,1
0.9997566,0,1
0.9993413,0,1
0.99964243,0,1
0.9993067,0,1
0.99993485,0,1
0.9985335,0,1
0.9992137,0,1
0.99977446,0,1
0.99996537,0,1
0.9999483,0,1
0.99891526,0,1
0.9967815,0,1
0.9998806,0,1
0.99975383,0,1
0.9996545,0,1
0.9998704,0,1
0.99970704,0,1
0.9997405,0,1
0.99881226,0,1
0.9991808,0,1
0.9995929,0,1
0.9997337,0,1
0.999585,0,1
0.998175,0,1
0.9985152,0,1
0.9999704,0,1
0.9997089,0,1
0.9961461,0,1
0.99875486,0,1
0.9976283,0,1
0.99745005,0,1
0.9965875,0,1
0.9945074,0,1
0.99933916,0,1
0.9998496,0,1
0.9917519,0,1
0.99736536,0,1
0.9996089,0,1
0.99982965,0,1
0.9998978,0,1
0.9996601,0,1
0.9995657,0,1
0.9998176,0,1
0.9998921,0,1
0.99889797,0,1
0.9991659,0,1
0.99576044,0,1
0.99922484,0,1
0.99995893,0,1
0.9998482,0,1
0.9992427,0,1
0.9997778,0,1
0.999977,0,1
0.9989338,0,1
0.996884,0,1
0.99887717,0,1
0.99910563,0,1
0.99924666,0,1
0.99927235,0,1
0.9991876,0,1
0.9994805,0,1
0.999914,0,1
0.9994206,0,1
0.9984885,0,1
0.99790686,0,1
0.99724984,0,1
0.99882907,0,1
0.9932475,0,1
0.99977714,0,1
0.9999375,0,1
0.99995786,0,1
0.9996054,0,1
0.99662614,0,1
0.9998568,0,1
0.9994477,0,1
0.99949676,0,1
0.99943393,0,1
0.99703056,0,1
0.998582,0,1
0.9994319,0,1
0.9977643,0,1
0.9975434,0,1
0.99612075,0,1
0.99554354,0,1
0.99849296,0,1
0.9995151,0,1
0.9997818,0,1
0.99979585,0,1
0.9997317,0,1
0.9996788,0,1
0.9991705,0,1
0.9998244,0,1
0.9992595,0,1
0.979882,0,1
0.97891057,0,1
0.998754,0,1
0.9986202,0,1
0.9970101,0,1
0.99895614,0,1
0.9997163,0,1
0.9995392,0,1
0.9996904,0,1
0.99978423,0,1
0.9998583,0,1
0.99919206,0,1
0.99985725,0,1
0.99989605,0,1
0.9914652,0,1
0.9968745,0,1
0.9989867,0,1
0.9995101,0,1
0.9994155,0,1
0.9896165,0,1
0.9985226,0,1
0.99824953,0,1
0.99815476,0,1
0.9996905,0,1
0.99940795,0,1
0.9999318,0,1
0.9993639,0,1
0.99912953,0,1
0.9948948,0,1
0.9964316,0,1
0.99985266,0,1
0.99963623,0,1
0.99930245,0,1
0.9998733,0,1
0.9997302,0,1
0.9991189,0,1
0.99627376,0,1
0.99987274,0,1
0.999775,0,1
0.9996129,0,1
0.9949323,0,1
0.9912403,0,1
0.9988555,0,1
0.999702,0,1
0.99979097,0,1
0.9999267,0,1
0.99998087,0,1
0.99968594,0,1
0.99936837,0,1
0.9993718,0,1
0.9954449,0,1
0.99946785,0,1
0.9998174,0,1
0.9987623,0,1
0.99855334,0,1
0.99912983,0,1
0.99857336,0,1
0.9998925,0,1
0.9999675,0,1
0.99911356,0,1
0.9976655,0,1
0.9994243,0,1
0.9987765,0,1
0.99181306,0,1
0.9968124,0,1
0.9985911,0,1
0.99961525,0,1
0.999767,0,1
0.9994146,0,1
0.99959844,0,1
0.99856806,0,1
0.9981535,0,1
0.9998547,0,1
0.9999606,0,1
0.99980855,0,1
0.9993985,0,1
0.9993854,0,1
0.9999096,0,1
0.99933517,0,1
0.9972668,0,1
0.9988978,0,1
0.99955,0,1
0.99974537,0,1
0.99845755,0,1
0.9967603,0,1
0.9985891,0,1
0.9813585,0,1
0.9994198,0,1
0.9997839,0,1
0.9953278,0,1
0.9995932,0,1
0.99976826,0,1
0.98966265,0,1
0.9986965,0,1
0.999339,0,1
0.9991374,0,1
0.99991935,0,1
0.9999606,0,1
0.9924844,0,1
0.99058086,0,1
0.9999283,0,1
0.9999339,0,1
0.9981496,0,1
0.99831605,0,1
0.9996767,0,1
0.9998341,0,1
0.9997474,0,1
0.99862057,0,1
0.99872285,0,1
0.99974376,0,1
0.9992659,0,1
0.9998756,0,1
0.9994244,0,1
0.9985669,0,1
0.99939936,0,1
0.9989697,0,1
0.99994206,0,1
0.9999606,0,1
0.99998665,0,1
0.9999784,0,1
0.9997723,0,1
0.99982274,0,1
0.9996711,0,1
0.9997273,0,1
0.99593747,0,1
0.99888134,0,1
0.99895865,0,1
0.999533,0,1
0.99997735,0,1
0.9999192,0,1
0.9989384,0,1
0.99903125,0,1
0.9993243,0,1
0.9995065,0,1
0.9988437,0,1
0.99957526,0,1
0.9970469,0,1
0.99947965,0,1
0.99947286,0,1
0.9992155,0,1
0.9983922,0,1
0.99950874,0,1
0.9998591,0,1
0.9999405,0,1
0.9997458,0,1
0.9992032,0,1
0.9963204,0,1
0.99905294,0,1
0.9999885,0,1
0.9999338,0,1
0.99918157,0,1
0.9998816,0,1
0.9997223,0,1
0.9961793,0,1
0.99736255,0,1
0.9998171,0,1
0.9999723,0,1
0.999862,0,1
0.9998738,0,1
0.99986434,0,1
0.99937236,0,1
0.9831562,0,1
0.9997863,0,1
0.99988073,0,1
0.99906147,0,1
0.99886334,0,1
0.9998598,0,1
0.9997759,0,1
0.9974891,0,1
0.9993094,0,1
0.99995637,0,1
0.99999166,0,1
0.99964374,0,1
0.99610615,0,1
0.99923676,0,1
0.9994362,0,1
0.9998835,0,1
0.99972814,0,1
0.99928194,0,1
0.9962981,0,1
0.9976499,0,1
0.9999561,0,1
0.9999276,0,1
0.9983219,0,1
0.99955064,0,1
0.9993524,0,1
0.9983915,0,1
0.9977401,0,1
0.99955606,0,1
0.99930316,0,1
0.9986596,0,1
0.9999884,0,1
0.9999793,0,1
0.9984529,0,1
0.99873835,0,1
0.99962974,0,1
0.9998814,0,1
0.99947447,0,1
0.9988307,0,1
0.99971247,0,1
0.99966127,0,1
0.9999896,0,1
0.9999799,0,1
0.99988896,0,1
0.9998127,0,1
0.99988425,0,1
0.99955016,0,1
0.9991682,0,1
0.9999491,0,1
0.9999501,0,1
0.9984364,0,1
0.99710494,0,1
0.9996532,0,1
0.99968255,0,1
0.99530166,0,1
0.99961936,0,1
0.9998096,0,1
0.9994827,0,1
0.9994826,0,1
0.9998984,0,1
0.99998474,0,1
0.99988645,0,1
0.99994236,0,1
0.999951,0,1
0.999967,0,1
0.9999356,0,1
0.99992114,0,1
0.9999385,0,1
0.9999137,0,1
0.9998511,0,1
0.99938965,0,1
0.99953616,0,1
0.9989188,0,1
0.9941267,0,1
0.99978113,0,1
0.99998426,0,1
0.9993442,0,1
0.9978275,0,1
0.9992569,0,1
0.9997816,0,1
0.99783707,0,1
0.9994465,0,1
0.9996768,0,1
0.99986315,0,1
0.99998426,0,1
0.99978566,0,1
0.99728864,0,1
0.9993853,0,1
0.99983424,0,1
0.9995468,0,1
0.9973179,0,1
0.99955577,0,1
0.99630487,0,1
0.98914295,0,1
0.9969422,0,1
0.99826926,0,1
0.99984366,0,1
0.99978817,0,1
0.99962276,0,1
0.99851364,0,1
0.991222,0,1
0.99958533,0,1
0.99959576,0,1
0.996508,0,1
0.9988515,0,1
0.9999943,0,1
0.9999536,0,1
0.97975,0,1
0.99597263,0,1
0.99990463,0,1
0.9953863,0,1
0.9981005,0,1
0.99833465,0,1
0.99900824,0,1
0.999905,0,1
0.9999776,0,1
0.9986602,0,1
0.94292736,0,1
0.99877083,0,1
0.99922997,0,1
0.9995077,0,1
0.99929285,0,1
0.99983644,0,1
0.9994888,0,1
0.9999434,0,1
0.9999901,0,1
0.9997734,0,1
0.9997598,0,1
0.9998708,0,1
0.9998109,0,1
0.9997214,0,1
0.9996685,0,1
0.99027675,0,1
0.9992072,0,1
0.99989235,0,1
0.99925697,0,1
0.9978253,0,1
0.9995366,0,1
0.9998002,0,1
0.99884117,0,1
0.99979895,0,1
0.99994576,0,1
0.99994653,0,1
0.99984,0,1
0.9996398,0,1
0.9995113,0,1
0.99977976,0,1
0.99983764,0,1
0.999771,0,1
0.99986434,0,1
0.99929255,0,1
0.994721,0,1
0.9974248,0,1
0.999318,0,1
0.9956548,0,1
0.9998848,0,1
0.9997822,0,1
0.9994669,0,1
0.99664533,0,1
0.9982891,0,1
0.99975115,0,1
0.99969,0,1
0.99933785,0,1
0.9997368,0,1
0.9979344,0,1
0.9792843,0,1
0.991509,0,1
0.99965346,0,1
0.99962866,0,1
0.9991812,0,1
0.98973155,0,1
0.99956334,0,1
0.9998641,0,1
0.99931335,0,1
0.9992528,0,1
0.99767107,0,1
0.9950514,0,1
0.998936,0,1
0.99998534,0,1
0.99974036,0,1
0.99204135,0,1
0.99361575,0,1
0.99984086,0,1
0.9998179,0,1
0.9993718,0,1
1.0,0,1
1.0,0,1
1.0,0,1
1.0,0,1
1.0,0,1
1.0,0,1
1.0,0,1
1.0,0,1
1.0,0,1
1.0,0,1
1.0,0,1
1.0,0,1
1.0,0,1
1.0,0,1
1.0,0,1
1.0,0,1
1.0,0,1
1.0,0,1
1.0,0,1
1.0,0,1
1.0,0,1
1.0,0,1
1.0,0,1
1.0,0,1
1.0,0,1
1.0,0,1
1.0,0,1
1.0,0,1
1.0,0,1
1.0,0,1
1.0,0,1
1.0,0,1
1.0,0,1
1.0,0,1
1.0,0,1
1.0,0,1
1.0,0,1
1.0,0,1
1.0,0,1
1.0,0,1
1.0,0,1
1.0,0,1
1.0,0,1
1.0,0,1
1.0,0,1
1.0,0,1
1.0,0,1
1.0,0,1
1.0,0,1
1.0,0,1
1.0,0,1
1.0,0,1
1.0,0,1
1.0,0,1
1.0,0,1
1.0,0,1
1.0,0,1
1.0,0,1
1.0,0,1
1.0,0,1
1.0,0,1
1.0,0,1
1.0,0,1
1.0,0,1
1.0,0,1
1.0,0,1
1.0,0,1
1.0,0,1
1.0,0,1
1.0,0,1
1.0,0,1
1.0,0,1
1.0,0,1
1.0,0,1
1.0,0,1
1.0,0,1
1.0,0,1
1.0,0,1
1.0,0,1
1.0,0,1
1.0,0,1
1.0,0,1
1.0,0,1
1.0,0,1
1.0,0,1
1.0,0,1
1.0,0,1
1.0,0,1
1.0,0,1
1.0,0,1
1.0,0,1
1.0,0,1
1.0,0,1
1.0,0,1
1.0,0,1
1.0,0,1
1.0,0,1
1.0,0,1
1.0,0,1
1.0,0,1
1.0,0,1
1.0,0,1
1.0,0,1
1.0,0,1
1.0,0,1
1.0,0,1
1.0,0,1
1.0,0,1
1.0,0,1
1.0,0,1
1.0,0,1
1.0,0,1
1.0,0,1
1.0,0,1
1.0,0,1
1.0,0,1
1.0,0,1
1.0,0,1
1.0,0,1
1.0,0,1
1.0,0,1
1.0,0,1
1.0,0,1
1.0,0,1
1.0,0,1
1.0,0,1
1.0,0,1
1.0,0,1
1.0,0,1
1.0,0,1
1.0,0,1
1.0,0,1
1.0,0,1
1.0,0,1
1.0,0,1
1.0,0,1
1.0,0,1
1.0,0,1
1.0,0,1
1.0,0,1
1.0,0,1
1.0,0,1
1.0,0,1
1.0,0,1
1.0,0,1
1.0,0,1
1.0,0,1
1.0,0,1
1.0,0,1
1.0,0,1
1.0,0,1
1.0,0,1
1.0,0,1
1.0,0,1
1.0,0,1
1.0,0,1
1.0,0,1
1.0,0,1
1.0,0,1
1.0,0,1
1.0,0,1
1.0,0,1
1.0,0,1
1.0,0,1
1.0,0,1
1.0,0,1
1.0,0,1
1.0,0,1
1.0,0,1
1.0,0,1
1.0,0,1
1.0,0,1
1.0,0,1
1.0,0,1
1.0,0,1
1.0,0,1
1.0,0,1
1.0,0,1
1.0,0,1
1.0,0,1
1.0,0,1
1.0,0,1
1.0,0,1
1.0,0,1
1.0,0,1
1.0,0,1
1.0,0,1
1.0,0,1
1.0,0,1
1.0,0,1
1.0,0,1
1.0,0,1
1.0,0,1
1.0,0,1
1.0,0,1
1.0,0,1
1.0,0,1
1.0,0,1
1.0,0,1
1.0,0,1
1.0,0,1
1.0,0,1
1.0,0,1
1.0,0,1
1.0,0,1
1.0,0,1
1.0,0,1
1.0,0,1
1.0,0,1
1.0,0,1
1.0,0,1
1.0,0,1
1.0,0,1
1.0,0,1
1.0,0,1
1.0,0,1
1.0,0,1
1.0,0,1
1.0,0,1
1.0,0,1
1.0,0,1
1.0,0,1
1.0,0,1
1.0,0,1
1.0,0,1
1.0,0,1
1.0,0,1
1.0,0,1
1.0,0,1
1.0,0,1
1.0,0,1
1.0,0,1
1.0,0,1
1.0,0,1
1.0,0,1
1.0,0,1
1.0,0,1
1.0,0,1
1.0,0,1
1.0,0,1
1.0,0,1
1.0,0,1
1.0,0,1
1.0,0,1
1.0,0,1
1.0,0,1
1.0,0,1
1.0,0,1
1.0,0,1
1.0,0,1
1.0,0,1
1.0,0,1
1.0,0,1
1.0,0,1
1.0,0,1
1.0,0,1
1.0,0,1
1.0,0,1
1.0,0,1
1.0,0,1
1.0,0,1
1.0,0,1
1.0,0,1
1.0,0,1
1.0,0,1
1.0,0,1
1.0,0,1
1.0,0,1
1.0,0,1
1.0,0,1
1.0,0,1
1.0,0,1
1.0,0,1
1.0,0,1
1.0,0,1
1.0,0,1
1.0,0,1
1.0,0,1
1.0,0,1
1.0,0,1
1.0,0,1
1.0,0,1
1.0,0,1
1.0,0,1
1.0,0,1
1.0,0,1
1.0,0,1
1.0,0,1
1.0,0,1
1.0,0,1
1.0,0,1
1.0,0,1
1.0,0,1
1.0,0,1
1.0,0,1
1.0,0,1
1.0,0,1
1.0,0,1
1.0,0,1
1.0,0,1
1.0,0,1
1.0,0,1
1.0,0,1
1.0,0,1
1.0,0,1
1.0,0,1
1.0,0,1
1.0,0,1
1.0,0,1
1.0,0,1
1.0,0,1
1.0,0,1
1.0,0,1
1.0,0,1
1.0,0,1
1.0,0,1
1.0,0,1
1.0,0,1
1.0,0,1
1.0,0,1
1.0,0,1
1.0,0,1
1.0,0,1
1.0,0,1
1.0,0,1
1.0,0,1
1.0,0,1
1.0,0,1
1.0,0,1
1.0,0,1
1.0,0,1
1.0,0,1
1.0,0,1
1.0,0,1
1.0,0,1
1.0,0,1
1.0,0,1
1.0,0,1
1.0,0,1
1.0,0,1
1.0,0,1
1.0,0,1
1.0,0,1
1.0,0,1
1.0,0,1
1.0,0,1
1.0,0,1
1.0,0,1
1.0,0,1
1.0,0,1
1.0,0,1
1.0,0,1
1.0,0,1
1.0,0,1
1.0,0,1
1.0,0,1
1.0,0,1
1.0,0,1
1.0,0,1
1.0,0,1
1.0,0,1
1.0,0,1
1.0,0,1
1.0,0,1
1.0,0,1
1.0,0,1
1.0,0,1
1.0,0,1
1.0,0,1
1.0,0,1
1.0,0,1
1.0,0,1
1.0,0,1
1.0,0,1
1.0,0,1
1.0,0,1
1.0,0,1
1.0,0,1
1.0,0,1
1.0,0,1
1.0,0,1
1.0,0,1
1.0,0,1
1.0,0,1
1.0,0,1
1.0,0,1
1.0,0,1
1.0,0,1
1.0,0,1
1.0,0,1
1.0,0,1
1.0,0,1
1.0,0,1
1.0,0,1
1.0,0,1
1.0,0,1
1.0,0,1
1.0,0,1
1.0,0,1
1.0,0,1
1.0,0,1
1.0,0,1
1.0,0,1
1.0,0,1
1.0,0,1
1.0,0,1
1.0,0,1
1.0,0,1
1.0,0,1
1.0,0,1
1.0,0,1
1.0,0,1
1.0,0,1
1.0,0,1
1.0,0,1
1.0,0,1
1.0,0,1
1.0,0,1
1.0,0,1
1.0,0,1
1.0,0,1
1.0,0,1
1.0,0,1
1.0,0,1
1.0,0,1
1.0,0,1
1.0,0,1
1.0,0,1
1.0,0,1
1.0,0,1
1.0,0,1
1.0,0,1
1.0,0,1
1.0,0,1
1.0,0,1
1.0,0,1
1.0,0,1
1.0,0,1
1.0,0,1
1.0,0,1
1.0,0,1
1.0,0,1
1.0,0,1
1.0,0,1
1.0,0,1
1.0,0,1
1.0,0,1
1.0,0,1
1.0,0,1
1.0,0,1
1.0,0,1
1.0,0,1
1.0,0,1
1.0,0,1
1.0,0,1
1.0,0,1
1.0,0,1
1.0,0,1
1.0,0,1
1.0,0,1
1.0,0,1
1.0,0,1
1.0,0,1
1.0,0,1
1.0,0,1
1.0,0,1
1.0,0,1
1.0,0,1
1.0,0,1
1.0,0,1
1.0,0,1
1.0,0,1
1.0,0,1
1.0,0,1
1.0,0,1
1.0,0,1
1.0,0,1
1.0,0,1
1.0,0,1
1.0,0,1
1.0,0,1
1.0,0,1
1.0,0,1
1.0,0,1
1.0,0,1
1.0,0,1
1.0,0,1
1.0,0,1
1.0,0,1
1.0,0,1
1.0,0,1
1.0,0,1
1.0,0,1
1.0,0,1
1.0,0,1
1.0,0,1
1.0,0,1
1.0,0,1
1.0,0,1
1.0,0,1
1.0,0,1
1.0,0,1
1.0,0,1
1.0,0,1
1.0,0,1
1.0,0,1
1.0,0,1
1.0,0,1
1.0,0,1
1.0,0,1
1.0,0,1
1.0,0,1
1.0,0,1
1.0,0,1
1.0,0,1
1.0,0,1
1.0,0,1
1.0,0,1
1.0,0,1
1.0,0,1
1.0,0,1
1.0,0,1
1.0,0,1
1.0,0,1
1.0,0,1
1.0,0,1
1.0,0,1
1.0,0,1
1.0,0,1
1.0,0,1
1.0,0,1
1.0,0,1
1.0,0,1
1.0,0,1
1.0,0,1
1.0,0,1
1.0,0,1
1.0,0,1
1.0,0,1
1.0,0,1
1.0,0,1
1.0,0,1
1.0,0,1
1.0,0,1
1.0,0,1
1.0,0,1
1.0,0,1
1.0,0,1
1.0,0,1
1.0,0,1
1.0,0,1
1.0,0,1
1.0,0,1
1.0,0,1
1.0,0,1
1.0,0,1
1.0,0,1
1.0,0,1
1.0,0,1
1.0,0,1
1.0,0,1
1.0,0,1
1.0,0,1
1.0,0,1
1.0,0,1
1.0,0,1
1.0,0,1
1.0,0,1
1.0,0,1
1.0,0,1
1.0,0,1
1.0,0,1
1.0,0,1
1.0,0,1
1.0,0,1
1.0,0,1
1.0,0,1
1.0,0,1
1.0,0,1
1.0,0,1
1.0,0,1
1.0,0,1
1.0,0,1
1.0,0,1
1.0,0,1
1.0,0,1
1.0,0,1
1.0,0,1
1.0,0,1
1.0,0,1
1.0,0,1
1.0,0,1
1.0,0,1
1.0,0,1
1.0,0,1
1.0,0,1
1.0,0,1
1.0,0,1
1.0,0,1
1.0,0,1
1.0,0,1
1.0,0,1
1.0,0,1
1.0,0,1
1.0,0,1
1.0,0,1
1.0,0,1
1.0,0,1
1.0,0,1
1.0,0,1
1.0,0,1
1.0,0,1
1.0,0,1
1.0,0,1
1.0,0,1
1.0,0,1
1.0,0,1
1.0,0,1
1.0,0,1
1.0,0,1
1.0,0,1
1.0,0,1
1.0,0,1
1.0,0,1
1.0,0,1
1.0,0,1
1.0,0,1
1.0,0,1
1.0,0,1
1.0,0,1
1.0,0,1
1.0,0,1
1.0,0,1
1.0,0,1
1.0,0,1
1.0,0,1
1.0,0,1
1.0,0,1
1.0,0,1
1.0,0,1
1.0,0,1
1.0,0,1
1.0,0,1
1.0,0,1
1.0,0,1
1.0,0,1
1.0,0,1
1.0,0,1
1.0,0,1
1.0,0,1
1.0,0,1
1.0,0,1
1.0,0,1
1.0,0,1
1.0,0,1
1.0,0,1
1.0,0,1
1.0,0,1
1.0,0,1
1.0,0,1
1.0,0,1
1.0,0,1
1.0,0,1
1.0,0,1
1.0,0,1
1.0,0,1
1.0,0,1
1.0,0,1
1.0,0,1
1.0,0,1
1.0,0,1
1.0,0,1
1.0,0,1
1.0,0,1
1.0,0,1
1.0,0,1
1.0,0,1
1.0,0,1
1.0,0,1
1.0,0,1
1.0,0,1
1.0,0,1
1.0,0,1
1.0,0,1
1.0,0,1
1.0,0,1
1.0,0,1
1.0,0,1
1.0,0,1
1.0,0,1
1.0,0,1
1.0,0,1
1.0,0,1
1.0,0,1
1.0,0,1
1.0,0,1
1.0,0,1
1.0,0,1
1.0,0,1
1.0,0,1
1.0,0,1
1.0,0,1
1.0,0,1
1.0,0,1
1.0,0,1
1.0,0,1
1.0,0,1
1.0,0,1
1.0,0,1
1.0,0,1
1.0,0,1
1.0,0,1
1.0,0,1
1.0,0,1
1.0,0,1
1.0,0,1
1.0,0,1
1.0,0,1
1.0,0,1
1.0,0,1
1.0,0,1
1.0,0,1
1.0,0,1
1.0,0,1
1.0,0,1
1.0,0,1
1.0,0,1
1.0,0,1
1.0,0,1
1.0,0,1
1.0,0,1
1.0,0,1
1.0,0,1
1.0,0,1
1.0,0,1
1.0,0,1
1.0,0,1
1.0,0,1
1.0,0,1
1.0,0,1
1.0,0,1
1.0,0,1
1.0,0,1
1.0,0,1
1.0,0,1
1.0,0,1
1.0,0,1
1.0,0,1
1.0,0,1
1.0,0,1
1.0,0,1
1.0,0,1
1.0,0,1
1.0,0,1
1.0,0,1
1.0,0,1
1.0,0,1
1.0,0,1
1.0,0,1
1.0,0,1
1.0,0,1
1.0,0,1
1.0,0,1
1.0,0,1
1.0,0,1
1.0,0,1
1.0,0,1
1.0,0,1
1.0,0,1
1.0,0,1
1.0,0,1
1.0,0,1
1.0,0,1
1.0,0,1
1.0,0,1
1.0,0,1
1.0,0,1
1.0,0,1
1.0,0,1
1.0,0,1
1.0,0,1
1.0,0,1
1.0,0,1
1.0,0,1
1.0,0,1
1.0,0,1
1.0,0,1
1.0,0,1
1.0,0,1
1.0,0,1
1.0,0,1
1.0,0,1
1.0,0,1
1.0,0,1
1.0,0,1
1.0,0,1
1.0,0,1
1.0,0,1
1.0,0,1
1.0,0,1
1.0,0,1
1.0,0,1
1.0,0,1
1.0,0,1
1.0,0,1
1.0,0,1
1.0,0,1
1.0,0,1
1.0,0,1
1.0,0,1
1.0,0,1
1.0,0,1
1.0,0,1
1.0,0,1
1.0,0,1
1.0,0,1
1.0,0,1
1.0,0,1
1.0,0,1
1.0,0,1
1.0,0,1
1.0,0,1
1.0,0,1
1.0,0,1
1.0,0,1
1.0,0,1
1.0,0,1
1.0,0,1
1.0,0,1
1.0,0,1
1.0,0,1
1.0,0,1
1.0,0,1
1.0,0,1
1.0,0,1
1.0,0,1
1.0,0,1
1.0,0,1
1.0,0,1
1.0,0,1
1.0,0,1
1.0,0,1
1.0,0,1
1.0,0,1
1.0,0,1
1.0,0,1
1.0,0,1
1.0,0,1
1.0,0,1
1.0,0,1
1.0,0,1
1.0,0,1
1.0,0,1
1.0,0,1
1.0,0,1
1.0,0,1
1.0,0,1
1.0,0,1
1.0,0,1
1.0,0,1
1.0,0,1
1.0,0,1
1.0,0,1
1.0,0,1
1.0,0,1
1.0,0,1
1.0,0,1
1.0,0,1
1.0,0,1
1.0,0,1
1.0,0,1
1.0,0,1
1.0,0,1
1.0,0,1
1.0,0,1
1.0,0,1
1.0,0,1
1.0,0,1
1.0,0,1
1.0,0,1
1.0,0,1
1.0,0,1
1.0,0,1
1.0,0,1
1.0,0,1
1.0,0,1
1.0,0,1
1.0,0,1
1.0,0,1
1.0,0,1
1.0,0,1
1.0,0,1
1.0,0,1
1.0,0,1
1.0,0,1
1.0,0,1
1.0,0,1
1.0,0,1
1.0,0,1
1.0,0,1
1.0,0,1
1.0,0,1
1.0,0,1
1.0,0,1
1.0,0,1
1.0,0,1
1.0,0,1
1.0,0,1
1.0,0,1
1.0,0,1
1.0,0,1
1.0,0,1
1.0,0,1
1.0,0,1
1.0,0,1
1.0,0,1
1.0,0,1
1.0,0,1
1.0,0,1
1.0,0,1
1.0,0,1
1.0,0,1
1.0,0,1
1.0,0,1
1.0,0,1
1.0,0,1
1.0,0,1
1.0,0,1
1.0,0,1
1.0,0,1
1.0,0,1
1.0,0,1
1.0,0,1
1.0,0,1
1.0,0,1
1.0,0,1
1.0,0,1
1.0,0,1
1.0,0,1
1.0,0,1
1.0,0,1
1.0,0,1
1.0,0,1
1.0,0,1
1.0,0,1
1.0,0,1
1.0,0,1
1.0,0,1
1.0,0,1
1.0,0,1
1.0,0,1
1.0,0,1
1.0,0,1
1.0,0,1
1.0,0,1
1.0,0,1
1.0,0,1
1.0,0,1
1.0,0,1
1.0,0,1
1.0,0,1
1.0,0,1
1.0,0,1
1.0,0,1
1.0,0,1
1.0,0,1
1.0,0,1
1.0,0,1
1.0,0,1
1.0,0,1
1.0,0,1
1.0,0,1
1.0,0,1
1.0,0,1
1.0,0,1
1.0,0,1
1.0,0,1
1.0,0,1
1.0,0,1
1.0,0,1
1.0,0,1
1.0,0,1
1.0,0,1
1.0,0,1
1.0,0,1
1.0,0,1
1.0,0,1
1.0,0,1
1.0,0,1
1.0,0,1
1.0,0,1
1.0,0,1
1.0,0,1
1.0,0,1
1.0,0,1
1.0,0,1
1.0,0,1
1.0,0,1
1.0,0,1
1.0,0,1
1.0,0,1
1.0,0,1
1.0,0,1
1.0,0,1
1.0,0,1
1.0,0,1
1.0,0,1
1.0,0,1
1.0,0,1
1.0,0,1
1.0,0,1
1.0,0,1
1.0,0,1
1.0,0,1
1.0,0,1
1.0,0,1
1.0,0,1
1.0,0,1
1.0,0,1
1.0,0,1
1.0,0,1
1.0,0,1
1.0,0,1
1.0,0,1
1.0,0,1
1.0,0,1
1.0,0,1
1.0,0,1
1.0,0,1
1.0,0,1
1.0,0,1
1.0,0,1
1.0,0,1
1.0,0,1
1.0,0,1
1.0,0,1
1.0,0,1
1.0,0,1
1.0,0,1
1.0,0,1
1.0,0,1
1.0,0,1
1.0,0,1
1.0,0,1
1.0,0,1
1.0,0,1
1.0,0,1
1.0,0,1
1.0,0,1
1.0,0,1
1.0,0,1
1.0,0,1
1.0,0,1
1.0,0,1
1.0,0,1
1.0,0,1
1.0,0,1
1.0,0,1
1.0,0,1
1.0,0,1
1.0,0,1
1.0,0,1
1.0,0,1
1.0,0,1
1.0,0,1
1.0,0,1
1.0,0,1
1.0,0,1
1.0,0,1
1.0,0,1
1.0,0,1
1.0,0,1
1.0,0,1
1.0,0,1
1.0,0,1
1.0,0,1
1.0,0,1
1.0,0,1
1.0,0,1
1.0,0,1
1.0,0,1
1.0,0,1
1.0,0,1
1.0,0,1
1.0,0,1
1.0,0,1
1.0,0,1
1.0,0,1
1.0,0,1
1.0,0,1
1.0,0,1
1.0,0,1
1.0,0,1
1.0,0,1
1.0,0,1
1.0,0,1
1.0,0,1
1.0,0,1
1.0,0,1
1.0,0,1
1.0,0,1
1.0,0,1
1.0,0,1
1.0,0,1
1.0,0,1
1.0,0,1
1.0,0,1
1.0,0,1
1.0,0,1
1.0,0,1
1.0,0,1
1.0,0,1
1.0,0,1
1.0,0,1
1.0,0,1
1.0,0,1
1.0,0,1
1.0,0,1
1.0,0,1
1.0,0,1
1.0,0,1
1.0,0,1
1.0,0,1
1.0,0,1
1.0,0,1
1.0,0,1
1.0,0,1
1.0,0,1
1.0,0,1
1.0,0,1
1.0,0,1
1.0,0,1
1.0,0,1
1.0,0,1
1.0,0,1
1.0,0,1
1.0,0,1
1.0,0,1
1.0,0,1
1.0,0,1
1.0,0,1
1.0,0,1
1.0,0,1
1.0,0,1
1.0,0,1
1.0,0,1
1.0,0,1
1.0,0,1
1.0,0,1
1.0,0,1
1.0,0,1
1.0,0,1
1.0,0,1
1.0,0,1
1.0,0,1
1.0,0,1
1.0,0,1
1.0,0,1
1.0,0,1
1.0,0,1
1.0,0,1
1.0,0,1
1.0,0,1
1.0,0,1
1.0,0,1
1.0,0,1
1.0,0,1
1.0,0,1
1.0,0,1
1.0,0,1
1.0,0,1
1.0,0,1
1.0,0,1
1.0,0,1
1.0,0,1
1.0,0,1
1.0,0,1
1.0,0,1
1.0,0,1
1.0,0,1
1.0,0,1
1.0,0,1
1.0,0,1
1.0,0,1
1.0,0,1
1.0,0,1
1.0,0,1
1.0,0,1
1.0,0,1
1.0,0,1
1.0,0,1
1.0,0,1
1.0,0,1
1.0,0,1
1.0,0,1
1.0,0,1
1.0,0,1
1.0,0,1
1.0,0,1
1.0,0,1
1.0,0,1
1.0,0,1
1.0,0,1
1.0,0,1
1.0,0,1
1.0,0,1
1.0,0,1
1.0,0,1
1.0,0,1
1.0,0,1
1.0,0,1
1.0,0,1
1.0,0,1
1.0,0,1
1.0,0,1
1.0,0,1
1.0,0,1
1.0,0,1
1.0,0,1
1.0,0,1
1.0,0,1
1.0,0,1
1.0,0,1
1.0,0,1
1.0,0,1
1.0,0,1
1.0,0,1
1.0,0,1
1.0,0,1
1.0,0,1
1.0,0,1
1.0,0,1
1.0,0,1
1.0,0,1
1.0,0,1
1.0,0,1
1.0,0,1
1.0,0,1
1.0,0,1
1.0,0,1
1.0,0,1
1.0,0,1
1.0,0,1
1.0,0,1
1.0,0,1
1.0,0,1
1.0,0,1
1.0,0,1
1.0,0,1
1.0,0,1
1.0,0,1
1.0,0,1
1.0,0,1
1.0,0,1
1.0,0,1
1.0,0,1
1.0,0,1
1.0,0,1
1.0,0,1
1.0,0,1
1.0,0,1
1.0,0,1
1.0,0,1
1.0,0,1
1.0,0,1
1.0,0,1
1.0,0,1
1.0,0,1
1.0,0,1
1.0,0,1
1.0,0,1
1.0,0,1
1.0,0,1
1.0,0,1
1.0,0,1
1.0,0,1
1.0,0,1
1.0,0,1
1.0,0,1
1.0,0,1
1.0,0,1
1.0,0,1
1.0,0,1
1.0,0,1
1.0,0,1
1.0,0,1
1.0,0,1
1.0,0,1
1.0,0,1
1.0,0,1
1.0,0,1
1.0,0,1
1.0,0,1
1.0,0,1
1.0,0,1
1.0,0,1
1.0,0,1
1.0,0,1
1.0,0,1
1.0,0,1
1.0,0,1
1.0,0,1
1.0,0,1
1.0,0,1
1.0,0,1
1.0,0,1
1.0,0,1
1.0,0,1
1.0,0,1
1.0,0,1
1.0,0,1
1.0,0,1
1.0,0,1
1.0,0,1
1.0,0,1
1.0,0,1
1.0,0,1
1.0,0,1
1.0,0,1
1.0,0,1
1.0,0,1
1.0,0,1
1.0,0,1
1.0,0,1
1.0,0,1
1.0,0,1
1.0,0,1
1.0,0,1
1.0,0,1
1.0,0,1
1.0,0,1
1.0,0,1
1.0,0,1
1.0,0,1
1.0,0,1
1.0,0,1
1.0,0,1
1.0,0,1
1.0,0,1
1.0,0,1
1.0,0,1
1.0,0,1
1.0,0,1
1.0,0,1
1.0,0,1
1.0,0,1
1.0,0,1
1.0,0,1
1.0,0,1
1.0,0,1
1.0,0,1
1.0,0,1
1.0,0,1
1.0,0,1
1.0,0,1
1.0,0,1
1.0,0,1
1.0,0,1
1.0,0,1
1.0,0,1
1.0,0,1
1.0,0,1
1.0,0,1
1.0,0,1
1.0,0,1
1.0,0,1
1.0,0,1
1.0,0,1
1.0,0,1
1.0,0,1
1.0,0,1
1.0,0,1
1.0,0,1
1.0,0,1
1.0,0,1
1.0,0,1
1.0,0,1
1.0,0,1
1.0,0,1
1.0,0,1
1.0,0,1
1.0,0,1
1.0,0,1
1.0,0,1
1.0,0,1
1.0,0,1
1.0,0,1
1.0,0,1
1.0,0,1
1.0,0,1
1.0,0,1
1.0,0,1
1.0,0,1
1.0,0,1
1.0,0,1
1.0,0,1
1.0,0,1
1.0,0,1
1.0,0,1
1.0,0,1
1.0,0,1
1.0,0,1
1.0,0,1
1.0,0,1
1.0,0,1
1.0,0,1
1.0,0,1
1.0,0,1
1.0,0,1
1.0,0,1
1.0,0,1
1.0,0,1
1.0,0,1
1.0,0,1
1.0,0,1
1.0,0,1
1.0,0,1
1.0,0,1
1.0,0,1
1.0,0,1
1.0,0,1
1.0,0,1
1.0,0,1
1.0,0,1
1.0,0,1
1.0,0,1
1.0,0,1
1.0,0,1
1.0,0,1
1.0,0,1
1.0,0,1
1.0,0,1
1.0,0,1
1.0,0,1
1.0,0,1
1.0,0,1
1.0,0,1
1.0,0,1
1.0,0,1
1.0,0,1
1.0,0,1
1.0,0,1
1.0,0,1
1.0,0,1
1.0,0,1
1.0,0,1
1.0,0,1
1.0,0,1
1.0,0,1
1.0,0,1
1.0,0,1
1.0,0,1
1.0,0,1
1.0,0,1
1.0,0,1
1.0,0,1
1.0,0,1
1.0,0,1
1.0,0,1
1.0,0,1
1.0,0,1
1.0,0,1
1.0,0,1
1.0,0,1
1.0,0,1
1.0,0,1
1.0,0,1
1.0,0,1
1.0,0,1
1.0,0,1
1.0,0,1
1.0,0,1
1.0,0,1
1.0,0,1
1.0,0,1
1.0,0,1
1.0,0,1
1.0,0,1
1.0,0,1
1.0,0,1
1.0,0,1
1.0,0,1
1.0,0,1
1.0,0,1
1.0,0,1
1.0,0,1
1.0,0,1
1.0,0,1
1.0,0,1
1.0,0,1
1.0,0,1
1.0,0,1
1.0,0,1
1.0,0,1
1.0,0,1
1.0,0,1
1.0,0,1
1.0,0,1
1.0,0,1
1.0,0,1
1.0,0,1
1.0,0,1
1.0,0,1
1.0,0,1
1.0,0,1
1.0,0,1
1.0,0,1
1.0,0,1
1.0,0,1
1.0,0,1
1.0,0,1
1.0,0,1
1.0,0,1
1.0,0,1
1.0,0,1
1.0,0,1
1.0,0,1
1.0,0,1
1.0,0,1
1.0,0,1
1.0,0,1
1.0,0,1
1.0,0,1
1.0,0,1
1.0,0,1
1.0,0,1
1.0,0,1
1.0,0,1
1.0,0,1
1.0,0,1
1.0,0,1
1.0,0,1
1.0,0,1
1.0,0,1
1.0,0,1
1.0,0,1
1.0,0,1
1.0,0,1
1.0,0,1
1.0,0,1
1.0,0,1
1.0,0,1
1.0,0,1
1.0,0,1
1.0,0,1
1.0,0,1
1.0,0,1
1.0,0,1
1.0,0,1
1.0,0,1
1.0,0,1
1.0,0,1
1.0,0,1
0.99999994,0,1
0.99999976,0,1
0.999999,0,1
1.0,0,1
1.0,0,1
1.0,0,1
1.0,0,1
1.0,0,1
1.0,0,1
1.0,0,1
1.0,0,1
1.0,0,1
1.0,0,1
1.0,0,1
1.0,0,1
1.0,0,1
1.0,0,1
1.0,0,1
1.0,0,1
1.0,0,1
1.0,0,1
1.0,0,1
1.0,0,1
1.0,0,1
1.0,0,1
1.0,0,1
1.0,0,1
1.0,0,1
1.0,0,1
1.0,0,1
1.0,0,1
0.99999994,0,1
0.9999999,0,1
0.99999905,0,1
0.9999997,0,1
1.0,0,1
1.0,0,1
1.0,0,1
1.0,0,1
1.0,0,1
1.0,0,1
1.0,0,1
1.0,0,1
1.0,0,1
1.0,0,1
1.0,0,1
1.0,0,1
1.0,0,1
1.0,0,1
1.0,0,1
1.0,0,1
1.0,0,1
1.0,0,1
1.0,0,1
1.0,0,1
1.0,0,1
1.0,0,1
1.0,0,1
1.0,0,1
1.0,0,1
1.0,0,1
1.0,0,1
0.9999999,0,1
0.99999976,0,1
0.9999997,0,1
1.0,0,1
1.0,0,1
1.0,0,1
1.0,0,1
1.0,0,1
1.0,0,1
1.0,0,1
1.0,0,1
1.0,0,1
1.0,0,1
1.0,0,1
1.0,0,1
1.0,0,1
1.0,0,1
1.0,0,1
1.0,0,1
1.0,0,1
1.0,0,1
1.0,0,1
1.0,0,1
1.0,0,1
1.0,0,1
0.9999999,0,1
0.9999999,0,1
0.9999992,0,1
1.0,0,1
1.0,0,1
1.0,0,1
1.0,0,1
0.99999994,0,1
0.9999999,0,1
1.0,0,1
1.0,0,1
1.0,0,1
0.99999994,0,1
1.0,0,1
1.0,0,1
1.0,0,1
1.0,0,1
1.0,0,1
1.0,0,1
1.0,0,1
1.0,0,1
1.0,0,1
1.0,0,1
1.0,0,1
1.0,0,1
1.0,0,1
1.0,0,1
1.0,0,1
1.0,0,1
1.0,0,1
1.0,0,1
1.0,0,1
1.0,0,1
1.0,0,1
1.0,0,1
1.0,0,1
1.0,0,1
1.0,0,1
0.99999994,0,1
0.99999994,0,1
1.0,0,1
1.0,0,1
1.0,0,1
1.0,0,1
1.0,0,1
1.0,0,1
1.0,0,1
1.0,0,1
1.0,0,1
1.0,0,1
1.0,0,1
1.0,0,1
1.0,0,1
1.0,0,1
1.0,0,1
1.0,0,1
1.0,0,1
1.0,0,1
1.0,0,1
1.0,0,1
1.0,0,1
1.0,0,1
1.0,0,1
1.0,0,1
1.0,0,1
1.0,0,1
1.0,0,1
1.0,0,1
0.99999994,0,1
0.99999994,0,1
1.0,0,1
1.0,0,1
1.0,0,1
1.0,0,1
1.0,0,1
1.0,0,1
1.0,0,1
1.0,0,1
1.0,0,1
1.0,0,1
1.0,0,1
1.0,0,1
1.0,0,1
1.0,0,1
1.0,0,1
1.0,0,1
1.0,0,1
1.0,0,1
1.0,0,1
1.0,0,1
1.0,0,1
1.0,0,1
1.0,0,1
1.0,0,1
1.0,0,1
1.0,0,1
1.0,0,1
1.0,0,1
1.0,0,1
0.9999998,0,1
0.9999985,0,1
0.9999961,0,1
0.99998915,0,1
0.99999976,0,1
1.0,0,1
1.0,0,1
1.0,0,1
1.0,0,1
1.0,0,1
1.0,0,1
1.0,0,1
1.0,0,1
1.0,0,1
1.0,0,1
1.0,0,1
1.0,0,1
1.0,0,1
1.0,0,1
1.0,0,1
1.0,0,1
1.0,0,1
1.0,0,1
1.0,0,1
1.0,0,1
1.0,0,1
1.0,0,1
1.0,0,1
1.0,0,1
1.0,0,1
1.0,0,1
0.99999994,0,1
0.9999995,0,1
0.9999998,0,1
1.0,0,1
1.0,0,1
1.0,0,1
1.0,0,1
1.0,0,1
1.0,0,1
1.0,0,1
1.0,0,1
1.0,0,1
1.0,0,1
1.0,0,1
1.0,0,1
1.0,0,1
1.0,0,1
1.0,0,1
1.0,0,1
1.0,0,1
1.0,0,1
1.0,0,1
1.0,0,1
1.0,0,1
1.0,0,1
1.0,0,1
1.0,0,1
1.0,0,1
1.0,0,1
1.0,0,1
1.0,0,1
1.0,0,1
1.0,0,1
0.9999999,0,1
0.9999999,0,1
1.0,0,1
1.0,0,1
1.0,0,1
1.0,0,1
1.0,0,1
1.0,0,1
1.0,0,1
1.0,0,1
1.0,0,1
1.0,0,1
1.0,0,1
1.0,0,1
1.0,0,1
1.0,0,1
1.0,0,1
1.0,0,1
1.0,0,1
1.0,0,1
1.0,0,1
1.0,0,1
1.0,0,1
1.0,0,1
1.0,0,1
1.0,0,1
1.0,0,1
1.0,0,1
1.0,0,1
0.99999994,0,1
0.9999996,0,1
0.9999998,0,1
1.0,0,1
1.0,0,1
1.0,0,1
1.0,0,1
1.0,0,1
1.0,0,1
1.0,0,1
1.0,0,1
1.0,0,1
1.0,0,1
1.0,0,1
1.0,0,1
1.0,0,1
1.0,0,1
1.0,0,1
1.0,0,1
1.0,0,1
1.0,0,1
1.0,0,1
1.0,0,1
1.0,0,1
1.0,0,1
1.0,0,1
1.0,0,1
1.0,0,1
1.0,0,1
1.0,0,1
1.0,0,1
1.0,0,1
1.0,0,1
1.0,0,1
0.9999999,0,1
1.0,0,1
1.0,0,1
1.0,0,1
1.0,0,1
1.0,0,1
1.0,0,1
1.0,0,1
0.99999994,0,1
1.0,0,1
1.0,0,1
1.0,0,1
1.0,0,1
1.0,0,1
1.0,0,1
1.0,0,1
1.0,0,1
1.0,0,1
1.0,0,1
1.0,0,1
1.0,0,1
1.0,0,1
1.0,0,1
1.0,0,1
1.0,0,1
1.0,0,1
1.0,0,1
1.0,0,1
1.0,0,1
0.99999946,0,1
0.9999998,0,1
1.0,0,1
1.0,0,1
1.0,0,1
1.0,0,1
1.0,0,1
1.0,0,1
1.0,0,1
1.0,0,1
1.0,0,1
1.0,0,1
1.0,0,1
1.0,0,1
1.0,0,1
1.0,0,1
1.0,0,1
1.0,0,1
1.0,0,1
1.0,0,1
1.0,0,1
1.0,0,1
1.0,0,1
1.0,0,1
1.0,0,1
1.0,0,1
1.0,0,1
1.0,0,1
1.0,0,1
1.0,0,1
1.0,0,1
1.0,0,1
1.0,0,1
0.99999994,0,1
0.99999976,0,1
1.0,0,1
1.0,0,1
1.0,0,1
1.0,0,1
1.0,0,1
1.0,0,1
1.0,0,1
1.0,0,1
1.0,0,1
1.0,0,1
1.0,0,1
1.0,0,1
1.0,0,1
1.0,0,1
1.0,0,1
1.0,0,1
1.0,0,1
1.0,0,1
1.0,0,1
1.0,0,1
1.0,0,1
1.0,0,1
1.0,0,1
1.0,0,1
1.0,0,1
1.0,0,1
1.0,0,1
1.0,0,1
0.99999994,0,1
1.0,0,1
1.0,0,1
0.9999998,0,1
0.99999994,0,1
1.0,0,1
1.0,0,1
1.0,0,1
1.0,0,1
1.0,0,1
1.0,0,1
1.0,0,1
1.0,0,1
1.0,0,1
1.0,0,1
1.0,0,1
1.0,0,1
1.0,0,1
1.0,0,1
1.0,0,1
1.0,0,1
1.0,0,1
1.0,0,1
1.0,0,1
1.0,0,1
1.0,0,1
1.0,0,1
1.0,0,1
1.0,0,1
1.0,0,1
1.0,0,1
0.99999833,0,1
0.99999994,0,1
1.0,0,1
1.0,0,1
1.0,0,1
1.0,0,1
1.0,0,1
1.0,0,1
1.0,0,1
1.0,0,1
1.0,0,1
1.0,0,1
1.0,0,1
1.0,0,1
1.0,0,1
1.0,0,1
1.0,0,1
1.0,0,1
1.0,0,1
1.0,0,1
1.0,0,1
1.0,0,1
1.0,0,1
1.0,0,1
1.0,0,1
1.0,0,1
1.0,0,1
1.0,0,1
1.0,0,1
1.0,0,1
0.9999994,0,1
1.0,0,1
1.0,0,1
1.0,0,1
1.0,0,1
1.0,0,1
1.0,0,1
1.0,0,1
1.0,0,1
1.0,0,1
1.0,0,1
1.0,0,1
1.0,0,1
1.0,0,1
1.0,0,1
1.0,0,1
1.0,0,1
1.0,0,1
1.0,0,1
1.0,0,1
1.0,0,1
1.0,0,1
1.0,0,1
1.0,0,1
1.0,0,1
1.0,0,1
1.0,0,1
1.0,0,1
1.0,0,1
1.0,0,1
1.0,0,1
0.9999995,0,1
0.9999998,0,1
1.0,0,1
1.0,0,1
1.0,0,1
1.0,0,1
1.0,0,1
1.0,0,1
1.0,0,1
1.0,0,1
1.0,0,1
1.0,0,1
1.0,0,1
1.0,0,1
1.0,0,1
1.0,0,1
1.0,0,1
1.0,0,1
1.0,0,1
1.0,0,1
1.0,0,1
1.0,0,1
1.0,0,1
0.99999994,0,1
0.99999994,0,1
1.0,0,1
1.0,0,1
1.0,0,1
1.0,0,1
1.0,0,1
1.0,0,1
0.99999994,0,1
0.9999999,0,1
1.0,0,1
1.0,0,1
1.0,0,1
1.0,0,1
1.0,0,1
1.0,0,1
1.0,0,1
1.0,0,1
1.0,0,1
1.0,0,1
1.0,0,1
1.0,0,1
1.0,0,1
1.0,0,1
1.0,0,1
1.0,0,1
1.0,0,1
1.0,0,1
1.0,0,1
1.0,0,1
1.0,0,1
1.0,0,1
1.0,0,1
1.0,0,1
1.0,0,1
1.0,0,1
1.0,0,1
1.0,0,1
1.0,0,1
1.0,0,1
0.99999994,0,1
1.0,0,1
1.0,0,1
1.0,0,1
1.0,0,1
1.0,0,1
1.0,0,1
1.0,0,1
1.0,0,1
1.0,0,1
1.0,0,1
1.0,0,1
1.0,0,1
1.0,0,1
1.0,0,1
1.0,0,1
1.0,0,1
1.0,0,1
1.0,0,1
1.0,0,1
1.0,0,1
1.0,0,1
1.0,0,1
0.99999994,0,1
1.0,0,1
1.0,0,1
1.0,0,1
1.0,0,1
1.0,0,1
1.0,0,1
0.99999994,0,1
0.99999964,0,1
0.9999995,0,1
1.0,0,1
1.0,0,1
1.0,0,1
1.0,0,1
1.0,0,1
1.0,0,1
1.0,0,1
1.0,0,1
1.0,0,1
1.0,0,1
1.0,0,1
0.99999994,0,1
1.0,0,1
1.0,0,1
1.0,0,1
1.0,0,1
1.0,0,1
1.0,0,1
1.0,0,1
1.0,0,1
1.0,0,1
1.0,0,1
0.9999996,0,1
0.99999994,0,1
1.0,0,1
1.0,0,1
1.0,0,1
1.0,0,1
0.9999999,0,1
0.99999994,0,1
0.99999994,0,1
1.0,0,1
1.0,0,1
1.0,0,1
1.0,0,1
1.0,0,1
1.0,0,1
1.0,0,1
1.0,0,1
1.0,0,1
1.0,0,1
1.0,0,1
0.99999994,0,1
1.0,0,1
0.99999994,0,1
1.0,0,1
1.0,0,1
1.0,0,1
1.0,0,1
1.0,0,1
1.0,0,1
1.0,0,1
1.0,0,1
1.0,0,1
1.0,0,1
1.0,0,1
1.0,0,1
1.0,0,1
0.99999994,0,1
0.99999726,0,1
0.99999744,0,1
0.99999905,0,1
0.9999996,0,1
0.99999994,0,1
1.0,0,1
1.0,0,1
1.0,0,1
1.0,0,1
1.0,0,1
1.0,0,1
1.0,0,1
1.0,0,1
1.0,0,1
1.0,0,1
1.0,0,1
1.0,0,1
1.0,0,1
1.0,0,1
1.0,0,1
1.0,0,1
1.0,0,1
1.0,0,1
1.0,0,1
1.0,0,1
1.0,0,1
1.0,0,1
1.0,0,1
1.0,0,1
1.0,0,1
1.0,0,1
0.9999999,0,1
0.99999994,0,1
0.99999994,0,1
1.0,0,1
1.0,0,1
1.0,0,1
1.0,0,1
1.0,0,1
1.0,0,1
1.0,0,1
1.0,0,1
1.0,0,1
1.0,0,1
1.0,0,1
1.0,0,1
1.0,0,1
1.0,0,1
1.0,0,1
1.0,0,1
1.0,0,1
1.0,0,1
1.0,0,1
1.0,0,1
1.0,0,1
1.0,0,1
1.0,0,1
1.0,0,1
1.0,0,1
1.0,0,1
1.0,0,1
1.0,0,1
1.0,0,1
1.0,0,1
1.0,0,1
1.0,0,1
1.0,0,1
1.0,0,1
1.0,0,1
1.0,0,1
1.0,0,1
1.0,0,1
1.0,0,1
1.0,0,1
1.0,0,1
1.0,0,1
1.0,0,1
1.0,0,1
1.0,0,1
1.0,0,1
1.0,0,1
1.0,0,1
1.0,0,1
1.0,0,1
1.0,0,1
1.0,0,1
1.0,0,1
1.0,0,1
1.0,0,1
1.0,0,1
1.0,0,1
1.0,0,1
0.9999999,0,1
0.99999964,0,1
0.9999998,0,1
1.0,0,1
1.0,0,1
1.0,0,1
1.0,0,1
1.0,0,1
1.0,0,1
1.0,0,1
1.0,0,1
1.0,0,1
1.0,0,1
1.0,0,1
1.0,0,1
1.0,0,1
1.0,0,1
1.0,0,1
1.0,0,1
1.0,0,1
1.0,0,1
1.0,0,1
1.0,0,1
1.0,0,1
1.0,0,1
1.0,0,1
1.0,0,1
1.0,0,1
1.0,0,1
1.0,0,1
1.0,0,1
1.0,0,1
0.99999994,0,1
0.99999994,0,1
0.99999994,0,1
1.0,0,1
1.0,0,1
1.0,0,1
1.0,0,1
1.0,0,1
1.0,0,1
1.0,0,1
1.0,0,1
1.0,0,1
1.0,0,1
1.0,0,1
1.0,0,1
1.0,0,1
1.0,0,1
1.0,0,1
1.0,0,1
1.0,0,1
1.0,0,1
1.0,0,1
1.0,0,1
1.0,0,1
1.0,0,1
1.0,0,1
1.0,0,1
1.0,0,1
1.0,0,1
1.0,0,1
1.0,0,1
1.0,0,1
1.0,0,1
1.0,0,1
1.0,0,1
1.0,0,1
1.0,0,1
1.0,0,1
1.0,0,1
1.0,0,1
1.0,0,1
1.0,0,1
1.0,0,1
1.0,0,1
1.0,0,1
1.0,0,1
1.0,0,1
0.9999997,0,1
1.0,0,1
1.0,0,1
1.0,0,1
1.0,0,1
1.0,0,1
1.0,0,1
1.0,0,1
1.0,0,1
1.0,0,1
0.99999994,0,1
1.0,0,1
1.0,0,1
1.0,0,1
1.0,0,1
0.99999994,0,1
0.9999997,0,1
0.99999994,0,1
0.99999994,0,1
0.9999998,0,1
1.0,0,1
1.0,0,1
1.0,0,1
1.0,0,1
1.0,0,1
1.0,0,1
1.0,0,1
1.0,0,1
1.0,0,1
0.99999994,0,1
1.0,0,1
1.0,0,1
1.0,0,1
1.0,0,1
1.0,0,1
1.0,0,1
1.0,0,1
1.0,0,1
1.0,0,1
1.0,0,1
1.0,0,1
1.0,0,1
1.0,0,1
1.0,0,1
1.0,0,1
1.0,0,1
0.9999999,0,1
1.0,0,1
0.99999994,0,1
0.99999994,0,1
1.0,0,1
1.0,0,1
1.0,0,1
1.0,0,1
1.0,0,1
1.0,0,1
0.99999994,0,1
1.0,0,1
1.0,0,1
0.99999994,0,1
0.99999994,0,1
1.0,0,1
1.0,0,1
1.0,0,1
1.0,0,1
1.0,0,1
1.0,0,1
0.99999994,0,1
0.99999857,0,1
1.0,0,1
1.0,0,1
1.0,0,1
1.0,0,1
1.0,0,1
1.0,0,1
1.0,0,1
1.0,0,1
0.99999994,0,1
0.99999994,0,1
0.99999994,0,1
1.0,0,1
1.0,0,1
1.0,0,1
0.99999994,0,1
1.0,0,1
1.0,0,1
1.0,0,1
1.0,0,1
1.0,0,1
1.0,0,1
1.0,0,1
1.0,0,1
1.0,0,1
1.0,0,1
1.0,0,1
1.0,0,1
1.0,0,1
1.0,0,1
1.0,0,1
1.0,0,1
1.0,0,1
1.0,0,1
1.0,0,1
1.0,0,1
1.0,0,1
1.0,0,1
1.0,0,1
0.99999994,0,1
0.99999994,0,1
1.0,0,1
1.0,0,1
1.0,0,1
1.0,0,1
1.0,0,1
1.0,0,1
1.0,0,1
1.0,0,1
1.0,0,1
1.0,0,1
1.0,0,1
1.0,0,1
1.0,0,1
1.0,0,1
1.0,0,1
1.0,0,1
1.0,0,1
1.0,0,1
1.0,0,1
1.0,0,1
1.0,0,1
1.0,0,1
1.0,0,1
1.0,0,1
1.0,0,1
0.99999994,0,1
1.0,0,1
1.0,0,1
1.0,0,1
0.99999994,0,1
0.9999981,0,1
1.0,0,1
1.0,0,1
1.0,0,1
1.0,0,1
1.0,0,1
1.0,0,1
1.0,0,1
1.0,0,1
1.0,0,1
1.0,0,1
0.99999994,0,1
1.0,0,1
1.0,0,1
1.0,0,1
1.0,0,1
1.0,0,1
1.0,0,1
1.0,0,1
1.0,0,1
1.0,0,1
1.0,0,1
1.0,0,1
1.0,0,1
1.0,0,1
1.0,0,1
1.0,0,1
1.0,0,1
1.0,0,1
1.0,0,1
1.0,0,1
1.0,0,1
0.99999994,0,1
0.99999994,0,1
1.0,0,1
1.0,0,1
1.0,0,1
1.0,0,1
1.0,0,1
1.0,0,1
1.0,0,1
1.0,0,1
1.0,0,1
1.0,0,1
1.0,0,1
1.0,0,1
1.0,0,1
1.0,0,1
1.0,0,1
0.99999994,0,1
1.0,0,1
1.0,0,1
1.0,0,1
1.0,0,1
1.0,0,1
1.0,0,1
1.0,0,1
1.0,0,1
1.0,0,1
1.0,0,1
1.0,0,1
1.0,0,1
0.99999994,0,1
1.0,0,1
1.0,0,1
1.0,0,1
1.0,0,1
1.0,0,1
1.0,0,1
1.0,0,1
1.0,0,1
1.0,0,1
0.99999994,0,1
1.0,0,1
1.0,0,1
1.0,0,1
0.99999994,0,1
1.0,0,1
1.0,0,1
1.0,0,1
1.0,0,1
1.0,0,1
1.0,0,1
1.0,0,1
1.0,0,1
1.0,0,1
1.0,0,1
1.0,0,1
1.0,0,1
1.0,0,1
1.0,0,1
1.0,0,1
1.0,0,1
0.99999994,0,1
0.99999994,0,1
1.0,0,1
1.0,0,1
1.0,0,1
1.0,0,1
1.0,0,1
1.0,0,1
1.0,0,1
1.0,0,1
1.0,0,1
1.0,0,1
1.0,0,1
1.0,0,1
1.0,0,1
1.0,0,1
1.0,0,1
1.0,0,1
1.0,0,1
1.0,0,1
0.99999994,0,1
1.0,0,1
1.0,0,1
1.0,0,1
1.0,0,1
1.0,0,1
1.0,0,1
1.0,0,1
1.0,0,1
1.0,0,1
1.0,0,1
1.0,0,1
1.0,0,1
0.99999994,0,1
1.0,0,1
1.0,0,1
1.0,0,1
0.99999994,0,1
1.0,0,1
1.0,0,1
1.0,0,1
1.0,0,1
1.0,0,1
1.0,0,1
1.0,0,1
1.0,0,1
1.0,0,1
0.9999999,0,1
0.9999997,0,1
1.0,0,1
1.0,0,1
1.0,0,1
1.0,0,1
1.0,0,1
1.0,0,1
1.0,0,1
1.0,0,1
1.0,0,1
1.0,0,1
1.0,0,1
1.0,0,1
1.0,0,1
0.99999994,0,1
0.99999994,0,1
1.0,0,1
1.0,0,1
1.0,0,1
1.0,0,1
1.0,0,1
1.0,0,1
1.0,0,1
1.0,0,1
1.0,0,1
1.0,0,1
1.0,0,1
1.0,0,1
1.0,0,1
1.0,0,1
1.0,0,1
1.0,0,1
1.0,0,1
0.99999994,0,1
1.0,0,1
1.0,0,1
1.0,0,1
1.0,0,1
1.0,0,1
1.0,0,1
1.0,0,1
1.0,0,1
1.0,0,1
1.0,0,1
1.0,0,1
0.99999994,0,1
0.9999999,0,1
1.0,0,1
1.0,0,1
1.0,0,1
1.0,0,1
1.0,0,1
1.0,0,1
1.0,0,1
1.0,0,1
1.0,0,1
1.0,0,1
1.0,0,1
1.0,0,1
1.0,0,1
1.0,0,1
1.0,0,1
1.0,0,1
1.0,0,1
1.0,0,1
1.0,0,1
1.0,0,1
1.0,0,1
1.0,0,1
1.0,0,1
1.0,0,1
1.0,0,1
1.0,0,1
1.0,0,1
1.0,0,1
1.0,0,1
0.99999976,0,1
0.9999999,0,1
0.99999994,0,1
1.0,0,1
1.0,0,1
1.0,0,1
1.0,0,1
1.0,0,1
1.0,0,1
1.0,0,1
1.0,0,1
1.0,0,1
1.0,0,1
1.0,0,1
1.0,0,1
1.0,0,1
1.0,0,1
1.0,0,1
1.0,0,1
1.0,0,1
1.0,0,1
1.0,0,1
1.0,0,1
0.99999994,0,1
0.99999994,0,1
1.0,0,1
1.0,0,1
1.0,0,1
1.0,0,1
1.0,0,1
1.0,0,1
0.99999994,0,1
1.0,0,1
1.0,0,1
1.0,0,1
1.0,0,1
1.0,0,1
1.0,0,1
1.0,0,1
1.0,0,1
1.0,0,1
1.0,0,1
1.0,0,1
1.0,0,1
1.0,0,1
0.99999994,0,1
1.0,0,1
1.0,0,1
1.0,0,1
1.0,0,1
1.0,0,1
1.0,0,1
1.0,0,1
1.0,0,1
1.0,0,1
1.0,0,1
1.0,0,1
1.0,0,1
1.0,0,1
1.0,0,1
1.0,0,1
1.0,0,1
0.9999999,0,1
0.99999994,0,1
1.0,0,1
1.0,0,1
1.0,0,1
1.0,0,1
1.0,0,1
1.0,0,1
1.0,0,1
1.0,0,1
1.0,0,1
0.99999994,0,1
1.0,0,1
1.0,0,1
1.0,0,1
1.0,0,1
1.0,0,1
1.0,0,1
1.0,0,1
1.0,0,1
1.0,0,1
1.0,0,1
1.0,0,1
1.0,0,1
1.0,0,1
1.0,0,1
1.0,0,1
1.0,0,1
1.0,0,1
1.0,0,1
1.0,0,1
0.99999994,0,1
0.99999994,0,1
1.0,0,1
1.0,0,1
1.0,0,1
1.0,0,1
1.0,0,1
1.0,0,1
1.0,0,1
1.0,0,1
1.0,0,1
1.0,0,1
1.0,0,1
1.0,0,1
1.0,0,1
1.0,0,1
1.0,0,1
1.0,0,1
1.0,0,1
1.0,0,1
1.0,0,1
1.0,0,1
1.0,0,1
1.0,0,1
1.0,0,1
1.0,0,1
1.0,0,1
1.0,0,1
1.0,0,1
1.0,0,1
1.0,0,1
0.9999998,0,1
0.99999964,0,1
1.0,0,1
1.0,0,1
1.0,0,1
1.0,0,1
1.0,0,1
1.0,0,1
1.0,0,1
1.0,0,1
1.0,0,1
1.0,0,1
1.0,0,1
1.0,0,1
1.0,0,1
1.0,0,1
1.0,0,1
1.0,0,1
1.0,0,1
1.0,0,1
1.0,0,1
1.0,0,1
1.0,0,1
1.0,0,1
1.0,0,1
1.0,0,1
1.0,0,1
1.0,0,1
1.0,0,1
1.0,0,1
0.9999998,0,1
0.99999946,0,1
0.9999999,0,1
0.99999994,0,1
1.0,0,1
1.0,0,1
1.0,0,1
1.0,0,1
1.0,0,1
1.0,0,1
1.0,0,1
1.0,0,1
1.0,0,1
1.0,0,1
1.0,0,1
1.0,0,1
1.0,0,1
1.0,0,1
1.0,0,1
1.0,0,1
1.0,0,1
1.0,0,1
1.0,0,1
1.0,0,1
1.0,0,1
1.0,0,1
1.0,0,1
1.0,0,1
1.0,0,1
1.0,0,1
1.0,0,1
1.0,0,1
0.99999994,0,1
0.9999999,0,1
1.0,0,1
1.0,0,1
1.0,0,1
1.0,0,1
1.0,0,1
1.0,0,1
1.0,0,1
1.0,0,1
1.0,0,1
1.0,0,1
1.0,0,1
1.0,0,1
1.0,0,1
1.0,0,1
0.99999994,0,1
1.0,0,1
1.0,0,1
1.0,0,1
1.0,0,1
1.0,0,1
1.0,0,1
1.0,0,1
1.0,0,1
1.0,0,1
1.0,0,1
1.0,0,1
1.0,0,1
1.0,0,1
1.0,0,1
1.0,0,1
0.9999999,0,1
1.0,0,1
1.0,0,1
1.0,0,1
1.0,0,1
1.0,0,1
1.0,0,1
1.0,0,1
1.0,0,1
1.0,0,1
1.0,0,1
1.0,0,1
1.0,0,1
1.0,0,1
1.0,0,1
1.0,0,1
1.0,0,1
1.0,0,1
1.0,0,1
1.0,0,1
1.0,0,1
1.0,0,1
1.0,0,1
1.0,0,1
1.0,0,1
1.0,0,1
1.0,0,1
1.0,0,1
1.0,0,1
1.0,0,1
1.0,0,1
1.0,0,1
1.0,0,1
1.0,0,1
1.0,0,1
1.0,0,1
1.0,0,1
1.0,0,1
0.99999994,0,1
1.0,0,1
1.0,0,1
1.0,0,1
1.0,0,1
1.0,0,1
1.0,0,1
1.0,0,1
1.0,0,1
1.0,0,1
1.0,0,1
1.0,0,1
1.0,0,1
1.0,0,1
1.0,0,1
1.0,0,1
1.0,0,1
1.0,0,1
1.0,0,1
1.0,0,1
1.0,0,1
1.0,0,1
1.0,0,1
0.9999998,0,1
0.99999994,0,1
1.0,0,1
1.0,0,1
1.0,0,1
1.0,0,1
1.0,0,1
1.0,0,1
1.0,0,1
1.0,0,1
1.0,0,1
1.0,0,1
1.0,0,1
1.0,0,1
1.0,0,1
1.0,0,1
1.0,0,1
1.0,0,1
1.0,0,1
1.0,0,1
1.0,0,1
1.0,0,1
1.0,0,1
1.0,0,1
1.0,0,1
1.0,0,1
1.0,0,1
1.0,0,1
1.0,0,1
1.0,0,1
1.0,0,1
0.99999994,0,1
1.0,0,1
0.99999994,0,1
0.99999994,0,1
1.0,0,1
1.0,0,1
1.0,0,1
1.0,0,1
1.0,0,1
1.0,0,1
1.0,0,1
1.0,0,1
1.0,0,1
1.0,0,1
1.0,0,1
1.0,0,1
1.0,0,1
1.0,0,1
1.0,0,1
1.0,0,1
1.0,0,1
1.0,0,1
1.0,0,1
1.0,0,1
1.0,0,1
1.0,0,1
1.0,0,1
1.0,0,1
1.0,0,1
1.0,0,1
0.99999994,0,1
0.9999999,0,1
1.0,0,1
1.0,0,1
1.0,0,1
1.0,0,1
1.0,0,1
1.0,0,1
1.0,0,1
1.0,0,1
1.0,0,1
1.0,0,1
1.0,0,1
1.0,0,1
1.0,0,1
1.0,0,1
1.0,0,1
1.0,0,1
1.0,0,1
1.0,0,1
1.0,0,1
1.0,0,1
1.0,0,1
1.0,0,1
1.0,0,1
1.0,0,1
1.0,0,1
1.0,0,1
1.0,0,1
1.0,0,1
1.0,0,1
1.0,0,1
1.0,0,1
1.0,0,1
1.0,0,1
1.0,0,1
1.0,0,1
1.0,0,1
1.0,0,1
1.0,0,1
1.0,0,1
1.0,0,1
1.0,0,1
1.0,0,1
1.0,0,1
1.0,0,1
1.0,0,1
1.0,0,1
1.0,0,1
1.0,0,1
1.0,0,1
1.0,0,1
1.0,0,1
1.0,0,1
1.0,0,1
1.0,0,1
1.0,0,1
1.0,0,1
1.0,0,1
1.0,0,1
1.0,0,1
1.0,0,1
1.0,0,1
1.0,0,1
1.0,0,1
1.0,0,1
1.0,0,1
1.0,0,1
1.0,0,1
1.0,0,1
1.0,0,1
1.0,0,1
1.0,0,1
1.0,0,1
1.0,0,1
1.0,0,1
1.0,0,1
1.0,0,1
1.0,0,1
1.0,0,1
1.0,0,1
1.0,0,1
1.0,0,1
1.0,0,1
1.0,0,1
1.0,0,1
1.0,0,1
1.0,0,1
1.0,0,1
1.0,0,1
1.0,0,1
1.0,0,1
1.0,0,1
1.0,0,1
1.0,0,1
1.0,0,1
1.0,0,1
1.0,0,1
1.0,0,1
1.0,0,1
1.0,0,1
1.0,0,1
1.0,0,1
1.0,0,1
1.0,0,1
1.0,0,1
1.0,0,1
1.0,0,1
1.0,0,1
1.0,0,1
1.0,0,1
1.0,0,1
1.0,0,1
1.0,0,1
1.0,0,1
1.0,0,1
1.0,0,1
1.0,0,1
1.0,0,1
1.0,0,1
1.0,0,1
1.0,0,1
1.0,0,1
1.0,0,1
1.0,0,1
1.0,0,1
1.0,0,1
1.0,0,1
1.0,0,1
1.0,0,1
1.0,0,1
1.0,0,1
1.0,0,1
1.0,0,1
1.0,0,1
1.0,0,1
1.0,0,1
1.0,0,1
1.0,0,1
1.0,0,1
1.0,0,1
1.0,0,1
1.0,0,1
1.0,0,1
1.0,0,1
1.0,0,1
1.0,0,1
1.0,0,1
1.0,0,1
1.0,0,1
1.0,0,1
1.0,0,1
1.0,0,1
1.0,0,1
1.0,0,1
1.0,0,1
1.0,0,1
1.0,0,1
1.0,0,1
1.0,0,1
1.0,0,1
1.0,0,1
1.0,0,1
1.0,0,1
1.0,0,1
1.0,0,1
1.0,0,1
1.0,0,1
1.0,0,1
1.0,0,1
1.0,0,1
1.0,0,1
1.0,0,1
1.0,0,1
1.0,0,1
1.0,0,1
1.0,0,1
1.0,0,1
1.0,0,1
1.0,0,1
1.0,0,1
1.0,0,1
1.0,0,1
1.0,0,1
1.0,0,1
1.0,0,1
1.0,0,1
1.0,0,1
1.0,0,1
1.0,0,1
1.0,0,1
1.0,0,1
1.0,0,1
1.0,0,1
1.0,0,1
1.0,0,1
1.0,0,1
1.0,0,1
1.0,0,1
1.0,0,1
1.0,0,1
1.0,0,1
1.0,0,1
1.0,0,1
1.0,0,1
1.0,0,1
1.0,0,1
1.0,0,1
1.0,0,1
1.0,0,1
1.0,0,1
1.0,0,1
1.0,0,1
1.0,0,1
1.0,0,1
1.0,0,1
1.0,0,1
1.0,0,1
1.0,0,1
1.0,0,1
1.0,0,1
1.0,0,1
1.0,0,1
1.0,0,1
1.0,0,1
1.0,0,1
1.0,0,1
1.0,0,1
1.0,0,1
1.0,0,1
1.0,0,1
1.0,0,1
1.0,0,1
1.0,0,1
1.0,0,1
1.0,0,1
1.0,0,1
1.0,0,1
1.0,0,1
1.0,0,1
1.0,0,1
1.0,0,1
1.0,0,1
1.0,0,1
1.0,0,1
1.0,0,1
1.0,0,1
1.0,0,1
1.0,0,1
1.0,0,1
1.0,0,1
1.0,0,1
1.0,0,1
1.0,0,1
1.0,0,1
1.0,0,1
1.0,0,1
1.0,0,1
1.0,0,1
1.0,0,1
1.0,0,1
1.0,0,1
1.0,0,1
1.0,0,1
1.0,0,1
1.0,0,1
1.0,0,1
1.0,0,1
1.0,0,1
1.0,0,1
1.0,0,1
1.0,0,1
1.0,0,1
1.0,0,1
1.0,0,1
1.0,0,1
1.0,0,1
1.0,0,1
1.0,0,1
1.0,0,1
1.0,0,1
1.0,0,1
1.0,0,1
1.0,0,1
1.0,0,1
1.0,0,1
1.0,0,1
1.0,0,1
1.0,0,1
1.0,0,1
1.0,0,1
1.0,0,1
1.0,0,1
1.0,0,1
1.0,0,1
1.0,0,1
1.0,0,1
1.0,0,1
1.0,0,1
1.0,0,1
1.0,0,1
1.0,0,1
1.0,0,1
1.0,0,1
1.0,0,1
1.0,0,1
1.0,0,1
1.0,0,1
1.0,0,1
1.0,0,1
1.0,0,1
1.0,0,1
1.0,0,1
1.0,0,1
1.0,0,1
1.0,0,1
1.0,0,1
1.0,0,1
1.0,0,1
1.0,0,1
1.0,0,1
1.0,0,1
1.0,0,1
1.0,0,1
1.0,0,1
1.0,0,1
1.0,0,1
1.0,0,1
1.0,0,1
1.0,0,1
1.0,0,1
1.0,0,1
1.0,0,1
1.0,0,1
1.0,0,1
1.0,0,1
1.0,0,1
1.0,0,1
1.0,0,1
1.0,0,1
1.0,0,1
1.0,0,1
1.0,0,1
1.0,0,1
1.0,0,1
1.0,0,1
1.0,0,1
1.0,0,1
1.0,0,1
1.0,0,1
1.0,0,1
1.0,0,1
1.0,0,1
1.0,0,1
1.0,0,1
1.0,0,1
1.0,0,1
1.0,0,1
1.0,0,1
1.0,0,1
1.0,0,1
1.0,0,1
1.0,0,1
1.0,0,1
1.0,0,1
1.0,0,1
1.0,0,1
1.0,0,1
1.0,0,1
1.0,0,1
1.0,0,1
1.0,0,1
1.0,0,1
1.0,0,1
1.0,0,1
1.0,0,1
1.0,0,1
1.0,0,1
1.0,0,1
1.0,0,1
1.0,0,1
1.0,0,1
1.0,0,1
1.0,0,1
1.0,0,1
1.0,0,1
1.0,0,1
1.0,0,1
1.0,0,1
1.0,0,1
1.0,0,1
1.0,0,1
1.0,0,1
1.0,0,1
1.0,0,1
1.0,0,1
1.0,0,1
1.0,0,1
1.0,0,1
1.0,0,1
1.0,0,1
1.0,0,1
1.0,0,1
1.0,0,1
1.0,0,1
1.0,0,1
1.0,0,1
1.0,0,1
1.0,0,1
1.0,0,1
1.0,0,1
1.0,0,1
1.0,0,1
1.0,0,1
1.0,0,1
1.0,0,1
1.0,0,1
1.0,0,1
1.0,0,1
1.0,0,1
1.0,0,1
1.0,0,1
1.0,0,1
1.0,0,1
1.0,0,1
1.0,0,1
1.0,0,1
1.0,0,1
1.0,0,1
1.0,0,1
1.0,0,1
1.0,0,1
1.0,0,1
1.0,0,1
1.0,0,1
1.0,0,1
1.0,0,1
1.0,0,1
1.0,0,1
1.0,0,1
1.0,0,1
1.0,0,1
1.0,0,1
1.0,0,1
1.0,0,1
1.0,0,1
1.0,0,1
1.0,0,1
1.0,0,1
1.0,0,1
1.0,0,1
1.0,0,1
1.0,0,1
1.0,0,1
1.0,0,1
1.0,0,1
1.0,0,1
1.0,0,1
1.0,0,1
1.0,0,1
1.0,0,1
1.0,0,1
1.0,0,1
1.0,0,1
1.0,0,1
1.0,0,1
1.0,0,1
1.0,0,1
1.0,0,1
1.0,0,1
1.0,0,1
1.0,0,1
1.0,0,1
1.0,0,1
1.0,0,1
1.0,0,1
1.0,0,1
1.0,0,1
1.0,0,1
1.0,0,1
1.0,0,1
1.0,0,1
1.0,0,1
1.0,0,1
1.0,0,1
1.0,0,1
1.0,0,1
1.0,0,1
1.0,0,1
1.0,0,1
1.0,0,1
1.0,0,1
1.0,0,1
1.0,0,1
1.0,0,1
1.0,0,1
1.0,0,1
1.0,0,1
1.0,0,1
1.0,0,1
1.0,0,1
1.0,0,1
1.0,0,1
1.0,0,1
1.0,0,1
1.0,0,1
1.0,0,1
1.0,0,1
1.0,0,1
1.0,0,1
1.0,0,1
1.0,0,1
1.0,0,1
1.0,0,1
1.0,0,1
1.0,0,1
1.0,0,1
1.0,0,1
1.0,0,1
1.0,0,1
1.0,0,1
1.0,0,1
1.0,0,1
1.0,0,1
1.0,0,1
1.0,0,1
1.0,0,1
1.0,0,1
1.0,0,1
1.0,0,1
1.0,0,1
1.0,0,1
1.0,0,1
1.0,0,1
1.0,0,1
1.0,0,1
1.0,0,1
1.0,0,1
1.0,0,1
1.0,0,1
1.0,0,1
1.0,0,1
1.0,0,1
1.0,0,1
1.0,0,1
1.0,0,1
1.0,0,1
1.0,0,1
1.0,0,1
1.0,0,1
1.0,0,1
1.0,0,1
1.0,0,1
1.0,0,1
1.0,0,1
1.0,0,1
1.0,0,1
1.0,0,1
1.0,0,1
1.0,0,1
1.0,0,1
1.0,0,1
1.0,0,1
1.0,0,1
1.0,0,1
1.0,0,1
1.0,0,1
1.0,0,1
1.0,0,1
1.0,0,1
1.0,0,1
1.0,0,1
1.0,0,1
1.0,0,1
1.0,0,1
1.0,0,1
1.0,0,1
1.0,0,1
1.0,0,1
1.0,0,1
1.0,0,1
1.0,0,1
1.0,0,1
1.0,0,1
1.0,0,1
1.0,0,1
1.0,0,1
1.0,0,1
1.0,0,1
1.0,0,1
1.0,0,1
1.0,0,1
1.0,0,1
1.0,0,1
1.0,0,1
1.0,0,1
1.0,0,1
1.0,0,1
1.0,0,1
1.0,0,1
1.0,0,1
1.0,0,1
1.0,0,1
1.0,0,1
1.0,0,1
1.0,0,1
1.0,0,1
1.0,0,1
1.0,0,1
1.0,0,1
1.0,0,1
1.0,0,1
1.0,0,1
1.0,0,1
1.0,0,1
1.0,0,1
1.0,0,1
1.0,0,1
1.0,0,1
1.0,0,1
1.0,0,1
1.0,0,1
1.0,0,1
1.0,0,1
1.0,0,1
1.0,0,1
1.0,0,1
1.0,0,1
1.0,0,1
1.0,0,1
1.0,0,1
1.0,0,1
1.0,0,1
1.0,0,1
1.0,0,1
1.0,0,1
1.0,0,1
1.0,0,1
1.0,0,1
1.0,0,1
1.0,0,1
1.0,0,1
1.0,0,1
1.0,0,1
1.0,0,1
1.0,0,1
1.0,0,1
1.0,0,1
1.0,0,1
1.0,0,1
1.0,0,1
1.0,0,1
1.0,0,1
1.0,0,1
1.0,0,1
1.0,0,1
1.0,0,1
1.0,0,1
1.0,0,1
1.0,0,1
1.0,0,1
1.0,0,1
1.0,0,1
1.0,0,1
1.0,0,1
1.0,0,1
1.0,0,1
1.0,0,1
1.0,0,1
1.0,0,1
1.0,0,1
1.0,0,1
1.0,0,1
1.0,0,1
1.0,0,1
1.0,0,1
1.0,0,1
1.0,0,1
1.0,0,1
1.0,0,1
1.0,0,1
1.0,0,1
1.0,0,1
1.0,0,1
1.0,0,1
1.0,0,1
1.0,0,1
1.0,0,1
1.0,0,1
1.0,0,1
1.0,0,1
1.0,0,1
1.0,0,1
1.0,0,1
1.0,0,1
1.0,0,1
1.0,0,1
1.0,0,1
1.0,0,1
1.0,0,1
1.0,0,1
1.0,0,1
1.0,0,1
1.0,0,1
1.0,0,1
1.0,0,1
1.0,0,1
1.0,0,1
1.0,0,1
1.0,0,1
1.0,0,1
1.0,0,1
1.0,0,1
1.0,0,1
1.0,0,1
1.0,0,1
1.0,0,1
1.0,0,1
1.0,0,1
1.0,0,1
1.0,0,1
1.0,0,1
1.0,0,1
1.0,0,1
1.0,0,1
1.0,0,1
1.0,0,1
1.0,0,1
1.0,0,1
1.0,0,1
1.0,0,1
1.0,0,1
1.0,0,1
1.0,0,1
1.0,0,1
1.0,0,1
1.0,0,1
1.0,0,1
1.0,0,1
1.0,0,1
1.0,0,1
1.0,0,1
1.0,0,1
1.0,0,1
1.0,0,1
1.0,0,1
1.0,0,1
1.0,0,1
1.0,0,1
1.0,0,1
1.0,0,1
1.0,0,1
1.0,0,1
1.0,0,1
1.0,0,1
1.0,0,1
1.0,0,1
1.0,0,1
1.0,0,1
1.0,0,1
1.0,0,1
1.0,0,1
1.0,0,1
1.0,0,1
1.0,0,1
1.0,0,1
1.0,0,1
1.0,0,1
1.0,0,1
1.0,0,1
1.0,0,1
1.0,0,1
1.0,0,1
1.0,0,1
1.0,0,1
1.0,0,1
1.0,0,1
1.0,0,1
1.0,0,1
1.0,0,1
1.0,0,1
1.0,0,1
1.0,0,1
1.0,0,1
1.0,0,1
1.0,0,1
1.0,0,1
1.0,0,1
1.0,0,1
1.0,0,1
1.0,0,1
1.0,0,1
1.0,0,1
1.0,0,1
1.0,0,1
1.0,0,1
1.0,0,1
1.0,0,1
1.0,0,1
1.0,0,1
1.0,0,1
1.0,0,1
1.0,0,1
1.0,0,1
1.0,0,1
1.0,0,1
1.0,0,1
1.0,0,1
1.0,0,1
1.0,0,1
1.0,0,1
1.0,0,1
1.0,0,1
1.0,0,1
1.0,0,1
1.0,0,1
1.0,0,1
1.0,0,1
1.0,0,1
1.0,0,1
1.0,0,1
1.0,0,1
1.0,0,1
1.0,0,1
1.0,0,1
1.0,0,1
1.0,0,1
1.0,0,1
1.0,0,1
1.0,0,1
1.0,0,1
1.0,0,1
1.0,0,1
1.0,0,1
1.0,0,1
1.0,0,1
1.0,0,1
1.0,0,1
1.0,0,1
1.0,0,1
1.0,0,1
1.0,0,1
1.0,0,1
1.0,0,1
1.0,0,1
1.0,0,1
1.0,0,1
1.0,0,1
1.0,0,1
1.0,0,1
1.0,0,1
1.0,0,1
1.0,0,1
1.0,0,1
1.0,0,1
1.0,0,1
1.0,0,1
1.0,0,1
1.0,0,1
1.0,0,1
1.0,0,1
1.0,0,1
1.0,0,1
1.0,0,1
1.0,0,1
1.0,0,1
1.0,0,1
1.0,0,1
1.0,0,1
1.0,0,1
1.0,0,1
1.0,0,1
1.0,0,1
1.0,0,1
1.0,0,1
1.0,0,1
1.0,0,1
1.0,0,1
1.0,0,1
1.0,0,1
1.0,0,1
1.0,0,1
1.0,0,1
1.0,0,1
1.0,0,1
1.0,0,1
1.0,0,1
1.0,0,1
1.0,0,1
1.0,0,1
1.0,0,1
1.0,0,1
1.0,0,1
1.0,0,1
1.0,0,1
1.0,0,1
1.0,0,1
1.0,0,1
1.0,0,1
1.0,0,1
1.0,0,1
1.0,0,1
1.0,0,1
1.0,0,1
1.0,0,1
1.0,0,1
1.0,0,1
1.0,0,1
1.0,0,1
1.0,0,1
1.0,0,1
1.0,0,1
1.0,0,1
1.0,0,1
1.0,0,1
1.0,0,1
1.0,0,1
1.0,0,1
1.0,0,1
1.0,0,1
1.0,0,1
1.0,0,1
1.0,0,1
1.0,0,1
1.0,0,1
1.0,0,1
1.0,0,1
1.0,0,1
1.0,0,1
1.0,0,1
1.0,0,1
1.0,0,1
1.0,0,1
1.0,0,1
1.0,0,1
1.0,0,1
1.0,0,1
1.0,0,1
1.0,0,1
1.0,0,1
1.0,0,1
1.0,0,1
1.0,0,1
1.0,0,1
1.0,0,1
1.0,0,1
1.0,0,1
1.0,0,1
1.0,0,1
1.0,0,1
1.0,0,1
1.0,0,1
1.0,0,1
1.0,0,1
1.0,0,1
1.0,0,1
1.0,0,1
1.0,0,1
1.0,0,1
1.0,0,1
1.0,0,1
1.0,0,1
1.0,0,1
1.0,0,1
1.0,0,1
1.0,0,1
1.0,0,1
1.0,0,1
1.0,0,1
1.0,0,1
1.0,0,1
1.0,0,1
1.0,0,1
1.0,0,1
1.0,0,1
1.0,0,1
1.0,0,1
1.0,0,1
1.0,0,1
1.0,0,1
1.0,0,1
1.0,0,1
1.0,0,1
1.0,0,1
1.0,0,1
1.0,0,1
1.0,0,1
1.0,0,1
1.0,0,1
1.0,0,1
1.0,0,1
1.0,0,1
1.0,0,1
1.0,0,1
1.0,0,1
1.0,0,1
1.0,0,1
1.0,0,1
1.0,0,1
1.0,0,1
1.0,0,1
1.0,0,1
1.0,0,1
1.0,0,1
1.0,0,1
1.0,0,1
1.0,0,1
1.0,0,1
1.0,0,1
1.0,0,1
1.0,0,1
1.0,0,1
1.0,0,1
1.0,0,1
1.0,0,1
1.0,0,1
1.0,0,1
1.0,0,1
1.0,0,1
1.0,0,1
1.0,0,1
1.0,0,1
1.0,0,1
1.0,0,1
1.0,0,1
1.0,0,1
1.0,0,1
1.0,0,1
1.0,0,1
1.0,0,1
1.0,0,1
1.0,0,1
1.0,0,1
1.0,0,1
1.0,0,1
1.0,0,1
1.0,0,1
1.0,0,1
1.0,0,1
1.0,0,1
1.0,0,1
1.0,0,1
1.0,0,1
1.0,0,1
1.0,0,1
1.0,0,1
1.0,0,1
1.0,0,1
1.0,0,1
1.0,0,1
1.0,0,1
1.0,0,1
1.0,0,1
1.0,0,1
1.0,0,1
1.0,0,1
1.0,0,1
1.0,0,1
1.0,0,1
1.0,0,1
1.0,0,1
1.0,0,1
1.0,0,1
1.0,0,1
1.0,0,1
1.0,0,1
1.0,0,1
1.0,0,1
1.0,0,1
1.0,0,1
1.0,0,1
1.0,0,1
1.0,0,1
1.0,0,1
1.0,0,1
1.0,0,1
1.0,0,1
1.0,0,1
1.0,0,1
1.0,0,1
1.0,0,1
1.0,0,1
1.0,0,1
1.0,0,1
1.0,0,1
1.0,0,1
1.0,0,1
1.0,0,1
1.0,0,1
1.0,0,1
1.0,0,1
1.0,0,1
1.0,0,1
1.0,0,1
1.0,0,1
1.0,0,1
1.0,0,1
1.0,0,1
1.0,0,1
1.0,0,1
1.0,0,1
1.0,0,1
1.0,0,1
1.0,0,1
1.0,0,1
1.0,0,1
1.0,0,1
1.0,0,1
1.0,0,1
1.0,0,1
1.0,0,1
1.0,0,1
1.0,0,1
1.0,0,1
1.0,0,1
1.0,0,1
1.0,0,1
1.0,0,1
1.0,0,1
1.0,0,1
1.0,0,1
1.0,0,1
1.0,0,1
1.0,0,1
1.0,0,1
1.0,0,1
1.0,0,1
1.0,0,1
1.0,0,1
1.0,0,1
1.0,0,1
1.0,0,1
1.0,0,1
1.0,0,1
1.0,0,1
1.0,0,1
1.0,0,1
1.0,0,1
1.0,0,1
1.0,0,1
1.0,0,1
1.0,0,1
1.0,0,1
1.0,0,1
1.0,0,1
1.0,0,1
1.0,0,1
1.0,0,1
1.0,0,1
1.0,0,1
1.0,0,1
1.0,0,1
1.0,0,1
1.0,0,1
1.0,0,1
1.0,0,1
1.0,0,1
1.0,0,1
1.0,0,1
1.0,0,1
1.0,0,1
1.0,0,1
1.0,0,1
1.0,0,1
1.0,0,1
1.0,0,1
1.0,0,1
1.0,0,1
1.0,0,1
1.0,0,1
1.0,0,1
1.0,0,1
1.0,0,1
1.0,0,1
1.0,0,1
1.0,0,1
1.0,0,1
1.0,0,1
1.0,0,1
1.0,0,1
1.0,0,1
1.0,0,1
1.0,0,1
1.0,0,1
1.0,0,1
1.0,0,1
1.0,0,1
1.0,0,1
1.0,0,1
1.0,0,1
1.0,0,1
1.0,0,1
1.0,0,1
1.0,0,1
1.0,0,1
1.0,0,1
1.0,0,1
1.0,0,1
1.0,0,1
1.0,0,1
1.0,0,1
1.0,0,1
1.0,0,1
1.0,0,1
1.0,0,1
1.0,0,1
1.0,0,1
1.0,0,1
1.0,0,1
1.0,0,1
1.0,0,1
1.0,0,1
1.0,0,1
1.0,0,1
1.0,0,1
1.0,0,1
1.0,0,1
1.0,0,1
1.0,0,1
1.0,0,1
1.0,0,1
1.0,0,1
1.0,0,1
1.0,0,1
1.0,0,1
1.0,0,1
1.0,0,1
1.0,0,1
1.0,0,1
1.0,0,1
1.0,0,1
1.0,0,1
1.0,0,1
1.0,0,1
1.0,0,1
1.0,0,1
1.0,0,1
1.0,0,1
1.0,0,1
1.0,0,1
1.0,0,1
1.0,0,1
1.0,0,1
1.0,0,1
1.0,0,1
1.0,0,1
1.0,0,1
1.0,0,1
1.0,0,1
1.0,0,1
1.0,0,1
1.0,0,1
1.0,0,1
1.0,0,1
1.0,0,1
1.0,0,1
1.0,0,1
1.0,0,1
1.0,0,1
1.0,0,1
1.0,0,1
1.0,0,1
1.0,0,1
1.0,0,1
1.0,0,1
1.0,0,1
1.0,0,1
1.0,0,1
1.0,0,1
1.0,0,1
1.0,0,1
1.0,0,1
1.0,0,1
1.0,0,1
1.0,0,1
1.0,0,1
1.0,0,1
1.0,0,1
1.0,0,1
1.0,0,1
1.0,0,1
1.0,0,1
1.0,0,1
1.0,0,1
1.0,0,1
1.0,0,1
1.0,0,1
1.0,0,1
1.0,0,1
1.0,0,1
1.0,0,1
1.0,0,1
1.0,0,1
1.0,0,1
1.0,0,1
1.0,0,1
1.0,0,1
1.0,0,1
1.0,0,1
1.0,0,1
1.0,0,1
1.0,0,1
1.0,0,1
1.0,0,1
1.0,0,1
1.0,0,1
1.0,0,1
1.0,0,1
1.0,0,1
1.0,0,1
1.0,0,1
1.0,0,1
1.0,0,1
1.0,0,1
1.0,0,1
1.0,0,1
1.0,0,1
1.0,0,1
1.0,0,1
1.0,0,1
1.0,0,1
1.0,0,1
1.0,0,1
1.0,0,1
1.0,0,1
1.0,0,1
1.0,0,1
1.0,0,1
1.0,0,1
1.0,0,1
1.0,0,1
1.0,0,1
1.0,0,1
1.0,0,1
1.0,0,1
1.0,0,1
1.0,0,1
1.0,0,1
1.0,0,1
1.0,0,1
1.0,0,1
1.0,0,1
1.0,0,1
1.0,0,1
1.0,0,1
1.0,0,1
1.0,0,1
1.0,0,1
1.0,0,1
1.0,0,1
1.0,0,1
1.0,0,1
1.0,0,1
1.0,0,1
1.0,0,1
1.0,0,1
1.0,0,1
1.0,0,1
1.0,0,1
1.0,0,1
1.0,0,1
1.0,0,1
1.0,0,1
1.0,0,1
1.0,0,1
1.0,0,1
1.0,0,1
1.0,0,1
1.0,0,1
1.0,0,1
1.0,0,1
1.0,0,1
1.0,0,1
1.0,0,1
1.0,0,1
1.0,0,1
1.0,0,1
1.0,0,1
1.0,0,1
1.0,0,1
1.0,0,1
1.0,0,1
1.0,0,1
1.0,0,1
1.0,0,1
1.0,0,1
1.0,0,1
1.0,0,1
1.0,0,1
1.0,0,1
1.0,0,1
1.0,0,1
1.0,0,1
1.0,0,1
1.0,0,1
1.0,0,1
1.0,0,1
1.0,0,1
1.0,0,1
1.0,0,1
1.0,0,1
1.0,0,1
1.0,0,1
1.0,0,1
1.0,0,1
1.0,0,1
1.0,0,1
1.0,0,1
1.0,0,1
1.0,0,1
1.0,0,1
1.0,0,1
1.0,0,1
1.0,0,1
1.0,0,1
1.0,0,1
1.0,0,1
1.0,0,1
1.0,0,1
1.0,0,1
1.0,0,1
1.0,0,1
1.0,0,1
1.0,0,1
1.0,0,1
1.0,0,1
1.0,0,1
1.0,0,1
1.0,0,1
1.0,0,1
1.0,0,1
1.0,0,1
1.0,0,1
1.0,0,1
1.0,0,1
1.0,0,1
1.0,0,1
1.0,0,1
1.0,0,1
1.0,0,1
1.0,0,1
1.0,0,1
1.0,0,1
1.0,0,1
1.0,0,1
1.0,0,1
1.0,0,1
1.0,0,1
1.0,0,1
1.0,0,1
1.0,0,1
1.0,0,1
1.0,0,1
1.0,0,1
1.0,0,1
1.0,0,1
1.0,0,1
1.0,0,1
1.0,0,1
1.0,0,1
1.0,0,1
1.0,0,1
1.0,0,1
1.0,0,1
1.0,0,1
1.0,0,1
1.0,0,1
1.0,0,1
1.0,0,1
1.0,0,1
1.0,0,1
1.0,0,1
1.0,0,1
1.0,0,1
1.0,0,1
1.0,0,1
1.0,0,1
1.0,0,1
1.0,0,1
1.0,0,1
1.0,0,1
1.0,0,1
1.0,0,1
1.0,0,1
1.0,0,1
1.0,0,1
1.0,0,1
1.0,0,1
1.0,0,1
1.0,0,1
1.0,0,1
1.0,0,1
1.0,0,1
1.0,0,1
1.0,0,1
1.0,0,1
1.0,0,1
1.0,0,1
1.0,0,1
1.0,0,1
1.0,0,1
1.0,0,1
1.0,0,1
1.0,0,1
1.0,0,1
1.0,0,1
1.0,0,1
1.0,0,1
1.0,0,1
1.0,0,1
1.0,0,1
1.0,0,1
1.0,0,1
1.0,0,1
1.0,0,1
1.0,0,1
1.0,0,1
1.0,0,1
1.0,0,1
1.0,0,1
1.0,0,1
1.0,0,1
1.0,0,1
1.0,0,1
1.0,0,1
1.0,0,1
1.0,0,1
1.0,0,1
1.0,0,1
1.0,0,1
1.0,0,1
1.0,0,1
1.0,0,1
1.0,0,1
1.0,0,1
1.0,0,1
1.0,0,1
1.0,0,1
1.0,0,1
1.0,0,1
1.0,0,1
1.0,0,1
1.0,0,1
1.0,0,1
1.0,0,1
1.0,0,1
1.0,0,1
1.0,0,1
1.0,0,1
1.0,0,1
1.0,0,1
1.0,0,1
1.0,0,1
1.0,0,1
1.0,0,1
1.0,0,1
1.0,0,1
1.0,0,1
1.0,0,1
1.0,0,1
1.0,0,1
1.0,0,1
1.0,0,1
1.0,0,1
1.0,0,1
1.0,0,1
1.0,0,1
1.0,0,1
1.0,0,1
1.0,0,1
1.0,0,1
1.0,0,1
1.0,0,1
1.0,0,1
1.0,0,1
1.0,0,1
1.0,0,1
1.0,0,1
1.0,0,1
1.0,0,1
1.0,0,1
1.0,0,1
1.0,0,1
1.0,0,1
1.0,0,1
1.0,0,1
1.0,0,1
1.0,0,1
1.0,0,1
1.0,0,1
1.0,0,1
1.0,0,1
1.0,0,1
1.0,0,1
1.0,0,1
1.0,0,1
1.0,0,1
1.0,0,1
1.0,0,1
1.0,0,1
1.0,0,1
1.0,0,1
1.0,0,1
1.0,0,1
1.0,0,1
1.0,0,1
1.0,0,1
1.0,0,1
1.0,0,1
1.0,0,1
1.0,0,1
1.0,0,1
1.0,0,1
1.0,0,1
1.0,0,1
1.0,0,1
1.0,0,1
1.0,0,1
1.0,0,1
1.0,0,1
1.0,0,1
1.0,0,1
1.0,0,1
1.0,0,1
1.0,0,1
1.0,0,1
1.0,0,1
1.0,0,1
1.0,0,1
1.0,0,1
1.0,0,1
1.0,0,1
1.0,0,1
1.0,0,1
1.0,0,1
1.0,0,1
1.0,0,1
1.0,0,1
1.0,0,1
1.0,0,1
1.0,0,1
1.0,0,1
1.0,0,1
1.0,0,1
1.0,0,1
1.0,0,1
1.0,0,1
1.0,0,1
1.0,0,1
1.0,0,1
1.0,0,1
1.0,0,1
1.0,0,1
1.0,0,1
1.0,0,1
1.0,0,1
1.0,0,1
1.0,0,1
1.0,0,1
1.0,0,1
1.0,0,1
1.0,0,1
1.0,0,1
1.0,0,1
1.0,0,1
1.0,0,1
1.0,0,1
1.0,0,1
1.0,0,1
1.0,0,1
1.0,0,1
1.0,0,1
1.0,0,1
1.0,0,1
1.0,0,1
1.0,0,1
1.0,0,1
1.0,0,1
1.0,0,1
1.0,0,1
1.0,0,1
1.0,0,1
1.0,0,1
1.0,0,1
1.0,0,1
1.0,0,1
1.0,0,1
1.0,0,1
1.0,0,1
1.0,0,1
1.0,0,1
1.0,0,1
1.0,0,1
1.0,0,1
1.0,0,1
1.0,0,1
1.0,0,1
1.0,0,1
1.0,0,1
1.0,0,1
1.0,0,1
1.0,0,1
1.0,0,1
1.0,0,1
1.0,0,1
1.0,0,1
1.0,0,1
1.0,0,1
1.0,0,1
1.0,0,1
1.0,0,1
1.0,0,1
1.0,0,1
1.0,0,1
1.0,0,1
1.0,0,1
1.0,0,1
1.0,0,1
1.0,0,1
1.0,0,1
1.0,0,1
1.0,0,1
1.0,0,1
1.0,0,1
1.0,0,1
1.0,0,1
1.0,0,1
1.0,0,1
1.0,0,1
1.0,0,1
1.0,0,1
1.0,0,1
1.0,0,1
1.0,0,1
1.0,0,1
1.0,0,1
1.0,0,1
1.0,0,1
1.0,0,1
1.0,0,1
1.0,0,1
1.0,0,1
1.0,0,1
1.0,0,1
1.0,0,1
1.0,0,1
1.0,0,1
1.0,0,1
1.0,0,1
1.0,0,1
1.0,0,1
1.0,0,1
1.0,0,1
1.0,0,1
1.0,0,1
1.0,0,1
1.0,0,1
1.0,0,1
1.0,0,1
1.0,0,1
1.0,0,1
1.0,0,1
1.0,0,1
1.0,0,1
1.0,0,1
1.0,0,1
1.0,0,1
1.0,0,1
1.0,0,1
1.0,0,1
1.0,0,1
1.0,0,1
1.0,0,1
1.0,0,1
1.0,0,1
1.0,0,1
1.0,0,1
1.0,0,1
1.0,0,1
1.0,0,1
1.0,0,1
1.0,0,1
1.0,0,1
1.0,0,1
1.0,0,1
1.0,0,1
1.0,0,1
1.0,0,1
1.0,0,1
1.0,0,1
1.0,0,1
1.0,0,1
1.0,0,1
1.0,0,1
1.0,0,1
1.0,0,1
1.0,0,1
1.0,0,1
1.0,0,1
1.0,0,1
1.0,0,1
1.0,0,1
1.0,0,1
1.0,0,1
1.0,0,1
1.0,0,1
1.0,0,1
1.0,0,1
1.0,0,1
1.0,0,1
1.0,0,1
1.0,0,1
1.0,0,1
1.0,0,1
1.0,0,1
1.0,0,1
1.0,0,1
1.0,0,1
1.0,0,1
1.0,0,1
1.0,0,1
1.0,0,1
1.0,0,1
1.0,0,1
1.0,0,1
1.0,0,1
1.0,0,1
1.0,0,1
1.0,0,1
1.0,0,1
1.0,0,1
1.0,0,1
1.0,0,1
1.0,0,1
1.0,0,1
1.0,0,1
1.0,0,1
1.0,0,1
1.0,0,1
1.0,0,1
1.0,0,1
1.0,0,1
1.0,0,1
1.0,0,1
1.0,0,1
1.0,0,1
1.0,0,1
1.0,0,1
1.0,0,1
1.0,0,1
1.0,0,1
1.0,0,1
1.0,0,1
1.0,0,1
1.0,0,1
1.0,0,1
1.0,0,1
1.0,0,1
1.0,0,1
1.0,0,1
1.0,0,1
1.0,0,1
1.0,0,1
1.0,0,1
1.0,0,1
1.0,0,1
1.0,0,1
1.0,0,1
1.0,0,1
1.0,0,1
1.0,0,1
1.0,0,1
1.0,0,1
1.0,0,1
1.0,0,1
1.0,0,1
1.0,0,1
1.0,0,1
1.0,0,1
1.0,0,1
1.0,0,1
1.0,0,1
1.0,0,1
1.0,0,1
1.0,0,1
1.0,0,1
1.0,0,1
1.0,0,1
1.0,0,1
1.0,0,1
1.0,0,1
1.0,0,1
1.0,0,1
1.0,0,1
1.0,0,1
1.0,0,1
1.0,0,1
1.0,0,1
1.0,0,1
1.0,0,1
1.0,0,1
1.0,0,1
1.0,0,1
1.0,0,1
1.0,0,1
1.0,0,1
1.0,0,1
1.0,0,1
1.0,0,1
1.0,0,1
1.0,0,1
1.0,0,1
1.0,0,1
1.0,0,1
1.0,0,1
1.0,0,1
1.0,0,1
1.0,0,1
1.0,0,1
1.0,0,1
1.0,0,1
1.0,0,1
1.0,0,1
1.0,0,1
1.0,0,1
1.0,0,1
1.0,0,1
1.0,0,1
1.0,0,1
1.0,0,1
1.0,0,1
1.0,0,1
1.0,0,1
1.0,0,1
1.0,0,1
1.0,0,1
1.0,0,1
1.0,0,1
1.0,0,1
1.0,0,1
1.0,0,1
1.0,0,1
1.0,0,1
1.0,0,1
1.0,0,1
1.0,0,1
1.0,0,1
1.0,0,1
1.0,0,1
1.0,0,1
1.0,0,1
1.0,0,1
1.0,0,1
1.0,0,1
1.0,0,1
1.0,0,1
1.0,0,1
1.0,0,1
1.0,0,1
1.0,0,1
1.0,0,1
1.0,0,1
1.0,0,1
1.0,0,1
1.0,0,1
1.0,0,1
1.0,0,1
1.0,0,1
1.0,0,1
1.0,0,1
1.0,0,1
1.0,0,1
1.0,0,1
1.0,0,1
1.0,0,1
1.0,0,1
1.0,0,1
1.0,0,1
1.0,0,1
1.0,0,1
1.0,0,1
1.0,0,1
1.0,0,1
1.0,0,1
1.0,0,1
1.0,0,1
1.0,0,1
1.0,0,1
1.0,0,1
1.0,0,1
1.0,0,1
1.0,0,1
1.0,0,1
1.0,0,1
1.0,0,1
1.0,0,1
1.0,0,1
1.0,0,1
1.0,0,1
1.0,0,1
1.0,0,1
1.0,0,1
1.0,0,1
1.0,0,1
1.0,0,1
1.0,0,1
1.0,0,1
1.0,0,1
1.0,0,1
1.0,0,1
1.0,0,1
1.0,0,1
1.0,0,1
1.0,0,1
1.0,0,1
1.0,0,1
1.0,0,1
1.0,0,1
1.0,0,1
1.0,0,1
1.0,0,1
1.0,0,1
1.0,0,1
1.0,0,1
1.0,0,1
1.0,0,1
1.0,0,1
1.0,0,1
1.0,0,1
1.0,0,1
1.0,0,1
1.0,0,1
1.0,0,1
1.0,0,1
1.0,0,1
1.0,0,1
1.0,0,1
1.0,0,1
1.0,0,1
1.0,0,1
1.0,0,1
1.0,0,1
1.0,0,1
1.0,0,1
1.0,0,1
1.0,0,1
1.0,0,1
1.0,0,1
1.0,0,1
1.0,0,1
1.0,0,1
1.0,0,1
1.0,0,1
1.0,0,1
1.0,0,1
1.0,0,1
1.0,0,1
1.0,0,1
1.0,0,1
1.0,0,1
1.0,0,1
1.0,0,1
1.0,0,1
1.0,0,1
1.0,0,1
1.0,0,1
1.0,0,1
1.0,0,1
1.0,0,1
1.0,0,1
1.0,0,1
1.0,0,1
1.0,0,1
1.0,0,1
1.0,0,1
1.0,0,1
1.0,0,1
1.0,0,1
1.0,0,1
1.0,0,1
1.0,0,1
1.0,0,1
1.0,0,1
1.0,0,1
1.0,0,1
1.0,0,1
1.0,0,1
1.0,0,1
1.0,0,1
1.0,0,1
1.0,0,1
1.0,0,1
1.0,0,1
1.0,0,1
1.0,0,1
1.0,0,1
1.0,0,1
1.0,0,1
1.0,0,1
1.0,0,1
1.0,0,1
1.0,0,1
1.0,0,1
1.0,0,1
1.0,0,1
1.0,0,1
1.0,0,1
1.0,0,1
1.0,0,1
1.0,0,1
1.0,0,1
1.0,0,1
1.0,0,1
1.0,0,1
1.0,0,1
1.0,0,1
1.0,0,1
1.0,0,1
1.0,0,1
1.0,0,1
1.0,0,1
1.0,0,1
1.0,0,1
1.0,0,1
1.0,0,1
1.0,0,1
1.0,0,1
1.0,0,1
1.0,0,1
1.0,0,1
1.0,0,1
1.0,0,1
1.0,0,1
1.0,0,1
1.0,0,1
1.0,0,1
1.0,0,1
1.0,0,1
1.0,0,1
1.0,0,1
1.0,0,1
1.0,0,1
1.0,0,1
1.0,0,1
1.0,0,1
1.0,0,1
1.0,0,1
1.0,0,1
1.0,0,1
1.0,0,1
1.0,0,1
1.0,0,1
1.0,0,1
1.0,0,1
1.0,0,1
1.0,0,1
1.0,0,1
1.0,0,1
1.0,0,1
1.0,0,1
1.0,0,1
1.0,0,1
1.0,0,1
1.0,0,1
1.0,0,1
1.0,0,1
1.0,0,1
1.0,0,1
1.0,0,1
1.0,0,1
1.0,0,1
1.0,0,1
1.0,0,1
1.0,0,1
1.0,0,1
1.0,0,1
1.0,0,1
1.0,0,1
1.0,0,1
1.0,0,1
1.0,0,1
1.0,0,1
1.0,0,1
1.0,0,1
1.0,0,1
1.0,0,1
1.0,0,1
1.0,0,1
1.0,0,1
1.0,0,1
1.0,0,1
1.0,0,1
1.0,0,1
1.0,0,1
1.0,0,1
1.0,0,1
1.0,0,1
1.0,0,1
1.0,0,1
1.0,0,1
1.0,0,1
1.0,0,1
1.0,0,1
1.0,0,1
1.0,0,1
1.0,0,1
1.0,0,1
1.0,0,1
1.0,0,1
1.0,0,1
1.0,0,1
1.0,0,1
1.0,0,1
1.0,0,1
1.0,0,1
1.0,0,1
1.0,0,1
1.0,0,1
1.0,0,1
1.0,0,1
1.0,0,1
1.0,0,1
1.0,0,1
1.0,0,1
1.0,0,1
1.0,0,1
1.0,0,1
1.0,0,1
1.0,0,1
1.0,0,1
1.0,0,1
1.0,0,1
1.0,0,1
1.0,0,1
1.0,0,1
1.0,0,1
1.0,0,1
1.0,0,1
1.0,0,1
1.0,0,1
1.0,0,1
1.0,0,1
1.0,0,1
1.0,0,1
1.0,0,1
1.0,0,1
1.0,0,1
1.0,0,1
1.0,0,1
1.0,0,1
1.0,0,1
1.0,0,1
1.0,0,1
1.0,0,1
1.0,0,1
1.0,0,1
1.0,0,1
1.0,0,1
1.0,0,1
1.0,0,1
1.0,0,1
1.0,0,1
1.0,0,1
1.0,0,1
1.0,0,1
1.0,0,1
1.0,0,1
1.0,0,1
1.0,0,1
1.0,0,1
1.0,0,1
1.0,0,1
1.0,0,1
1.0,0,1
1.0,0,1
1.0,0,1
1.0,0,1
1.0,0,1
1.0,0,1
1.0,0,1
1.0,0,1
1.0,0,1
1.0,0,1
1.0,0,1
1.0,0,1
1.0,0,1
1.0,0,1
1.0,0,1
1.0,0,1
1.0,0,1
1.0,0,1
1.0,0,1
1.0,0,1
1.0,0,1
1.0,0,1
1.0,0,1
1.0,0,1
1.0,0,1
1.0,0,1
1.0,0,1
1.0,0,1
1.0,0,1
1.0,0,1
1.0,0,1
1.0,0,1
1.0,0,1
1.0,0,1
1.0,0,1
1.0,0,1
1.0,0,1
1.0,0,1
1.0,0,1
1.0,0,1
1.0,0,1
1.0,0,1
1.0,0,1
1.0,0,1
1.0,0,1
1.0,0,1
1.0,0,1
1.0,0,1
1.0,0,1
1.0,0,1
1.0,0,1
1.0,0,1
1.0,0,1
1.0,0,1
1.0,0,1
1.0,0,1
1.0,0,1
1.0,0,1
1.0,0,1
1.0,0,1
1.0,0,1
1.0,0,1
1.0,0,1
1.0,0,1
1.0,0,1
1.0,0,1
1.0,0,1
1.0,0,1
1.0,0,1
1.0,0,1
1.0,0,1
1.0,0,1
1.0,0,1
1.0,0,1
1.0,0,1
1.0,0,1
1.0,0,1
1.0,0,1
1.0,0,1
1.0,0,1
1.0,0,1
1.0,0,1
1.0,0,1
1.0,0,1
1.0,0,1
1.0,0,1
1.0,0,1
1.0,0,1
1.0,0,1
1.0,0,1
1.0,0,1
1.0,0,1
1.0,0,1
1.0,0,1
1.0,0,1
1.0,0,1
1.0,0,1
1.0,0,1
1.0,0,1
1.0,0,1
1.0,0,1
1.0,0,1
1.0,0,1
1.0,0,1
1.0,0,1
1.0,0,1
1.0,0,1
1.0,0,1
1.0,0,1
1.0,0,1
1.0,0,1
1.0,0,1
1.0,0,1
1.0,0,1
1.0,0,1
1.0,0,1
1.0,0,1
1.0,0,1
1.0,0,1
1.0,0,1
1.0,0,1
1.0,0,1
1.0,0,1
1.0,0,1
1.0,0,1
1.0,0,1
1.0,0,1
1.0,0,1
1.0,0,1
1.0,0,1
1.0,0,1
1.0,0,1
1.0,0,1
1.0,0,1
1.0,0,1
1.0,0,1
1.0,0,1
1.0,0,1
1.0,0,1
1.0,0,1
1.0,0,1
1.0,0,1
1.0,0,1
1.0,0,1
1.0,0,1
1.0,0,1
1.0,0,1
1.0,0,1
1.0,0,1
1.0,0,1
1.0,0,1
1.0,0,1
1.0,0,1
1.0,0,1
1.0,0,1
1.0,0,1
1.0,0,1
1.0,0,1
1.0,0,1
1.0,0,1
1.0,0,1
1.0,0,1
1.0,0,1
1.0,0,1
1.0,0,1
1.0,0,1
1.0,0,1
1.0,0,1
1.0,0,1
1.0,0,1
1.0,0,1
1.0,0,1
1.0,0,1
1.0,0,1
1.0,0,1
1.0,0,1
1.0,0,1
1.0,0,1
1.0,0,1
1.0,0,1
1.0,0,1
1.0,0,1
1.0,0,1
1.0,0,1
1.0,0,1
1.0,0,1
1.0,0,1
1.0,0,1
1.0,0,1
1.0,0,1
1.0,0,1
1.0,0,1
1.0,0,1
1.0,0,1
1.0,0,1
1.0,0,1
1.0,0,1
1.0,0,1
1.0,0,1
1.0,0,1
1.0,0,1
1.0,0,1
1.0,0,1
1.0,0,1
1.0,0,1
1.0,0,1
1.0,0,1
1.0,0,1
1.0,0,1
1.0,0,1
1.0,0,1
1.0,0,1
1.0,0,1
1.0,0,1
1.0,0,1
1.0,0,1
1.0,0,1
1.0,0,1
1.0,0,1
1.0,0,1
1.0,0,1
1.0,0,1
1.0,0,1
1.0,0,1
1.0,0,1
1.0,0,1
1.0,0,1
1.0,0,1
1.0,0,1
1.0,0,1
1.0,0,1
1.0,0,1
1.0,0,1
1.0,0,1
1.0,0,1
1.0,0,1
1.0,0,1
1.0,0,1
1.0,0,1
1.0,0,1
1.0,0,1
1.0,0,1
1.0,0,1
1.0,0,1
1.0,0,1
1.0,0,1
1.0,0,1
1.0,0,1
1.0,0,1
1.0,0,1
1.0,0,1
1.0,0,1
1.0,0,1
1.0,0,1
1.0,0,1
1.0,0,1
1.0,0,1
1.0,0,1
1.0,0,1
1.0,0,1
1.0,0,1
1.0,0,1
1.0,0,1
1.0,0,1
1.0,0,1
1.0,0,1
1.0,0,1
1.0,0,1
1.0,0,1
1.0,0,1
1.0,0,1
1.0,0,1
1.0,0,1
1.0,0,1
1.0,0,1
1.0,0,1
1.0,0,1
1.0,0,1
1.0,0,1
1.0,0,1
1.0,0,1
1.0,0,1
1.0,0,1
1.0,0,1
1.0,0,1
1.0,0,1
1.0,0,1
1.0,0,1
1.0,0,1
1.0,0,1
1.0,0,1
1.0,0,1
1.0,0,1
1.0,0,1
1.0,0,1
1.0,0,1
1.0,0,1
1.0,0,1
1.0,0,1
1.0,0,1
1.0,0,1
1.0,0,1
1.0,0,1
1.0,0,1
1.0,0,1
1.0,0,1
1.0,0,1
1.0,0,1
1.0,0,1
1.0,0,1
1.0,0,1
1.0,0,1
1.0,0,1
1.0,0,1
1.0,0,1
1.0,0,1
1.0,0,1
1.0,0,1
1.0,0,1
1.0,0,1
1.0,0,1
1.0,0,1
1.0,0,1
1.0,0,1
1.0,0,1
1.0,0,1
1.0,0,1
1.0,0,1
1.0,0,1
1.0,0,1
1.0,0,1
1.0,0,1
1.0,0,1
1.0,0,1
1.0,0,1
1.0,0,1
1.0,0,1
1.0,0,1
1.0,0,1
1.0,0,1
1.0,0,1
1.0,0,1
1.0,0,1
1.0,0,1
1.0,0,1
1.0,0,1
1.0,0,1
1.0,0,1
1.0,0,1
1.0,0,1
1.0,0,1
1.0,0,1
1.0,0,1
1.0,0,1
1.0,0,1
1.0,0,1
1.0,0,1
1.0,0,1
1.0,0,1
1.0,0,1
1.0,0,1
1.0,0,1
1.0,0,1
1.0,0,1
1.0,0,1
1.0,0,1
1.0,0,1
1.0,0,1
1.0,0,1
1.0,0,1
1.0,0,1
1.0,0,1
1.0,0,1
1.0,0,1
1.0,0,1
1.0,0,1
1.0,0,1
1.0,0,1
1.0,0,1
1.0,0,1
1.0,0,1
1.0,0,1
1.0,0,1
1.0,0,1
1.0,0,1
1.0,0,1
1.0,0,1
1.0,0,1
1.0,0,1
1.0,0,1
1.0,0,1
1.0,0,1
1.0,0,1
1.0,0,1
1.0,0,1
1.0,0,1
1.0,0,1
1.0,0,1
1.0,0,1
1.0,0,1
1.0,0,1
1.0,0,1
1.0,0,1
1.0,0,1
1.0,0,1
1.0,0,1
1.0,0,1
1.0,0,1
1.0,0,1
1.0,0,1
1.0,0,1
1.0,0,1
1.0,0,1
1.0,0,1
1.0,0,1
1.0,0,1
1.0,0,1
1.0,0,1
1.0,0,1
1.0,0,1
1.0,0,1
1.0,0,1
1.0,0,1
1.0,0,1
1.0,0,1
1.0,0,1
1.0,0,1
1.0,0,1
1.0,0,1
1.0,0,1
1.0,0,1
1.0,0,1
1.0,0,1
1.0,0,1
1.0,0,1
1.0,0,1
1.0,0,1
1.0,0,1
1.0,0,1
1.0,0,1
1.0,0,1
1.0,0,1
1.0,0,1
1.0,0,1
1.0,0,1
1.0,0,1
1.0,0,1
1.0,0,1
1.0,0,1
1.0,0,1
1.0,0,1
1.0,0,1
1.0,0,1
1.0,0,1
1.0,0,1
1.0,0,1
1.0,0,1
1.0,0,1
1.0,0,1
1.0,0,1
1.0,0,1
1.0,0,1
1.0,0,1
1.0,0,1
1.0,0,1
1.0,0,1
1.0,0,1
1.0,0,1
1.0,0,1
1.0,0,1
1.0,0,1
1.0,0,1
1.0,0,1
1.0,0,1
1.0,0,1
1.0,0,1
1.0,0,1
1.0,0,1
1.0,0,1
1.0,0,1
1.0,0,1
1.0,0,1
1.0,0,1
1.0,0,1
1.0,0,1
1.0,0,1
1.0,0,1
1.0,0,1
1.0,0,1
1.0,0,1
1.0,0,1
1.0,0,1
1.0,0,1
1.0,0,1
1.0,0,1
1.0,0,1
1.0,0,1
1.0,0,1
1.0,0,1
1.0,0,1
1.0,0,1
1.0,0,1
1.0,0,1
1.0,0,1
1.0,0,1
1.0,0,1
1.0,0,1
1.0,0,1
1.0,0,1
1.0,0,1
1.0,0,1
1.0,0,1
1.0,0,1
1.0,0,1
1.0,0,1
1.0,0,1
1.0,0,1
1.0,0,1
1.0,0,1
1.0,0,1
1.0,0,1
1.0,0,1
1.0,0,1
1.0,0,1
1.0,0,1
1.0,0,1
1.0,0,1
1.0,0,1
1.0,0,1
1.0,0,1
1.0,0,1
1.0,0,1
1.0,0,1
1.0,0,1
1.0,0,1
1.0,0,1
1.0,0,1
1.0,0,1
1.0,0,1
1.0,0,1
1.0,0,1
1.0,0,1
1.0,0,1
1.0,0,1
1.0,0,1
1.0,0,1
1.0,0,1
1.0,0,1
1.0,0,1
1.0,0,1
1.0,0,1
1.0,0,1
1.0,0,1
1.0,0,1
1.0,0,1
1.0,0,1
1.0,0,1
1.0,0,1
1.0,0,1
1.0,0,1
1.0,0,1
1.0,0,1
1.0,0,1
1.0,0,1
1.0,0,1
1.0,0,1
1.0,0,1
1.0,0,1
1.0,0,1
1.0,0,1
1.0,0,1
1.0,0,1
1.0,0,1
1.0,0,1
1.0,0,1
1.0,0,1
1.0,0,1
1.0,0,1
1.0,0,1
1.0,0,1
1.0,0,1
1.0,0,1
1.0,0,1
1.0,0,1
1.0,0,1
1.0,0,1
1.0,0,1
1.0,0,1
1.0,0,1
1.0,0,1
1.0,0,1
1.0,0,1
1.0,0,1
1.0,0,1
1.0,0,1
1.0,0,1
1.0,0,1
1.0,0,1
1.0,0,1
1.0,0,1
1.0,0,1
1.0,0,1
1.0,0,1
1.0,0,1
1.0,0,1
1.0,0,1
1.0,0,1
1.0,0,1
1.0,0,1
1.0,0,1
1.0,0,1
1.0,0,1
1.0,0,1
1.0,0,1
1.0,0,1
1.0,0,1
1.0,0,1
1.0,0,1
1.0,0,1
1.0,0,1
1.0,0,1
1.0,0,1
1.0,0,1
1.0,0,1
1.0,0,1
1.0,0,1
1.0,0,1
1.0,0,1
1.0,0,1
1.0,0,1
1.0,0,1
1.0,0,1
1.0,0,1
1.0,0,1
1.0,0,1
1.0,0,1
1.0,0,1
1.0,0,1
1.0,0,1
1.0,0,1
1.0,0,1
1.0,0,1
1.0,0,1
1.0,0,1
1.0,0,1
1.0,0,1
1.0,0,1
1.0,0,1
1.0,0,1
1.0,0,1
1.0,0,1
1.0,0,1
1.0,0,1
1.0,0,1
1.0,0,1
1.0,0,1
1.0,0,1
1.0,0,1
1.0,0,1
1.0,0,1
1.0,0,1
1.0,0,1
1.0,0,1
1.0,0,1
1.0,0,1
1.0,0,1
1.0,0,1
1.0,0,1
1.0,0,1
1.0,0,1
1.0,0,1
1.0,0,1
1.0,0,1
1.0,0,1
1.0,0,1
1.0,0,1
1.0,0,1
1.0,0,1
1.0,0,1
1.0,0,1
1.0,0,1
1.0,0,1
1.0,0,1
1.0,0,1
1.0,0,1
1.0,0,1
1.0,0,1
1.0,0,1
1.0,0,1
1.0,0,1
1.0,0,1
1.0,0,1
1.0,0,1
1.0,0,1
1.0,0,1
1.0,0,1
1.0,0,1
1.0,0,1
1.0,0,1
1.0,0,1
1.0,0,1
1.0,0,1
1.0,0,1
1.0,0,1
1.0,0,1
1.0,0,1
1.0,0,1
1.0,0,1
1.0,0,1
1.0,0,1
1.0,0,1
1.0,0,1
1.0,0,1
1.0,0,1
1.0,0,1
1.0,0,1
1.0,0,1
1.0,0,1
1.0,0,1
1.0,0,1
1.0,0,1
1.0,0,1
1.0,0,1
1.0,0,1
1.0,0,1
1.0,0,1
1.0,0,1
1.0,0,1
1.0,0,1
1.0,0,1
1.0,0,1
1.0,0,1
1.0,0,1
1.0,0,1
1.0,0,1
1.0,0,1
1.0,0,1
1.0,0,1
1.0,0,1
1.0,0,1
1.0,0,1
1.0,0,1
1.0,0,1
1.0,0,1
1.0,0,1
1.0,0,1
1.0,0,1
1.0,0,1
1.0,0,1
1.0,0,1
1.0,0,1
1.0,0,1
1.0,0,1
1.0,0,1
1.0,0,1
1.0,0,1
1.0,0,1
1.0,0,1
1.0,0,1
1.0,0,1
1.0,0,1
1.0,0,1
1.0,0,1
1.0,0,1
1.0,0,1
1.0,0,1
1.0,0,1
1.0,0,1
1.0,0,1
1.0,0,1
1.0,0,1
1.0,0,1
1.0,0,1
1.0,0,1
1.0,0,1
1.0,0,1
1.0,0,1
1.0,0,1
1.0,0,1
1.0,0,1
1.0,0,1
1.0,0,1
1.0,0,1
1.0,0,1
1.0,0,1
1.0,0,1
1.0,0,1
1.0,0,1
1.0,0,1
1.0,0,1
1.0,0,1
1.0,0,1
1.0,0,1
1.0,0,1
1.0,0,1
1.0,0,1
1.0,0,1
1.0,0,1
1.0,0,1
1.0,0,1
1.0,0,1
1.0,0,1
1.0,0,1
1.0,0,1
1.0,0,1
1.0,0,1
1.0,0,1
1.0,0,1
1.0,0,1
1.0,0,1
1.0,0,1
1.0,0,1
1.0,0,1
1.0,0,1
1.0,0,1
1.0,0,1
1.0,0,1
1.0,0,1
1.0,0,1
1.0,0,1
1.0,0,1
1.0,0,1
1.0,0,1
1.0,0,1
1.0,0,1
1.0,0,1
1.0,0,1
1.0,0,1
1.0,0,1
1.0,0,1
1.0,0,1
1.0,0,1
1.0,0,1
1.0,0,1
1.0,0,1
1.0,0,1
1.0,0,1
1.0,0,1
1.0,0,1
1.0,0,1
1.0,0,1
1.0,0,1
1.0,0,1
1.0,0,1
1.0,0,1
1.0,0,1
1.0,0,1
1.0,0,1
1.0,0,1
1.0,0,1
1.0,0,1
1.0,0,1
1.0,0,1
1.0,0,1
1.0,0,1
0.99997115,0,1
1.0,0,1
1.0,0,1
1.0,0,1
1.0,0,1
1.0,0,1
1.0,0,1
1.0,0,1
1.0,0,1
1.0,0,1
1.0,0,1
1.0,0,1
1.0,0,1
1.0,0,1
1.0,0,1
1.0,0,1
1.0,0,1
1.0,0,1
1.0,0,1
1.0,0,1
1.0,0,1
1.0,0,1
1.0,0,1
1.0,0,1
1.0,0,1
1.0,0,1
1.0,0,1
1.0,0,1
1.0,0,1
1.0,0,1
1.0,0,1
0.9998291,0,1
1.0,0,1
1.0,0,1
1.0,0,1
1.0,0,1
1.0,0,1
1.0,0,1
1.0,0,1
1.0,0,1
0.9999995,0,1
0.9995465,0,1
1.0,0,1
1.0,0,1
1.0,0,1
1.0,0,1
1.0,0,1
1.0,0,1
1.0,0,1
1.0,0,1
1.0,0,1
1.0,0,1
1.0,0,1
1.0,0,1
1.0,0,1
1.0,0,1
1.0,0,1
1.0,0,1
1.0,0,1
1.0,0,1
1.0,0,1
1.0,0,1
1.0,0,1
1.0,0,1
1.0,0,1
1.0,0,1
1.0,0,1
1.0,0,1
1.0,0,1
1.0,0,1
1.0,0,1
1.0,0,1
1.0,0,1
1.0,0,1
1.0,0,1
1.0,0,1
1.0,0,1
1.0,0,1
1.0,0,1
1.0,0,1
1.0,0,1
1.0,0,1
1.0,0,1
1.0,0,1
1.0,0,1
1.0,0,1
1.0,0,1
1.0,0,1
1.0,0,1
1.0,0,1
1.0,0,1
1.0,0,1
1.0,0,1
1.0,0,1
1.0,0,1
1.0,0,1
1.0,0,1
1.0,0,1
1.0,0,1
1.0,0,1
1.0,0,1
1.0,0,1
1.0,0,1
1.0,0,1
1.0,0,1
1.0,0,1
1.0,0,1
1.0,0,1
1.0,0,1
1.0,0,1
1.0,0,1
1.0,0,1
1.0,0,1
1.0,0,1
1.0,0,1
1.0,0,1
1.0,0,1
1.0,0,1
1.0,0,1
1.0,0,1
1.0,0,1
1.0,0,1
1.0,0,1
1.0,0,1
0.9633404,0,1
0.99839807,0,1
1.0,0,1
1.0,0,1
1.0,0,1
0.9999998,0,1
1.0,0,1
1.0,0,1
1.0,0,1
1.0,0,1
1.0,0,1
1.0,0,1
1.0,0,1
1.0,0,1
1.0,0,1
0.9999962,0,1
1.0,0,1
1.0,0,1
1.0,0,1
1.0,0,1
1.0,0,1
1.0,0,1
1.0,0,1
1.0,0,1
1.0,0,1
1.0,0,1
1.0,0,1
1.0,0,1
1.0,0,1
1.0,0,1
1.0,0,1
0.99999994,0,1
1.0,0,1
0.9999637,0,1
1.0,0,1
1.0,0,1
1.0,0,1
1.0,0,1
1.0,0,1
1.0,0,1
1.0,0,1
1.0,0,1
1.0,0,1
1.0,0,1
1.0,0,1
1.0,0,1
1.0,0,1
1.0,0,1
1.0,0,1
1.0,0,1
1.0,0,1
1.0,0,1
1.0,0,1
0.9999999,0,1
1.0,0,1
1.0,0,1
1.0,0,1
1.0,0,1
1.0,0,1
1.0,0,1
1.0,0,1
1.0,0,1
1.0,0,1
1.0,0,1
1.0,0,1
1.0,0,1
1.0,0,1
1.0,0,1
1.0,0,1
1.0,0,1
1.0,0,1
1.0,0,1
1.0,0,1
1.0,0,1
1.0,0,1
1.0,0,1
1.0,0,1
1.0,0,1
1.0,0,1
1.0,0,1
1.0,0,1
1.0,0,1
1.0,0,1
1.0,0,1
1.0,0,1
1.0,0,1
1.0,0,1
1.0,0,1
1.0,0,1
1.0,0,1
1.0,0,1
1.0,0,1
1.0,0,1
0.99863106,0,1
1.0,0,1
1.0,0,1
1.0,0,1
1.0,0,1
1.0,0,1
1.0,0,1
1.0,0,1
1.0,0,1
1.0,0,1
0.9999775,0,1
0.9999991,0,1
0.9999939,0,1
1.0,0,1
1.0,0,1
1.0,0,1
0.9999926,0,1
0.99999887,0,1
0.9999918,0,1
1.0,0,1
1.0,0,1
1.0,0,1
1.0,0,1
1.0,0,1
1.0,0,1
1.0,0,1
0.9999992,0,1
0.9999526,0,1
0.9999996,0,1
0.9999537,0,1
0.9993042,0,1
0.66319704,0,1
1.0,0,1
1.0,0,1
1.0,0,1
0.9999895,0,1
0.99999964,0,1
0.99999946,0,1
0.99999994,0,1
1.0,0,1
1.0,0,1
1.0,0,1
1.0,0,1
0.99990106,0,1
1.0,0,1
1.0,0,1
1.0,0,1
1.0,0,1
1.0,0,1
1.0,0,1
1.0,0,1
1.0,0,1
1.0,0,1
1.0,0,1
1.0,0,1
1.0,0,1
1.0,0,1
1.0,0,1
1.0,0,1
1.0,0,1
1.0,0,1
1.0,0,1
1.0,0,1
1.0,0,1
0.99999994,0,1
1.0,0,1
1.0,0,1
0.99999976,0,1
0.9999956,0,1
1.0,0,1
1.0,0,1
1.0,0,1
0.99999994,0,1
1.0,0,1
1.0,0,1
1.0,0,1
0.99999976,0,1
1.0,0,1
1.0,0,1
1.0,0,1
1.0,0,1
1.0,0,1
1.0,0,1
1.0,0,1
1.0,0,1
1.0,0,1
0.9999967,0,1
1.0,0,1
1.0,0,1
1.0,0,1
1.0,0,1
1.0,0,1
1.0,0,1
0.9903514,0,1
0.9766279,0,1
0.99999976,0,1
1.0,0,1
0.9998659,0,1
0.99958825,0,1
0.99999994,0,1
0.9999995,0,1
0.9999999,0,1
1.0,0,1
0.9999998,0,1
0.9999766,0,1
1.0,0,1
1.0,0,1
1.0,0,1
1.0,0,1
1.0,0,1
1.0,0,1
1.0,0,1
0.9999729,0,1
1.0,0,1
1.0,0,1
1.0,0,1
1.0,0,1
1.0,0,1
0.99999994,0,1
1.0,0,1
1.0,0,1
0.99999994,0,1
1.0,0,1
1.0,0,1
1.0,0,1
1.0,0,1
1.0,0,1
0.9999927,0,1
0.99992067,0,1
1.0,0,1
1.0,0,1
1.0,0,1
1.0,0,1
1.0,0,1
1.0,0,1
1.0,0,1
1.0,0,1
1.0,0,1
1.0,0,1
1.0,0,1
1.0,0,1
1.0,0,1
1.0,0,1
1.0,0,1
1.0,0,1
1.0,0,1
1.0,0,1
1.0,0,1
1.0,0,1
0.9999983,0,1
1.0,0,1
1.0,0,1
1.0,0,1
1.0,0,1
1.0,0,1
0.9851485,0,1
0.99999994,0,1
1.0,0,1
1.0,0,1
1.0,0,1
1.0,0,1
1.0,0,1
1.0,0,1
1.0,0,1
0.99999994,0,1
0.99999964,0,1
1.0,0,1
1.0,0,1
1.0,0,1
1.0,0,1
1.0,0,1
1.0,0,1
1.0,0,1
1.0,0,1
1.0,0,1
1.0,0,1
1.0,0,1
1.0,0,1
1.0,0,1
1.0,0,1
1.0,0,1
1.0,0,1
1.0,0,1
1.0,0,1
1.0,0,1
1.0,0,1
0.99999803,0,1
1.0,0,1
1.0,0,1
1.0,0,1
1.0,0,1
1.0,0,1
1.0,0,1
1.0,0,1
1.0,0,1
1.0,0,1
1.0,0,1
1.0,0,1
1.0,0,1
1.0,0,1
1.0,0,1
1.0,0,1
1.0,0,1
1.0,0,1
1.0,0,1
1.0,0,1
1.0,0,1
1.0,0,1
1.0,0,1
1.0,0,1
1.0,0,1
0.99999964,0,1
0.9999808,0,1
1.0,0,1
1.0,0,1
1.0,0,1
1.0,0,1
0.9986174,0,1
1.0,0,1
1.0,0,1
1.0,0,1
1.0,0,1
1.0,0,1
1.0,0,1
1.0,0,1
1.0,0,1
1.0,0,1
1.0,0,1
1.0,0,1
1.0,0,1
1.0,0,1
1.0,0,1
1.0,0,1
1.0,0,1
1.0,0,1
1.0,0,1
1.0,0,1
1.0,0,1
1.0,0,1
1.0,0,1
1.0,0,1
1.0,0,1
1.0,0,1
1.0,0,1
1.0,0,1
1.0,0,1
1.0,0,1
1.0,0,1
1.0,0,1
1.0,0,1
1.0,0,1
1.0,0,1
1.0,0,1
1.0,0,1
1.0,0,1
1.0,0,1
1.0,0,1
1.0,0,1
1.0,0,1
1.0,0,1
1.0,0,1
1.0,0,1
1.0,0,1
1.0,0,1
0.99999994,0,1
1.0,0,1
1.0,0,1
1.0,0,1
1.0,0,1
1.0,0,1
1.0,0,1
1.0,0,1
1.0,0,1
1.0,0,1
1.0,0,1
1.0,0,1
1.0,0,1
1.0,0,1
1.0,0,1
0.99359304,0,1
0.9999999,0,1
1.0,0,1
0.99999994,0,1
0.9999999,0,1
1.0,0,1
1.0,0,1
1.0,0,1
1.0,0,1
0.99999917,0,1
0.99999994,0,1
1.0,0,1
1.0,0,1
0.99999994,0,1
1.0,0,1
1.0,0,1
1.0,0,1
0.99999857,0,1
1.0,0,1
1.0,0,1
1.0,0,1
1.0,0,1
0.99999994,0,1
0.9999981,0,1
0.99999994,0,1
1.0,0,1
0.99999994,0,1
0.99984515,0,1
0.9838839,0,1
0.99761283,0,1
1.0,0,1
0.99999964,0,1
1.0,0,1
1.0,0,1
1.0,0,1
0.9999987,0,1
0.99999976,0,1
1.0,0,1
1.0,0,1
1.0,0,1
0.99996424,0,1
1.0,0,1
1.0,0,1
1.0,0,1
1.0,0,1
1.0,0,1
1.0,0,1
1.0,0,1
1.0,0,1
1.0,0,1
1.0,0,1
1.0,0,1
1.0,0,1
1.0,0,1
1.0,0,1
1.0,0,1
1.0,0,1
1.0,0,1
1.0,0,1
1.0,0,1
1.0,0,1
1.0,0,1
0.99999994,0,1
1.0,0,1
1.0,0,1
1.0,0,1
1.0,0,1
1.0,0,1
1.0,0,1
1.0,0,1
0.9999994,0,1
1.0,0,1
1.0,0,1
0.99999994,0,1
0.99945694,0,1
1.0,0,1
1.0,0,1
1.0,0,1
1.0,0,1
1.0,0,1
1.0,0,1
1.0,0,1
1.0,0,1
1.0,0,1
1.0,0,1
1.0,0,1
1.0,0,1
1.0,0,1
1.0,0,1
1.0,0,1
1.0,0,1
1.0,0,1
1.0,0,1
0.99763536,0,1
1.0,0,1
1.0,0,1
1.0,0,1
1.0,0,1
1.0,0,1
1.0,0,1
1.0,0,1
1.0,0,1
1.0,0,1
1.0,0,1
1.0,0,1
1.0,0,1
1.0,0,1
1.0,0,1
1.0,0,1
1.0,0,1
1.0,0,1
1.0,0,1
1.0,0,1
1.0,0,1
1.0,0,1
1.0,0,1
1.0,0,1
1.0,0,1
1.0,0,1
1.0,0,1
1.0,0,1
0.99999607,0,1
0.9999839,0,1
0.99999976,0,1
1.0,0,1
1.0,0,1
1.0,0,1
1.0,0,1
1.0,0,1
1.0,0,1
1.0,0,1
1.0,0,1
1.0,0,1
1.0,0,1
1.0,0,1
1.0,0,1
1.0,0,1
1.0,0,1
1.0,0,1
1.0,0,1
1.0,0,1
1.0,0,1
1.0,0,1
1.0,0,1
1.0,0,1
1.0,0,1
1.0,0,1
1.0,0,1
1.0,0,1
1.0,0,1
1.0,0,1
1.0,0,1
1.0,0,1
1.0,0,1
1.0,0,1
0.99385697,0,1
0.9998077,0,1
0.99983585,0,1
0.9999933,0,1
1.0,0,1
1.0,0,1
1.0,0,1
1.0,0,1
1.0,0,1
1.0,0,1
1.0,0,1
1.0,0,1
1.0,0,1
1.0,0,1
1.0,0,1
1.0,0,1
1.0,0,1
1.0,0,1
0.99999994,0,1
1.0,0,1
1.0,0,1
1.0,0,1
1.0,0,1
1.0,0,1
0.9999962,0,1
1.0,0,1
1.0,0,1
1.0,0,1
1.0,0,1
1.0,0,1
1.0,0,1
0.99999744,0,1
1.0,0,1
1.0,0,1
1.0,0,1
1.0,0,1
1.0,0,1
1.0,0,1
1.0,0,1
1.0,0,1
1.0,0,1
1.0,0,1
1.0,0,1
1.0,0,1
1.0,0,1
1.0,0,1
1.0,0,1
1.0,0,1
1.0,0,1
1.0,0,1
0.99993056,0,1
1.0,0,1
1.0,0,1
1.0,0,1
1.0,0,1
1.0,0,1
1.0,0,1
1.0,0,1
1.0,0,1
1.0,0,1
1.0,0,1
1.0,0,1
0.99974,0,1
1.0,0,1
1.0,0,1
0.9999911,0,1
0.9999995,0,1
1.0,0,1
1.0,0,1
0.99980384,0,1
0.99960774,0,1
0.99999887,0,1
0.9999991,0,1
0.9998627,0,1
1.0,0,1
1.0,0,1
1.0,0,1
1.0,0,1
1.0,0,1
1.0,0,1
1.0,0,1
1.0,0,1
1.0,0,1
1.0,0,1
1.0,0,1
1.0,0,1
1.0,0,1
1.0,0,1
1.0,0,1
1.0,0,1
1.0,0,1
1.0,0,1
1.0,0,1
1.0,0,1
1.0,0,1
1.0,0,1
1.0,0,1
1.0,0,1
1.0,0,1
1.0,0,1
1.0,0,1
1.0,0,1
1.0,0,1
1.0,0,1
1.0,0,1
1.0,0,1
1.0,0,1
1.0,0,1
1.0,0,1
1.0,0,1
1.0,0,1
1.0,0,1
1.0,0,1
1.0,0,1
1.0,0,1
1.0,0,1
1.0,0,1
1.0,0,1
1.0,0,1
1.0,0,1
1.0,0,1
1.0,0,1
1.0,0,1
1.0,0,1
0.9614955,0,1
0.99999994,0,1
1.0,0,1
1.0,0,1
1.0,0,1
1.0,0,1
1.0,0,1
1.0,0,1
1.0,0,1
1.0,0,1
1.0,0,1
1.0,0,1
1.0,0,1
1.0,0,1
1.0,0,1
1.0,0,1
1.0,0,1
1.0,0,1
1.0,0,1
1.0,0,1
0.9999994,0,1
1.0,0,1
1.0,0,1
1.0,0,1
1.0,0,1
1.0,0,1
1.0,0,1
1.0,0,1
1.0,0,1
1.0,0,1
1.0,0,1
0.99999994,0,1
1.0,0,1
1.0,0,1
1.0,0,1
1.0,0,1
1.0,0,1
1.0,0,1
1.0,0,1
1.0,0,1
1.0,0,1
1.0,0,1
1.0,0,1
1.0,0,1
1.0,0,1
1.0,0,1
1.0,0,1
1.0,0,1
1.0,0,1
1.0,0,1
1.0,0,1
1.0,0,1
1.0,0,1
1.0,0,1
1.0,0,1
1.0,0,1
1.0,0,1
1.0,0,1
1.0,0,1
1.0,0,1
1.0,0,1
1.0,0,1
0.9999977,0,1
1.0,0,1
1.0,0,1
1.0,0,1
1.0,0,1
1.0,0,1
1.0,0,1
1.0,0,1
1.0,0,1
1.0,0,1
1.0,0,1
1.0,0,1
1.0,0,1
0.99998933,0,1
1.0,0,1
1.0,0,1
1.0,0,1
1.0,0,1
1.0,0,1
1.0,0,1
1.0,0,1
1.0,0,1
1.0,0,1
1.0,0,1
1.0,0,1
1.0,0,1
1.0,0,1
1.0,0,1
1.0,0,1
1.0,0,1
1.0,0,1
0.9999841,0,1
1.0,0,1
1.0,0,1
1.0,0,1
1.0,0,1
1.0,0,1
1.0,0,1
1.0,0,1
1.0,0,1
1.0,0,1
1.0,0,1
1.0,0,1
1.0,0,1
1.0,0,1
1.0,0,1
1.0,0,1
1.0,0,1
1.0,0,1
1.0,0,1
1.0,0,1
1.0,0,1
1.0,0,1
1.0,0,1
1.0,0,1
1.0,0,1
1.0,0,1
1.0,0,1
1.0,0,1
1.0,0,1
1.0,0,1
1.0,0,1
1.0,0,1
1.0,0,1
1.0,0,1
1.0,0,1
1.0,0,1
0.99999994,0,1
0.99999976,0,1
1.0,0,1
1.0,0,1
0.99999887,0,1
1.0,0,1
1.0,0,1
1.0,0,1
1.0,0,1
1.0,0,1
1.0,0,1
1.0,0,1
1.0,0,1
1.0,0,1
1.0,0,1
1.0,0,1
1.0,0,1
1.0,0,1
1.0,0,1
1.0,0,1
1.0,0,1
0.99999934,0,1
0.99995464,0,1
0.9999963,0,1
0.99993914,0,1
0.99999285,0,1
1.0,0,1
1.0,0,1
1.0,0,1
1.0,0,1
1.0,0,1
1.0,0,1
1.0,0,1
1.0,0,1
1.0,0,1
1.0,0,1
1.0,0,1
1.0,0,1
1.0,0,1
1.0,0,1
1.0,0,1
1.0,0,1
1.0,0,1
1.0,0,1
0.99999994,0,1
1.0,0,1
1.0,0,1
1.0,0,1
1.0,0,1
1.0,0,1
1.0,0,1
1.0,0,1
1.0,0,1
1.0,0,1
1.0,0,1
1.0,0,1
1.0,0,1
1.0,0,1
1.0,0,1
1.0,0,1
1.0,0,1
1.0,0,1
1.0,0,1
1.0,0,1
1.0,0,1
1.0,0,1
1.0,0,1
1.0,0,1
1.0,0,1
1.0,0,1
1.0,0,1
1.0,0,1
1.0,0,1
1.0,0,1
1.0,0,1
1.0,0,1
1.0,0,1
1.0,0,1
1.0,0,1
1.0,0,1
1.0,0,1
1.0,0,1
1.0,0,1
1.0,0,1
1.0,0,1
1.0,0,1
1.0,0,1
1.0,0,1
0.9999608,0,1
1.0,0,1
1.0,0,1
1.0,0,1
1.0,0,1
0.99999994,0,1
1.0,0,1
1.0,0,1
1.0,0,1
1.0,0,1
1.0,0,1
1.0,0,1
1.0,0,1
1.0,0,1
1.0,0,1
1.0,0,1
1.0,0,1
1.0,0,1
1.0,0,1
1.0,0,1
1.0,0,1
1.0,0,1
0.99999994,0,1
1.0,0,1
1.0,0,1
1.0,0,1
1.0,0,1
1.0,0,1
1.0,0,1
1.0,0,1
1.0,0,1
0.99994695,0,1
1.0,0,1
1.0,0,1
1.0,0,1
0.99999833,0,1
1.0,0,1
1.0,0,1
1.0,0,1
0.99999994,0,1
1.0,0,1
1.0,0,1
1.0,0,1
1.0,0,1
1.0,0,1
1.0,0,1
1.0,0,1
1.0,0,1
1.0,0,1
0.9963093,0,1
1.0,0,1
1.0,0,1
1.0,0,1
1.0,0,1
1.0,0,1
1.0,0,1
1.0,0,1
1.0,0,1
1.0,0,1
1.0,0,1
0.999997,0,1
0.9999987,0,1
0.9999981,0,1
1.0,0,1
1.0,0,1
1.0,0,1
1.0,0,1
1.0,0,1
1.0,0,1
1.0,0,1
1.0,0,1
1.0,0,1
1.0,0,1
1.0,0,1
1.0,0,1
1.0,0,1
1.0,0,1
1.0,0,1
1.0,0,1
1.0,0,1
1.0,0,1
1.0,0,1
1.0,0,1
1.0,0,1
1.0,0,1
1.0,0,1
1.0,0,1
1.0,0,1
1.0,0,1
1.0,0,1
1.0,0,1
1.0,0,1
1.0,0,1
1.0,0,1
1.0,0,1
0.99999994,0,1
1.0,0,1
1.0,0,1
1.0,0,1
1.0,0,1
1.0,0,1
1.0,0,1
1.0,0,1
1.0,0,1
1.0,0,1
1.0,0,1
0.99999976,0,1
1.0,0,1
1.0,0,1
1.0,0,1
1.0,0,1
1.0,0,1
1.0,0,1
1.0,0,1
1.0,0,1
1.0,0,1
1.0,0,1
1.0,0,1
1.0,0,1
1.0,0,1
1.0,0,1
1.0,0,1
1.0,0,1
1.0,0,1
0.99944913,0,1
0.99999857,0,1
1.0,0,1
1.0,0,1
1.0,0,1
1.0,0,1
1.0,0,1
1.0,0,1
1.0,0,1
1.0,0,1
1.0,0,1
1.0,0,1
1.0,0,1
1.0,0,1
1.0,0,1
1.0,0,1
1.0,0,1
1.0,0,1
1.0,0,1
1.0,0,1
1.0,0,1
1.0,0,1
1.0,0,1
1.0,0,1
1.0,0,1
1.0,0,1
1.0,0,1
1.0,0,1
1.0,0,1
1.0,0,1
1.0,0,1
1.0,0,1
1.0,0,1
1.0,0,1
1.0,0,1
1.0,0,1
1.0,0,1
1.0,0,1
1.0,0,1
1.0,0,1
1.0,0,1
1.0,0,1
1.0,0,1
1.0,0,1
1.0,0,1
1.0,0,1
1.0,0,1
1.0,0,1
1.0,0,1
1.0,0,1
0.99999994,0,1
0.9999985,0,1
1.0,0,1
1.0,0,1
1.0,0,1
1.0,0,1
1.0,0,1
1.0,0,1
1.0,0,1
1.0,0,1
1.0,0,1
1.0,0,1
0.9817854,0,1
0.9999947,0,1
0.9999999,0,1
1.0,0,1
0.9999998,0,1
0.99999994,0,1
1.0,0,1
1.0,0,1
1.0,0,1
1.0,0,1
1.0,0,1
1.0,0,1
1.0,0,1
1.0,0,1
1.0,0,1
1.0,0,1
1.0,0,1
1.0,0,1
1.0,0,1
1.0,0,1
1.0,0,1
1.0,0,1
1.0,0,1
1.0,0,1
1.0,0,1
1.0,0,1
1.0,0,1
1.0,0,1
1.0,0,1
1.0,0,1
1.0,0,1
0.99918944,0,1
0.99999946,0,1
1.0,0,1
1.0,0,1
1.0,0,1
1.0,0,1
1.0,0,1
1.0,0,1
1.0,0,1
1.0,0,1
1.0,0,1
1.0,0,1
1.0,0,1
0.99999994,0,1
1.0,0,1
1.0,0,1
1.0,0,1
1.0,0,1
1.0,0,1
1.0,0,1
1.0,0,1
1.0,0,1
1.0,0,1
1.0,0,1
1.0,0,1
1.0,0,1
1.0,0,1
1.0,0,1
1.0,0,1
1.0,0,1
1.0,0,1
0.9963552,0,1
0.99999857,0,1
1.0,0,1
1.0,0,1
1.0,0,1
1.0,0,1
1.0,0,1
1.0,0,1
1.0,0,1
1.0,0,1
1.0,0,1
1.0,0,1
1.0,0,1
1.0,0,1
1.0,0,1
1.0,0,1
1.0,0,1
1.0,0,1
1.0,0,1
1.0,0,1
1.0,0,1
1.0,0,1
0.99999976,0,1
1.0,0,1
1.0,0,1
1.0,0,1
1.0,0,1
1.0,0,1
1.0,0,1
1.0,0,1
0.99999994,0,1
1.0,0,1
1.0,0,1
1.0,0,1
1.0,0,1
0.9999992,0,1
1.0,0,1
1.0,0,1
1.0,0,1
0.99994403,0,1
0.9996456,0,1
1.0,0,1
1.0,0,1
1.0,0,1
1.0,0,1
1.0,0,1
1.0,0,1
1.0,0,1
1.0,0,1
1.0,0,1
1.0,0,1
1.0,0,1
1.0,0,1
1.0,0,1
1.0,0,1
1.0,0,1
1.0,0,1
1.0,0,1
1.0,0,1
1.0,0,1
1.0,0,1
1.0,0,1
0.9713705,0,1
1.0,0,1
1.0,0,1
1.0,0,1
1.0,0,1
1.0,0,1
1.0,0,1
1.0,0,1
1.0,0,1
0.99999994,0,1
1.0,0,1
1.0,0,1
1.0,0,1
0.99995446,0,1
1.0,0,1
1.0,0,1
1.0,0,1
1.0,0,1
1.0,0,1
1.0,0,1
1.0,0,1
1.0,0,1
1.0,0,1
1.0,0,1
1.0,0,1
1.0,0,1
1.0,0,1
1.0,0,1
1.0,0,1
1.0,0,1
1.0,0,1
0.9996612,0,1
0.99999887,0,1
1.0,0,1
0.99999976,0,1
1.0,0,1
1.0,0,1
1.0,0,1
1.0,0,1
1.0,0,1
1.0,0,1
1.0,0,1
1.0,0,1
1.0,0,1
1.0,0,1
0.9992656,0,1
0.9999061,0,1
1.0,0,1
1.0,0,1
1.0,0,1
1.0,0,1
1.0,0,1
1.0,0,1
1.0,0,1
1.0,0,1
1.0,0,1
1.0,0,1
1.0,0,1
1.0,0,1
1.0,0,1
1.0,0,1
1.0,0,1
1.0,0,1
1.0,0,1
0.99999994,0,1
1.0,0,1
1.0,0,1
0.99999994,0,1
1.0,0,1
1.0,0,1
1.0,0,1
1.0,0,1
1.0,0,1
1.0,0,1
1.0,0,1
1.0,0,1
1.0,0,1
1.0,0,1
1.0,0,1
1.0,0,1
1.0,0,1
1.0,0,1
0.9999996,0,1
1.0,0,1
1.0,0,1
1.0,0,1
1.0,0,1
1.0,0,1
1.0,0,1
1.0,0,1
1.0,0,1
1.0,0,1
1.0,0,1
0.9999999,0,1
1.0,0,1
0.99999994,0,1
1.0,0,1
1.0,0,1
1.0,0,1
1.0,0,1
1.0,0,1
1.0,0,1
1.0,0,1
1.0,0,1
1.0,0,1
1.0,0,1
1.0,0,1
1.0,0,1
1.0,0,1
1.0,0,1
1.0,0,1
1.0,0,1
1.0,0,1
1.0,0,1
1.0,0,1
1.0,0,1
1.0,0,1
1.0,0,1
1.0,0,1
1.0,0,1
1.0,0,1
1.0,0,1
1.0,0,1
1.0,0,1
1.0,0,1
1.0,0,1
1.0,0,1
1.0,0,1
1.0,0,1
1.0,0,1
1.0,0,1
1.0,0,1
1.0,0,1
1.0,0,1
1.0,0,1
1.0,0,1
1.0,0,1
1.0,0,1
1.0,0,1
1.0,0,1
1.0,0,1
1.0,0,1
1.0,0,1
1.0,0,1
1.0,0,1
1.0,0,1
1.0,0,1
1.0,0,1
1.0,0,1
1.0,0,1
1.0,0,1
1.0,0,1
1.0,0,1
1.0,0,1
1.0,0,1
1.0,0,1
1.0,0,1
1.0,0,1
1.0,0,1
1.0,0,1
1.0,0,1
1.0,0,1
1.0,0,1
1.0,0,1
1.0,0,1
1.0,0,1
1.0,0,1
1.0,0,1
1.0,0,1
1.0,0,1
1.0,0,1
1.0,0,1
1.0,0,1
1.0,0,1
1.0,0,1
1.0,0,1
1.0,0,1
1.0,0,1
1.0,0,1
1.0,0,1
0.99999994,0,1
1.0,0,1
1.0,0,1
1.0,0,1
1.0,0,1
1.0,0,1
0.9998767,0,1
1.0,0,1
1.0,0,1
1.0,0,1
1.0,0,1
1.0,0,1
1.0,0,1
1.0,0,1
1.0,0,1
1.0,0,1
1.0,0,1
1.0,0,1
1.0,0,1
1.0,0,1
1.0,0,1
1.0,0,1
1.0,0,1
1.0,0,1
1.0,0,1
1.0,0,1
1.0,0,1
1.0,0,1
1.0,0,1
1.0,0,1
1.0,0,1
1.0,0,1
1.0,0,1
1.0,0,1
1.0,0,1
1.0,0,1
0.99999994,0,1
1.0,0,1
1.0,0,1
1.0,0,1
1.0,0,1
1.0,0,1
1.0,0,1
0.9999988,0,1
0.99998605,0,1
1.0,0,1
1.0,0,1
1.0,0,1
1.0,0,1
1.0,0,1
1.0,0,1
1.0,0,1
1.0,0,1
1.0,0,1
1.0,0,1
1.0,0,1
1.0,0,1
1.0,0,1
1.0,0,1
1.0,0,1
1.0,0,1
1.0,0,1
1.0,0,1
1.0,0,1
1.0,0,1
1.0,0,1
1.0,0,1
1.0,0,1
0.88806605,0,1
0.7259085,0,1
0.75195515,0,1
0.6880858,0,1
0.84114057,0,1
0.933364,0,1
0.9905966,0,1
0.99262506,0,1
0.9674393,0,1
0.99953854,0,1
0.9988148,0,1
0.9857341,0,1
0.99402946,0,1
0.9802837,0,1
0.8963499,0,1
0.98714274,0,1
0.9597059,0,1
0.98975927,0,1
0.85244775,0,1
0.8079305,0,1
0.94448256,0,1
0.9194027,0,1
0.97439426,0,1
0.99629354,0,1
0.9604367,0,1
0.6884778,0,1
0.8999446,0,1
0.99961877,0,1
0.99996525,0,1
0.99966663,0,1
0.9877905,0,1
0.99615735,0,1
0.98638475,0,1
0.96071696,0,1
0.9714435,0,1
0.98586726,0,1
0.7400751,0,1
0.9563157,0,1
0.9999644,0,1
0.99420035,0,1
0.68411034,0,1
0.9033689,0,1
0.7193204,0,1
0.8581549,0,1
0.8474646,0,1
0.6878165,0,1
0.82954824,0,1
0.9091443,0,1
0.8955112,0,1
0.9533779,0,1
0.992052,0,1
0.99841034,0,1
0.99849397,0,1
0.99924105,0,1
0.88953835,0,1
0.8433495,0,1
0.9398825,0,1
0.90370184,0,1
0.7505114,0,1
0.69556916,0,1
0.7791646,0,1
0.7890744,0,1
0.9517095,0,1
0.9867465,0,1
0.99919164,0,1
0.91790587,0,1
0.58396226,0,1
0.7696649,0,1
0.98741406,0,1
0.99909204,0,1
0.9761886,0,1
0.8067993,0,1
0.9715413,0,1
0.9541973,0,1
0.90139335,0,1
0.70481014,0,1
0.77313924,0,1
0.9439682,0,1
0.9991666,0,1
0.9999345,0,1
0.996752,0,1
0.7398852,0,1
0.97833955,0,1
0.9957979,0,1
0.9949847,0,1
0.8303827,0,1
0.8275855,0,1
0.9990418,0,1
0.9994639,0,1
0.98691714,0,1
0.82257706,0,1
0.6399301,0,1
0.71750176,0,1
0.5480422,0,1
0.96107686,0,1
0.9999442,0,1
0.99678886,0,1
0.87820226,0,1
0.8321324,0,1
0.881592,0,1
0.63694584,0,1
0.7110143,0,1
0.74276876,0,1
0.79530877,0,1
0.901661,0,1
0.68727386,0,1
0.65302503,0,1
0.92460126,0,1
0.98643386,0,1
0.9765327,0,1
0.6337532,0,1
0.8295543,0,1
0.99324423,0,1
0.9535139,0,1
0.5693307,0,1
0.9245,0,1
0.9930353,0,1
0.9144458,0,1
0.9457591,0,1
0.7837116,0,1
0.89265573,0,1
0.9836195,0,1
0.9950745,0,1
0.98258084,0,1
0.8146244,0,1
0.71692085,0,1
0.9528491,0,1
0.797496,0,1
0.7695831,0,1
0.69349074,0,1
0.9716134,0,1
0.99917537,0,1
0.99973834,0,1
0.977878,0,1
0.9012472,0,1
0.9481414,0,1
0.7852963,0,1
0.9493506,0,1
0.97964615,0,1
0.7074217,0,1
0.7228198,0,1
0.9190932,0,1
0.88632864,0,1
0.73748374,0,1
0.81189626,0,1
0.7004368,0,1
0.7357391,0,1
0.7527193,0,1
0.5780723,0,1
0.74807346,0,1
0.82831967,0,1
0.5749712,0,1
0.6039964,0,1
0.9370308,0,1
0.8915776,0,1
0.83337426,0,1
0.85664684,0,1
0.9105461,0,1
0.7142469,0,1
0.5970843,0,1
0.7856825,0,1
0.8375772,0,1
0.89270973,0,1
0.98581815,0,1
0.9334656,0,1
0.724347,0,1
0.6435535,0,1
0.9787389,0,1
0.98693305,0,1
0.9343824,0,1
0.9282211,0,1
0.991282,0,1
0.99301857,0,1
0.7725134,0,1
0.9378287,0,1
0.9909984,0,1
0.99870056,0,1
0.9968954,0,1
0.64521396,0,1
0.9036839,0,1
0.85698146,0,1
0.99616086,0,1
0.99811536,0,1
0.96534365,0,1
0.975831,0,1
0.9801176,0,1
0.65527904,0,1
0.5840559,0,1
0.9018382,0,1
0.8828475,0,1
0.7759105,0,1
0.92448443,0,1
0.63605666,0,1
0.897939,0,1
0.98840296,0,1
0.9812505,0,1
0.9908973,0,1
0.92999184,0,1
0.69265676,0,1
0.66177094,0,1
0.9034778,0,1
0.8085848,0,1
0.9964199,0,1
0.9999029,0,1
0.8842901,0,1
0.7993802,0,1
0.90543115,0,1
0.7957049,0,1
0.7252557,0,1
0.982275,0,1
0.9993929,0,1
0.99710006,0,1
0.9871187,0,1
0.99935085,0,1
0.99244785,0,1
0.9943544,0,1
0.9795082,0,1
0.7990849,0,1
0.7908542,0,1
0.61596894,0,1
0.5506151,0,1
0.9470651,0,1
0.99838746,0,1
0.998919,0,1
0.9999015,0,1
0.9965697,0,1
0.8935589,0,1
0.9883066,0,1
0.9860275,0,1
0.8959808,0,1
0.85846424,0,1
0.9907917,0,1
0.9923821,0,1
0.9155593,0,1
0.8032532,0,1
0.96766263,0,1
0.9866276,0,1
0.9736522,0,1
0.60357517,0,1
0.7407817,0,1
0.99668014,0,1
0.98363787,0,1
0.9967747,0,1
0.9980572,0,1
0.99717546,0,1
0.9893359,0,1
0.76955426,0,1
0.78513944,0,1
0.6981993,0,1
0.72811985,0,1
0.8787741,0,1
0.9908826,0,1
0.6657133,0,1
0.56877184,0,1
0.5921647,0,1
0.77363604,0,1
0.93828255,0,1
0.9833334,0,1
0.9987081,0,1
0.9994693,0,1
0.99073976,0,1
0.6840944,0,1
0.822099,0,1
0.94987744,0,1
0.92413497,0,1
0.99033517,0,1
0.9987805,0,1
0.9919839,0,1
0.99555933,0,1
0.9887579,0,1
0.93963414,0,1
0.85360456,0,1
0.9885643,0,1
0.9990516,0,1
0.9664553,0,1
0.96350014,0,1
0.9470829,0,1
0.76942325,0,1
0.9351335,0,1
0.9913648,0,1
0.8353396,0,1
0.64540577,0,1
0.711957,0,1
0.71849275,0,1
0.9031081,0,1
0.9890325,0,1
0.99661136,0,1
0.99739355,0,1
0.9983198,0,1
0.98959816,0,1
0.659392,0,1
0.74518627,0,1
0.8937503,0,1
0.8955989,0,1
0.9650516,0,1
0.91648483,0,1
0.7164599,0,1
0.82626724,0,1
0.8778849,0,1
0.961126,0,1
0.6266397,0,1
0.68623185,0,1
0.9744619,0,1
0.94263655,0,1
0.83209765,0,1
0.78095573,0,1
0.96899176,0,1
0.98954856,0,1
0.9994947,0,1
0.9909304,0,1
0.9513776,0,1
0.9997828,0,1
0.9996371,0,1
0.9854518,0,1
0.99685353,0,1
0.998563,0,1
0.8096024,0,1
0.9639615,0,1
0.99023116,0,1
0.9319488,0,1
0.9983788,0,1
0.9990663,0,1
0.86501724,0,1
0.8774949,0,1
0.9512925,0,1
0.79883325,0,1
0.5936556,0,1
0.70302504,0,1
0.85156006,0,1
0.8176514,0,1
0.6991875,0,1
0.9851959,0,1
0.9927382,0,1
0.9602335,0,1
0.9991276,0,1
0.9986257,0,1
0.6805036,0,1
0.5806078,0,1
0.93822527,0,1
0.99280596,0,1
0.9211388,0,1
0.97435,0,1
0.771271,0,1
0.873297,0,1
0.91317225,0,1
0.9307729,0,1
0.9977566,0,1
0.96359575,0,1
0.9498482,0,1
0.98318624,0,1
0.9909266,0,1
0.97305715,0,1
0.9857173,0,1
0.9986713,0,1
0.9959445,0,1
0.9986122,0,1
0.9978804,0,1
0.9978237,0,1
0.8381574,0,1
0.8187865,0,1
0.9985446,0,1
0.9988751,0,1
0.81249243,0,1
0.6880952,0,1
0.9804478,0,1
0.94749963,0,1
0.9411596,0,1
0.990799,0,1
0.95580816,0,1
0.9914744,0,1
0.998499,0,1
0.9960187,0,1
0.65079653,0,1
0.88558596,0,1
0.9698129,0,1
0.93987304,0,1
0.7835191,0,1
0.85121787,0,1
0.88329935,0,1
0.554337,0,1
0.723346,0,1
0.6408176,0,1
0.86675453,0,1
0.9387844,0,1
0.99085724,0,1
0.99952227,0,1
0.99833566,0,1
0.9194886,0,1
0.7335118,0,1
0.7369536,0,1
0.8093004,0,1
0.9887365,0,1
0.9973448,0,1
0.8235718,0,1
0.8406257,0,1
0.8959565,0,1
0.7402139,0,1
0.90944993,0,1
0.99648863,0,1
0.9971082,0,1
0.9998706,0,1
0.99247235,0,1
0.6062856,0,1
0.9035022,0,1
0.9984749,0,1
0.9863094,0,1
0.9693906,0,1
0.9465466,0,1
0.853493,0,1
0.96338016,0,1
0.8327588,0,1
0.8486934,0,1
0.7940098,0,1
0.69506013,0,1
0.6061625,0,1
0.5749124,0,1
0.6549614,0,1
0.8824841,0,1
0.98755753,0,1
0.96439105,0,1
0.9741152,0,1
0.96401864,0,1
0.9259053,0,1
0.98237896,0,1
0.9843607,0,1
0.7329109,0,1
0.59389025,0,1
0.9042834,0,1
0.91900295,0,1
0.96718574,0,1
0.9748745,0,1
0.8719552,0,1
0.75505525,0,1
0.90583926,0,1
0.9878535,0,1
0.7692177,0,1
0.6744598,0,1
0.7808846,0,1
0.77951396,0,1
0.87440246,0,1
0.99807537,0,1
0.99970394,0,1
0.9887504,0,1
0.99523884,0,1
0.85642093,0,1
0.9948256,0,1
0.99977577,0,1
0.99279124,0,1
0.9636566,0,1
0.94573385,0,1
0.8798468,0,1
0.88953745,0,1
0.8981296,0,1
0.91671216,0,1
0.8239712,0,1
0.81461215,0,1
0.9952087,0,1
0.9804355,0,1
0.90669775,0,1
0.7430772,0,1
0.6971213,0,1
0.79199517,0,1
0.8263199,0,1
0.9856555,0,1
0.8476112,0,1
0.98513925,0,1
0.84382534,0,1
0.611308,0,1
0.61453784,0,1
0.7038647,0,1
0.9953586,0,1
0.98360085,0,1
0.81488824,0,1
0.8835354,0,1
0.949906,0,1
0.96727246,0,1
0.773672,0,1
0.86396146,0,1
0.6455569,0,1
0.9165871,0,1
0.99427426,0,1
0.9543983,0,1
0.9700816,0,1
0.9163884,0,1
0.77848125,0,1
0.88027227,0,1
0.67751944,0,1
0.64138925,0,1
0.97377145,0,1
0.98175824,0,1
0.79025364,0,1
0.9800599,0,1
0.9979173,0,1
0.99406415,0,1
0.9977497,0,1
0.98510313,0,1
0.84919477,0,1
0.7545308,0,1
0.62744045,0,1
0.8154936,0,1
0.9674037,0,1
0.95322216,0,1
0.9233896,0,1
0.99955046,0,1
0.9998367,0,1
0.9178719,0,1
0.74552727,0,1
0.99263227,0,1
0.9546682,0,1
0.76197517,0,1
0.92008024,0,1
0.89064085,0,1
0.87170553,0,1
0.93233234,0,1
0.82097447,0,1
0.8882927,0,1
0.9195662,0,1
0.97555864,0,1
0.97101474,0,1
0.9443913,0,1
0.72094214,0,1
0.9046266,0,1
0.8662624,0,1
0.6661961,0,1
0.7702001,0,1
0.97226804,0,1
0.9958181,0,1
0.9511858,0,1
0.9972802,0,1
0.99437094,0,1
0.993955,0,1
0.9920088,0,1
0.95902914,0,1
0.99980503,0,1
0.99893284,0,1
0.91384214,0,1
0.9141004,0,1
0.97022176,0,1
0.9980319,0,1
0.99981487,0,1
0.9992906,0,1
0.99309754,0,1
0.9032525,0,1
0.6832806,0,1
0.77461493,0,1
0.67151403,0,1
0.56934714,0,1
0.81363094,0,1
0.95705616,0,1
0.9958978,0,1
0.9819393,0,1
0.7532021,0,1
0.81503564,0,1
0.97175276,0,1
0.7470835,0,1
0.91811824,0,1
0.99993485,0,1
0.99723035,0,1
0.9844001,0,1
0.90017265,0,1
0.9580139,0,1
0.9762442,0,1
0.6362246,0,1
0.7532574,0,1
0.834692,0,1
0.90608037,0,1
0.9852303,0,1
0.9426319,0,1
0.7073839,0,1
0.8214168,0,1
0.9980441,0,1
0.99872994,0,1
0.92020047,0,1
0.65388286,0,1
0.6959648,0,1
0.73337555,0,1
0.98699653,0,1
0.9768879,0,1
0.94978404,0,1
0.8805353,0,1
0.62393546,0,1
0.894037,0,1
0.99886024,0,1
0.9974431,0,1
0.9824969,0,1
0.7791772,0,1
0.9466437,0,1
0.98629045,0,1
0.8280093,0,1
0.9840506,0,1
0.78483653,0,1
0.80556136,0,1
0.9773704,0,1
0.9492559,0,1
0.9930301,0,1
0.9778216,0,1
0.98128974,0,1
0.99332094,0,1
0.9875023,0,1
0.99330753,0,1
0.99528104,0,1
0.98204064,0,1
0.95348173,0,1
0.99915993,0,1
0.9966119,0,1
0.8923229,0,1
0.59937394,0,1
0.6000358,0,1
0.77070427,0,1
0.7161672,0,1
0.92844623,0,1
0.9628125,0,1
0.9723521,0,1
0.8511543,0,1
0.7140776,0,1
0.96956897,0,1
0.990985,0,1
0.89296156,0,1
0.72525465,0,1
0.689313,0,1
0.97659194,0,1
0.8945672,0,1
0.6335057,0,1
0.9310632,0,1
0.98487854,0,1
0.9406832,0,1
0.7612502,0,1
0.76167464,0,1
0.7909082,0,1
0.99810493,0,1
0.9992133,0,1
0.9212748,0,1
0.99287,0,1
0.89342827,0,1
0.9569705,0,1
0.9504906,0,1
0.6884274,0,1
0.8873954,0,1
0.9769254,0,1
0.7795321,0,1
0.72716177,0,1
0.7805272,0,1
0.9367572,0,1
0.98506415,0,1
0.76941496,0,1
0.9763696,0,1
0.969067,0,1
0.9760051,0,1
0.9962604,0,1
0.9994632,0,1
0.9985169,0,1
0.72390693,0,1
0.9201849,0,1
0.9988175,0,1
0.9932878,0,1
0.8961065,0,1
0.82094085,0,1
0.8289214,0,1
0.65671104,0,1
0.8401818,0,1
0.99825853,0,1
0.9701454,0,1
0.6946399,0,1
0.9905668,0,1
0.983795,0,1
0.82532996,0,1
0.8098289,0,1
0.9427271,0,1
0.8157659,0,1
0.5491383,0,1
0.548743,0,1
0.9725512,0,1
0.9824496,0,1
0.8493825,0,1
0.8618479,0,1
0.71202815,0,1
0.8062898,0,1
0.99756396,0,1
0.9876995,0,1
0.79124683,0,1
0.57701874,0,1
0.6341538,0,1
0.7303271,0,1
0.9912182,0,1
0.9979236,0,1
0.99207485,0,1
0.82348686,0,1
0.98566544,0,1
0.99988073,0,1
0.99508345,0,1
0.64692163,0,1
0.6793253,0,1
0.61786324,0,1
0.96585476,0,1
0.98653144,0,1
0.97486633,0,1
0.9994584,0,1
0.94815856,0,1
0.65353024,0,1
0.96356404,0,1
0.99844784,0,1
0.926867,0,1
0.8391321,0,1
0.6478978,0,1
0.7057668,0,1
0.7638102,0,1
0.8992638,0,1
0.74726963,0,1
0.9758399,0,1
0.9980071,0,1
0.98898345,0,1
0.9983228,0,1
0.96542764,0,1
0.9004286,0,1
0.8894082,0,1
0.7877642,0,1
0.8278471,0,1
0.8662361,0,1
0.64193815,0,1
0.6093642,0,1
0.7882027,0,1
0.9891243,0,1
0.957733,0,1
0.6540698,0,1
0.82964605,0,1
0.99689645,0,1
0.9901716,0,1
0.8506924,0,1
0.9627492,0,1
0.87628263,0,1
0.82228446,0,1
0.884805,0,1
0.88943875,0,1
0.94549507,0,1
0.6326544,0,1
0.6082324,0,1
0.71268284,0,1
0.95970166,0,1
0.87950045,0,1
0.9776623,0,1
0.9909594,0,1
0.7718923,0,1
0.97052675,0,1
0.9999154,0,1
0.9412034,0,1
0.9937777,0,1
0.68311393,0,1
0.6600052,0,1
0.6054127,0,1
0.6108298,0,1
0.60647374,0,1
0.9468434,0,1
0.9580477,0,1
0.95863587,0,1
0.94775075,0,1
0.60199034,0,1
0.8372298,0,1
0.76928276,0,1
0.6781509,0,1
0.966828,0,1
0.99665797,0,1
0.9503406,0,1
0.9963336,0,1
0.9913609,0,1
0.9295253,0,1
0.9958342,0,1
0.8795405,0,1
0.96637106,0,1
0.92517877,0,1
0.7420275,0,1
0.9560466,0,1
0.81781703,0,1
0.5939373,0,1
0.55754584,0,1
0.8551379,0,1
0.88915026,0,1
0.9968253,0,1
0.97834045,0,1
0.73996294,0,1
0.99475217,0,1
0.99924386,0,1
0.9447407,0,1
0.6614737,0,1
0.61233944,0,1
0.7249227,0,1
0.98269606,0,1
0.9141265,0,1
0.78091687,0,1
0.94498026,0,1
0.9694789,0,1
0.9094891,0,1
0.79830444,0,1
0.82626534,0,1
0.8964629,0,1
0.95743585,0,1
0.9917928,0,1
0.9960359,0,1
0.991336,0,1
0.9925188,0,1
0.99918807,0,1
0.99948066,0,1
0.9827652,0,1
0.9877034,0,1
0.9967291,0,1
0.96484023,0,1
0.56300944,0,1
0.93289447,0,1
0.99032485,0,1
0.892791,0,1
0.97968626,0,1
0.9990737,0,1
0.9509333,0,1
0.7551936,0,1
0.9995957,0,1
0.9993669,0,1
0.8144214,0,1
0.932581,0,1
0.92753994,0,1
0.7080745,0,1
0.67996705,0,1
0.9361202,0,1
0.94904584,0,1
0.8005308,0,1
0.6119488,0,1
0.8718193,0,1
0.9497806,0,1
0.7976078,0,1
0.6092841,0,1
0.53664696,0,1
0.87269497,0,1
0.9915656,0,1
0.8585878,0,1
0.87277687,0,1
0.98718154,0,1
0.9885446,0,1
0.98868275,0,1
0.9104588,0,1
0.7271939,0,1
0.7652517,0,1
0.88858336,0,1
0.79244906,0,1
0.99679714,0,1
0.99730986,0,1
0.7227454,0,1
0.6088631,0,1
0.8620736,0,1
0.8605755,0,1
0.8676333,0,1
0.879328,0,1
0.8811441,0,1
0.7700877,0,1
0.99778724,0,1
0.9997173,0,1
0.9983091,0,1
0.8944356,0,1
0.79100573,0,1
0.7064872,0,1
0.5968045,0,1
0.72728,0,1
0.94451296,0,1
0.9992719,0,1
0.9991801,0,1
0.9919146,0,1
0.9338544,0,1
0.98951775,0,1
0.9699849,0,1
0.7948521,0,1
0.9959851,0,1
0.7261467,0,1
0.76683635,0,1
0.7021166,0,1
0.9944776,0,1
0.99990964,0,1
0.99681145,0,1
0.99367034,0,1
0.8310437,0,1
0.59559584,0,1
0.86879647,0,1
0.9974153,0,1
0.9856535,0,1
0.752368,0,1
0.73089266,0,1
0.968458,0,1
0.9116688,0,1
0.84758395,0,1
0.8078876,0,1
0.9991637,0,1
0.99951124,0,1
0.9995217,0,1
0.9990025,0,1
0.72060466,0,1
0.64602494,0,1
0.7515135,0,1
0.77656066,0,1
0.67906225,0,1
0.9004391,0,1
0.99407697,0,1
0.99631244,0,1
0.9912581,0,1
0.60094965,0,1
0.8262153,0,1
0.7738108,0,1
0.76585305,0,1
0.8843719,0,1
0.8605011,0,1
0.82449746,0,1
0.8125611,0,1
0.8937052,0,1
0.935853,0,1
0.9833486,0,1
0.9992846,0,1
0.99454904,0,1
0.71248776,0,1
0.66573536,0,1
0.8602458,0,1
0.9967796,0,1
0.96198046,0,1
0.66585386,0,1
0.9041403,0,1
0.99843436,0,1
0.9208834,0,1
0.6759852,0,1
0.865009,0,1
0.9290172,0,1
0.9888051,0,1
0.9655445,0,1
0.9738807,0,1
0.9853946,0,1
0.94461995,0,1
0.9607808,0,1
0.6935384,0,1
0.66900045,0,1
0.9364092,0,1
0.8552768,0,1
0.7837997,0,1
0.9800923,0,1
0.80006945,0,1
0.6181252,0,1
0.7295921,0,1
0.9955792,0,1
0.99773586,0,1
0.95427686,0,1
0.760325,0,1
0.79349333,0,1
0.81365335,0,1
0.8994227,0,1
0.9864621,0,1
0.97057277,0,1
0.8803078,0,1
0.98213476,0,1
0.95050526,0,1
0.9913036,0,1
0.99167776,0,1
0.98046017,0,1
0.95465297,0,1
0.99416196,0,1
0.99862486,0,1
0.934782,0,1
0.9915856,0,1
0.9974214,0,1
0.76886606,0,1
0.98461884,0,1
0.9986267,0,1
0.9817022,0,1
0.97114336,0,1
0.98574686,0,1
0.99942046,0,1
0.99752724,0,1
0.99978876,0,1
0.99741167,0,1
0.6914123,0,1
0.64398134,0,1
0.9933191,0,1
0.99758404,0,1
0.94197863,0,1
0.9633573,0,1
0.71136963,0,1
0.9463807,0,1
0.9644131,0,1
0.7823587,0,1
0.61442995,0,1
0.93683064,0,1
0.91194737,0,1
0.6239332,0,1
0.5783734,0,1
0.9896585,0,1
0.99647063,0,1
0.9026504,0,1
0.9581484,0,1
0.9923221,0,1
0.984102,0,1
0.94056576,0,1
0.9824466,0,1
0.9960456,0,1
0.99992836,0,1
0.99997187,0,1
0.99103165,0,1
0.9627618,0,1
0.7399334,0,1
0.8916649,0,1
0.9787368,0,1
0.8792461,0,1
0.78336984,0,1
0.86340547,0,1
0.9549044,0,1
0.918738,0,1
0.87135845,0,1
0.9487384,0,1
0.9997797,0,1
0.999915,0,1
0.950836,0,1
0.9406816,0,1
0.8816842,0,1
0.75447476,0,1
0.7329174,0,1
0.6553707,0,1
0.9021412,0,1
0.97424394,0,1
0.9046181,0,1
0.7904589,0,1
0.87237614,0,1
0.9387375,0,1
0.7437184,0,1
0.6777867,0,1
0.9311644,0,1
0.9907464,0,1
0.9967358,0,1
0.99826777,0,1
0.99498403,0,1
0.99063206,0,1
0.9992298,0,1
0.9635904,0,1
0.9740152,0,1
0.97910494,0,1
0.7225009,0,1
0.8766214,0,1
0.99383134,0,1
0.7309143,0,1
0.96044385,0,1
0.9635132,0,1
0.7906254,0,1
0.6532769,0,1
0.7064935,0,1
0.66679263,0,1
0.5834954,0,1
0.6355849,0,1
0.84993654,0,1
0.78639793,0,1
0.8893206,0,1
0.89393103,0,1
0.6085868,0,1
0.9406786,0,1
0.9983949,0,1
0.99070823,0,1
0.99954987,0,1
0.9877425,0,1
0.9875818,0,1
0.9903398,0,1
0.67606044,0,1
0.65137255,0,1
0.81752646,0,1
0.87033474,0,1
0.6513389,0,1
0.8858948,0,1
0.96348023,0,1
0.9976307,0,1
0.99303645,0,1
0.99043393,0,1
0.8408463,0,1
0.93514365,0,1
0.9746294,0,1
0.9822632,0,1
0.87744266,0,1
0.751605,0,1
0.84162927,0,1
0.69576365,0,1
0.9767253,0,1
0.98554796,0,1
0.82564175,0,1
0.9105701,0,1
0.76642066,0,1
0.83659494,0,1
0.9010782,0,1
0.95985085,0,1
0.9604544,0,1
0.75346315,0,1
0.93501234,0,1
0.98876226,0,1
0.98530364,0,1
0.7854358,0,1
0.8950243,0,1
0.8985955,0,1
0.6418562,0,1
0.65569323,0,1
0.74325955,0,1
0.6339859,0,1
0.6018343,0,1
0.96266294,0,1
0.99677473,0,1
0.8799943,0,1
0.8586217,0,1
0.9480399,0,1
0.9773242,0,1
0.9666841,0,1
0.9928345,0,1
0.95051855,0,1
0.64115965,0,1
0.5781423,0,1
0.8996016,0,1
0.9931037,0,1
0.98602843,0,1
0.961821,0,1
0.98297447,0,1
0.9834867,0,1
0.9914245,0,1
0.89350235,0,1
0.9990748,0,1
0.8270235,0,1
0.73659456,0,1
0.9908794,0,1
0.9999565,0,1
0.9944449,0,1
0.9814966,0,1
0.9976326,0,1
0.98272127,0,1
0.8150325,0,1
0.8979744,0,1
0.9522802,0,1
0.8176279,0,1
0.96020216,0,1
0.96798354,0,1
0.66044074,0,1
0.65710175,0,1
0.98636246,0,1
0.99127966,0,1
0.7779878,0,1
0.72801876,0,1
0.9230724,0,1
0.92085445,0,1
0.9841242,0,1
0.99737054,0,1
0.9233302,0,1
0.82183504,0,1
0.9969244,0,1
0.9825017,0,1
0.93816775,0,1
0.9496779,0,1
0.95950377,0,1
0.96676195,0,1
0.78672165,0,1
0.96193874,0,1
0.9896678,0,1
0.7406121,0,1
0.66025513,0,1
0.8421346,0,1
0.99604875,0,1
0.99947685,0,1
0.9964868,0,1
0.8929257,0,1
0.7316628,0,1
0.6806258,0,1
0.99788266,0,1
0.99961674,0,1
0.99995327,0,1
0.99994624,0,1
0.9500451,0,1
0.95102835,0,1
0.9638191,0,1
0.936932,0,1
0.8433279,0,1
0.8359659,0,1
0.91961265,0,1
0.9946643,0,1
0.9994356,0,1
0.9923173,0,1
0.96872616,0,1
0.9916789,0,1
0.92353874,0,1
0.5772749,0,1
0.8598619,0,1
0.94852334,0,1
0.9791105,0,1
0.99292946,0,1
0.9510245,0,1
0.677837,0,1
0.96597326,0,1
0.9824765,0,1
0.95799756,0,1
0.97113603,0,1
0.9749005,0,1
0.9380953,0,1
0.8099453,0,1
0.9727834,0,1
0.8745789,0,1
0.63292027,0,1
0.76743346,0,1
0.984251,0,1
0.9790347,0,1
0.9903623,0,1
0.99856883,0,1
0.99179673,0,1
0.9554288,0,1
0.96852344,0,1
0.9779802,0,1
0.8066163,0,1
0.5670736,0,1
0.7081499,0,1
0.56841594,0,1
0.7107116,0,1
0.819297,0,1
0.9873337,0,1
0.97637695,0,1
0.9771182,0,1
0.92909443,0,1
0.92673534,0,1
0.9800864,0,1
0.8066938,0,1
0.9795971,0,1
0.9462336,0,1
0.7018968,0,1
0.937267,0,1
0.9591576,0,1
0.969184,0,1
0.9331513,0,1
0.8285214,0,1
0.9758047,0,1
0.9087764,0,1
0.7153309,0,1
0.8749301,0,1
0.9957093,0,1
0.9941712,0,1
0.62401175,0,1
0.9635993,0,1
0.87934077,0,1
0.84697014,0,1
0.9991973,0,1
0.9964461,0,1
0.99158555,0,1
0.9858758,0,1
0.6919905,0,1
0.94632107,0,1
0.68185085,0,1
0.8511275,0,1
0.8472298,0,1
0.89188886,0,1
0.7614255,0,1
0.89974594,0,1
0.90824175,0,1
0.977283,0,1
0.8787687,0,1
0.95242804,0,1
0.99900717,0,1
0.8615356,0,1
0.91751194,0,1
0.9257211,0,1
0.6676589,0,1
0.90499127,0,1
0.958712,0,1
0.87080395,0,1
0.88681644,0,1
0.96931386,0,1
0.8216959,0,1
0.8593278,0,1
0.99773496,0,1
0.99663687,0,1
0.7870711,0,1
0.66462636,0,1
0.68996096,0,1
0.6697026,0,1
0.7910759,0,1
0.9117017,0,1
0.9856043,0,1
0.8660908,0,1
0.96661127,0,1
0.926563,0,1
0.8294076,0,1
0.9765517,0,1
0.96431845,0,1
0.82293236,0,1
0.765157,0,1
0.9063141,0,1
0.9843387,0,1
0.88882816,0,1
0.87704533,0,1
0.77835,0,1
0.8616785,0,1
0.81738657,0,1
0.5381218,0,1
0.7769996,0,1
0.9834164,0,1
0.9514145,0,1
0.87361926,0,1
0.998732,0,1
0.9997761,0,1
0.97846854,0,1
0.7921995,0,1
0.56128883,0,1
0.6165186,0,1
0.9854114,0,1
0.98104984,0,1
0.7140353,0,1
0.95833546,0,1
0.9845917,0,1
0.6038141,0,1
0.65516925,0,1
0.65149534,0,1
0.7757279,0,1
0.8860737,0,1
0.8990948,0,1
0.8919165,0,1
0.9409001,0,1
0.99502337,0,1
0.9984516,0,1
0.9620417,0,1
0.62316555,0,1
0.951292,0,1
0.99972504,0,1
0.999554,0,1
0.9870143,0,1
0.6584122,0,1
0.88361084,0,1
0.98066247,0,1
0.9944199,0,1
0.9625153,0,1
0.66442126,0,1
0.8711331,0,1
0.98642355,0,1
0.9781475,0,1
0.9931622,0,1
0.99622875,0,1
0.9885055,0,1
0.63135433,0,1
0.92252135,0,1
0.80031,0,1
0.6995549,0,1
0.66802096,0,1
0.8924672,0,1
0.8872646,0,1
0.977321,0,1
0.981445,0,1
0.9974049,0,1
0.7301506,0,1
0.7554723,0,1
0.97110444,0,1
0.9255822,0,1
0.98767704,0,1
0.9992925,0,1
0.9859675,0,1
0.9855797,0,1
0.9112786,0,1
0.9526755,0,1
0.9193996,0,1
0.7943512,0,1
0.99845755,0,1
0.9862304,0,1
0.6637485,0,1
0.8810639,0,1
0.95172817,0,1
0.9610692,0,1
0.98169786,0,1
0.95975757,0,1
0.9421705,0,1
0.9899359,0,1
0.9998128,0,1
0.99988997,0,1
0.9978981,0,1
0.6625114,0,1
0.8280602,0,1
0.87939775,0,1
0.7929499,0,1
0.95686454,0,1
0.9786508,0,1
0.95985603,0,1
0.99035054,0,1
0.87460977,0,1
0.9959504,0,1
0.9999422,0,1
0.9893266,0,1
0.6457,0,1
0.9115935,0,1
0.97912115,0,1
0.9821154,0,1
0.81555337,0,1
0.77219343,0,1
0.67979574,0,1
0.5568504,0,1
0.9955626,0,1
0.9993512,0,1
0.7332395,0,1
0.921887,0,1
0.9683943,0,1
0.9314956,0,1
0.7937491,0,1
0.92680424,0,1
0.98900414,0,1
0.622707,0,1
0.98377043,0,1
0.9982415,0,1
0.92265785,0,1
0.9845325,0,1
0.98876464,0,1
0.9141806,0,1
0.76209533,0,1
0.94784796,0,1
0.9980024,0,1
0.99957234,0,1
0.99948144,0,1
0.99959856,0,1
0.9995917,0,1
0.9918321,0,1
0.9615025,0,1
0.64488727,0,1
0.89207274,0,1
0.99624527,0,1
0.991432,0,1
0.9689821,0,1
0.98963726,0,1
0.9604848,0,1
0.96589166,0,1
0.93730867,0,1
0.9674032,0,1
0.9932563,0,1
0.9665303,0,1
0.9322215,0,1
0.90520984,0,1
0.9974379,0,1
0.98382336,0,1
0.84705365,0,1
0.71800554,0,1
0.8353486,0,1
0.6819912,0,1
0.70233244,0,1
0.9989752,0,1
0.99644595,0,1
0.9526322,0,1
0.8843837,0,1
0.6995914,0,1
0.6795,0,1
0.92080945,0,1
0.99635243,0,1
0.99344134,0,1
0.811698,0,1
0.65319145,0,1
0.81428623,0,1
0.8523693,0,1
0.61478555,0,1
0.9957341,0,1
0.9933664,0,1
0.6960707,0,1
0.5864653,0,1
0.96501756,0,1
0.9799948,0,1
0.99624056,0,1
0.9955093,0,1
0.7541779,0,1
0.9817775,0,1
0.99021053,0,1
0.9915737,0,1
0.8708403,0,1
0.88117296,0,1
0.87044454,0,1
0.81371677,0,1
0.89498806,0,1
0.97820365,0,1
0.92853034,0,1
0.7840197,0,1
0.9923177,0,1
0.9889205,0,1
0.98078865,0,1
0.9648231,0,1
0.999873,0,1
0.99980253,0,1
0.79614884,0,1
0.80758667,0,1
0.9951997,0,1
0.98609924,0,1
0.9608459,0,1
0.8408447,0,1
0.8913783,0,1
0.99411935,0,1
0.9502222,0,1
0.62213874,0,1
0.68980026,0,1
0.56328213,0,1
0.91747296,0,1
0.99868417,0,1
0.97093713,0,1
0.93021697,0,1
0.9100642,0,1
0.94997746,0,1
0.8314664,0,1
0.6058588,0,1
0.58560026,0,1
0.7249126,0,1
0.9832934,0,1
0.9857856,0,1
0.8415884,0,1
0.5699619,0,1
0.6749964,0,1
0.9403975,0,1
0.9910946,0,1
0.9619935,0,1
0.836365,0,1
0.60873234,0,1
0.7842878,0,1
0.8951958,0,1
0.6938228,0,1
0.77825296,0,1
0.79041684,0,1
0.80274725,0,1
0.94515306,0,1
0.8747675,0,1
0.9282584,0,1
0.99144506,0,1
0.99856484,0,1
0.94880086,0,1
0.78732085,0,1
0.89849937,0,1
0.92654085,0,1
0.95603406,0,1
0.993273,0,1
0.8685126,0,1
0.9989817,0,1
0.95847875,0,1
0.5540745,0,1
0.7431214,0,1
0.7510578,0,1
0.8602041,0,1
0.75729513,0,1
0.5333811,0,1
0.60260946,0,1
0.64808,0,1
0.9026656,0,1
0.99511236,0,1
0.993985,0,1
0.8688295,0,1
0.9353312,0,1
0.99830467,0,1
0.9912793,0,1
0.7895661,0,1
0.67012686,0,1
0.7199483,0,1
0.90988314,0,1
0.9313514,0,1
0.84629023,0,1
0.942078,0,1
0.9950068,0,1
0.9985884,0,1
0.9870994,0,1
0.9996511,0,1
1.0,0,1
1.0,0,1
1.0,0,1
0.9999895,0,1
1.0,0,1
1.0,0,1
1.0,0,1
1.0,0,1
0.99999815,0,1
0.9999445,0,1
1.0,0,1
1.0,0,1
1.0,0,1
1.0,0,1
1.0,0,1
1.0,0,1
1.0,0,1
0.9922317,0,1
0.99999976,0,1
0.9999829,0,1
0.9991657,0,1
0.99999994,0,1
1.0,0,1
1.0,0,1
1.0,0,1
1.0,0,1
0.9999923,0,1
0.9999966,0,1
1.0,0,1
1.0,0,1
0.9999998,0,1
0.94071424,0,1
0.785705,0,1
0.996791,0,1
0.86917186,0,1
0.9948457,0,1
0.99999994,0,1
0.99999994,0,1
0.9999831,0,1
1.0,0,1
1.0,0,1
1.0,0,1
1.0,0,1
1.0,0,1
1.0,0,1
1.0,0,1
1.0,0,1
0.9999904,0,1
1.0,0,1
1.0,0,1
1.0,0,1
1.0,0,1
1.0,0,1
1.0,0,1
1.0,0,1
1.0,0,1
1.0,0,1
0.9999663,0,1
0.9997384,0,1
1.0,0,1
1.0,0,1
0.99999255,0,1
1.0,0,1
1.0,0,1
1.0,0,1
0.99999785,0,1
0.94195706,0,1
1.0,0,1
1.0,0,1
1.0,0,1
1.0,0,1
1.0,0,1
1.0,0,1
1.0,0,1
1.0,0,1
1.0,0,1
1.0,0,1
1.0,0,1
1.0,0,1
0.9822812,0,1
0.99945754,0,1
0.9999998,0,1
1.0,0,1
1.0,0,1
1.0,0,1
1.0,0,1
1.0,0,1
1.0,0,1
1.0,0,1
1.0,0,1
1.0,0,1
0.64869076,0,1
0.947929,0,1
0.9999729,0,1
1.0,0,1
1.0,0,1
1.0,0,1
1.0,0,1
1.0,0,1
1.0,0,1
1.0,0,1
0.98744833,0,1
0.9998697,0,1
1.0,0,1
0.9999657,0,1
1.0,0,1
1.0,0,1
1.0,0,1
1.0,0,1
1.0,0,1
1.0,0,1
1.0,0,1
1.0,0,1
1.0,0,1
1.0,0,1
1.0,0,1
1.0,0,1
1.0,0,1
0.9999999,0,1
1.0,0,1
1.0,0,1
1.0,0,1
1.0,0,1
1.0,0,1
1.0,0,1
1.0,0,1
1.0,0,1
1.0,0,1
1.0,0,1
1.0,0,1
1.0,0,1
0.9999538,0,1
1.0,0,1
1.0,0,1
1.0,0,1
1.0,0,1
1.0,0,1
1.0,0,1
1.0,0,1
1.0,0,1
1.0,0,1
1.0,0,1
0.99995005,0,1
0.9999591,0,1
0.9999999,0,1
1.0,0,1
1.0,0,1
1.0,0,1
1.0,0,1
1.0,0,1
0.9999993,0,1
1.0,0,1
1.0,0,1
1.0,0,1
0.99999523,0,1
0.99999964,0,1
1.0,0,1
1.0,0,1
1.0,0,1
1.0,0,1
1.0,0,1
0.9999842,0,1
0.9999997,0,1
1.0,0,1
0.9999898,0,1
1.0,0,1
1.0,0,1
1.0,0,1
1.0,0,1
1.0,0,1
0.99992955,0,1
1.0,0,1
1.0,0,1
0.87785566,0,1
0.9844384,0,1
0.99999976,0,1
1.0,0,1
1.0,0,1
1.0,0,1
1.0,0,1
1.0,0,1
1.0,0,1
1.0,0,1
1.0,0,1
0.9957278,0,1
0.9155122,0,1
0.9829754,0,1
0.99999356,0,1
0.9999717,0,1
1.0,0,1
1.0,0,1
1.0,0,1
1.0,0,1
1.0,0,1
1.0,0,1
1.0,0,1
1.0,0,1
1.0,0,1
1.0,0,1
1.0,0,1
1.0,0,1
1.0,0,1
1.0,0,1
1.0,0,1
1.0,0,1
1.0,0,1
1.0,0,1
1.0,0,1
0.9930543,0,1
1.0,0,1
1.0,0,1
0.9999317,0,1
1.0,0,1
1.0,0,1
1.0,0,1
1.0,0,1
1.0,0,1
1.0,0,1
1.0,0,1
1.0,0,1
1.0,0,1
0.99992275,0,1
1.0,0,1
1.0,0,1
1.0,0,1
1.0,0,1
1.0,0,1
1.0,0,1
1.0,0,1
1.0,0,1
1.0,0,1
1.0,0,1
1.0,0,1
1.0,0,1
1.0,0,1
1.0,0,1
1.0,0,1
1.0,0,1
0.99999994,0,1
1.0,0,1
1.0,0,1
1.0,0,1
1.0,0,1
1.0,0,1
1.0,0,1
1.0,0,1
0.9951915,0,1
0.999997,0,1
0.99920946,0,1
0.9999942,0,1
1.0,0,1
1.0,0,1
1.0,0,1
1.0,0,1
1.0,0,1
1.0,0,1
1.0,0,1
1.0,0,1
1.0,0,1
1.0,0,1
1.0,0,1
1.0,0,1
1.0,0,1
1.0,0,1
0.99999887,0,1
1.0,0,1
1.0,0,1
1.0,0,1
1.0,0,1
1.0,0,1
1.0,0,1
1.0,0,1
1.0,0,1
1.0,0,1
0.9999394,0,1
1.0,0,1
1.0,0,1
1.0,0,1
1.0,0,1
1.0,0,1
1.0,0,1
1.0,0,1
1.0,0,1
1.0,0,1
1.0,0,1
1.0,0,1
1.0,0,1
1.0,0,1
1.0,0,1
1.0,0,1
1.0,0,1
1.0,0,1
1.0,0,1
1.0,0,1
1.0,0,1
1.0,0,1
1.0,0,1
0.9999928,0,1
0.99999905,0,1
1.0,0,1
0.9999997,0,1
0.999841,0,1
0.9999998,0,1
0.9987685,0,1
0.99999994,0,1
1.0,0,1
0.9999858,0,1
0.99999905,0,1
0.99999994,0,1
0.99999654,0,1
1.0,0,1
1.0,0,1
1.0,0,1
1.0,0,1
0.99999964,0,1
1.0,0,1
1.0,0,1
1.0,0,1
1.0,0,1
1.0,0,1
0.9999998,0,1
1.0,0,1
1.0,0,1
1.0,0,1
1.0,0,1
1.0,0,1
1.0,0,1
0.99999964,0,1
1.0,0,1
1.0,0,1
1.0,0,1
0.99786514,0,1
1.0,0,1
1.0,0,1
1.0,0,1
1.0,0,1
1.0,0,1
1.0,0,1
1.0,0,1
0.9999661,0,1
1.0,0,1
1.0,0,1
1.0,0,1
1.0,0,1
1.0,0,1
0.9999554,0,1
1.0,0,1
1.0,0,1
1.0,0,1
1.0,0,1
1.0,0,1
1.0,0,1
1.0,0,1
1.0,0,1
1.0,0,1
1.0,0,1
1.0,0,1
1.0,0,1
1.0,0,1
1.0,0,1
1.0,0,1
0.99995923,0,1
1.0,0,1
1.0,0,1
1.0,0,1
0.99993587,0,1
0.97426087,0,1
1.0,0,1
1.0,0,1
1.0,0,1
0.99999994,0,1
1.0,0,1
0.99997866,0,1
1.0,0,1
1.0,0,1
1.0,0,1
1.0,0,1
1.0,0,1
1.0,0,1
1.0,0,1
1.0,0,1
1.0,0,1
0.8941138,0,1
0.7139213,0,1
0.69160366,0,1
0.6261579,0,1
0.7029326,0,1
0.999959,0,1
0.99997646,0,1
0.99999994,0,1
1.0,0,1
0.99999994,0,1
1.0,0,1
1.0,0,1
0.99996686,0,1
1.0,0,1
1.0,0,1
1.0,0,1
0.9999132,0,1
0.99999994,0,1
0.9999999,0,1
1.0,0,1
1.0,0,1
0.9835398,0,1
0.9999966,0,1
0.9984188,0,1
0.9999993,0,1
1.0,0,1
1.0,0,1
1.0,0,1
1.0,0,1
1.0,0,1
0.9999988,0,1
0.9999881,0,1
1.0,0,1
1.0,0,1
1.0,0,1
1.0,0,1
0.99950445,0,1
0.99999994,0,1
1.0,0,1
1.0,0,1
1.0,0,1
1.0,0,1
1.0,0,1
1.0,0,1
1.0,0,1
1.0,0,1
1.0,0,1
0.99999994,0,1
1.0,0,1
1.0,0,1
1.0,0,1
0.9995551,0,1
0.651749,0,1
0.88343406,0,1
0.85889333,0,1
0.9995871,0,1
0.9999888,0,1
0.99999666,0,1
1.0,0,1
1.0,0,1
1.0,0,1
1.0,0,1
1.0,0,1
0.9999998,0,1
0.9999197,0,1
0.999989,0,1
1.0,0,1
1.0,0,1
1.0,0,1
1.0,0,1
1.0,0,1
1.0,0,1
1.0,0,1
1.0,0,1
0.99901974,0,1
0.9999514,0,1
1.0,0,1
1.0,0,1
1.0,0,1
1.0,0,1
1.0,0,1
1.0,0,1
0.9999997,0,1
0.9967398,0,1
1.0,0,1
0.99999964,0,1
0.96112424,0,1
0.99997735,0,1
1.0,0,1
1.0,0,1
1.0,0,1
1.0,0,1
0.9995551,0,1
0.9999928,0,1
1.0,0,1
0.99998105,0,1
0.89626354,0,1
0.99999976,0,1
1.0,0,1
1.0,0,1
0.99999994,0,1
0.9999896,0,1
0.9999998,0,1
1.0,0,1
0.999993,0,1
0.9999994,0,1
0.9999565,0,1
0.9793812,0,1
0.9993409,0,1
1.0,0,1
1.0,0,1
1.0,0,1
1.0,0,1
1.0,0,1
0.99969625,0,1
1.0,0,1
1.0,0,1
1.0,0,1
1.0,0,1
0.99999833,0,1
0.99999934,0,1
1.0,0,1
1.0,0,1
1.0,0,1
1.0,0,1
1.0,0,1
1.0,0,1
1.0,0,1
1.0,0,1
1.0,0,1
1.0,0,1
1.0,0,1
0.99999946,0,1
0.9999999,0,1
1.0,0,1
1.0,0,1
1.0,0,1
1.0,0,1
1.0,0,1
0.99999714,0,1
1.0,0,1
0.99999994,0,1
1.0,0,1
1.0,0,1
0.99999994,0,1
1.0,0,1
1.0,0,1
1.0,0,1
1.0,0,1
1.0,0,1
1.0,0,1
1.0,0,1
1.0,0,1
1.0,0,1
1.0,0,1
0.9596839,0,1
0.7041932,0,1
0.9508183,0,1
1.0,0,1
1.0,0,1
1.0,0,1
1.0,0,1
1.0,0,1
1.0,0,1
1.0,0,1
0.9991185,0,1
0.94271654,0,1
0.99999994,0,1
1.0,0,1
0.99998593,0,1
1.0,0,1
1.0,0,1
0.9999998,0,1
1.0,0,1
0.96974677,0,1
0.86024487,0,1
0.99685687,0,1
0.9999999,0,1
1.0,0,1
1.0,0,1
1.0,0,1
1.0,0,1
1.0,0,1
0.9999953,0,1
1.0,0,1
1.0,0,1
1.0,0,1
0.99997854,0,1
0.99983346,0,1
0.9999999,0,1
1.0,0,1
1.0,0,1
1.0,0,1
0.9999566,0,1
1.0,0,1
1.0,0,1
1.0,0,1
1.0,0,1
0.995887,0,1
0.99999994,0,1
1.0,0,1
1.0,0,1
1.0,0,1
1.0,0,1
1.0,0,1
1.0,0,1
1.0,0,1
0.99988097,0,1
1.0,0,1
1.0,0,1
1.0,0,1
1.0,0,1
1.0,0,1
0.99999994,0,1
0.999617,0,1
1.0,0,1
1.0,0,1
1.0,0,1
0.99998456,0,1
1.0,0,1
1.0,0,1
1.0,0,1
1.0,0,1
1.0,0,1
1.0,0,1
1.0,0,1
1.0,0,1
1.0,0,1
1.0,0,1
1.0,0,1
1.0,0,1
1.0,0,1
1.0,0,1
1.0,0,1
1.0,0,1
1.0,0,1
0.9999998,0,1
0.99955595,0,1
0.7976914,0,1
0.9999997,0,1
1.0,0,1
0.99999994,0,1
0.99999994,0,1
1.0,0,1
1.0,0,1
1.0,0,1
1.0,0,1
1.0,0,1
1.0,0,1
1.0,0,1
1.0,0,1
1.0,0,1
0.99996996,0,1
0.93481183,0,1
0.99999994,0,1
1.0,0,1
1.0,0,1
1.0,0,1
1.0,0,1
1.0,0,1
1.0,0,1
1.0,0,1
1.0,0,1
1.0,0,1
0.9999993,0,1
0.99999976,0,1
1.0,0,1
1.0,0,1
1.0,0,1
0.6507515,0,1
0.94309074,0,1
0.99999714,0,1
0.99999994,0,1
1.0,0,1
1.0,0,1
1.0,0,1
0.99999994,0,1
0.9997401,0,1
1.0,0,1
1.0,0,1
1.0,0,1
1.0,0,1
1.0,0,1
0.9999894,0,1
1.0,0,1
1.0,0,1
1.0,0,1
1.0,0,1
1.0,0,1
1.0,0,1
1.0,0,1
0.9830508,0,1
0.9999848,0,1
1.0,0,1
1.0,0,1
1.0,0,1
1.0,0,1
0.9999782,0,1
0.9999999,0,1
0.999993,0,1
1.0,0,1
1.0,0,1
1.0,0,1
1.0,0,1
1.0,0,1
0.99555147,0,1
0.99694777,0,1
1.0,0,1
1.0,0,1
1.0,0,1
1.0,0,1
1.0,0,1
1.0,0,1
1.0,0,1
1.0,0,1
1.0,0,1
1.0,0,1
0.9999994,0,1
1.0,0,1
0.9999989,0,1
1.0,0,1
1.0,0,1
1.0,0,1
1.0,0,1
1.0,0,1
1.0,0,1
1.0,0,1
1.0,0,1
1.0,0,1
1.0,0,1
1.0,0,1
0.829225,0,1
0.99991155,0,1
1.0,0,1
1.0,0,1
1.0,0,1
1.0,0,1
1.0,0,1
1.0,0,1
1.0,0,1
1.0,0,1
1.0,0,1
1.0,0,1
1.0,0,1
1.0,0,1
1.0,0,1
1.0,0,1
1.0,0,1
1.0,0,1
1.0,0,1
1.0,0,1
1.0,0,1
1.0,0,1
1.0,0,1
1.0,0,1
1.0,0,1
1.0,0,1
0.9999712,0,1
0.81043667,0,1
1.0,0,1
1.0,0,1
1.0,0,1
0.96443623,0,1
0.99762696,0,1
0.9999736,0,1
0.9999998,0,1
0.99166954,0,1
0.9999973,0,1
1.0,0,1
1.0,0,1
1.0,0,1
1.0,0,1
1.0,0,1
1.0,0,1
1.0,0,1
1.0,0,1
1.0,0,1
1.0,0,1
1.0,0,1
1.0,0,1
1.0,0,1
1.0,0,1
1.0,0,1
1.0,0,1
1.0,0,1
0.96769994,0,1
0.9999985,0,1
1.0,0,1
0.99999994,0,1
0.9999997,0,1
1.0,0,1
1.0,0,1
0.99999994,0,1
1.0,0,1
1.0,0,1
1.0,0,1
1.0,0,1
1.0,0,1
1.0,0,1
1.0,0,1
1.0,0,1
1.0,0,1
1.0,0,1
1.0,0,1
1.0,0,1
1.0,0,1
1.0,0,1
1.0,0,1
0.99999654,0,1
0.9986871,0,1
0.99984735,0,1
0.999988,0,1
1.0,0,1
1.0,0,1
1.0,0,1
1.0,0,1
0.8533629,0,1
0.8067872,0,1
0.99999255,0,1
1.0,0,1
1.0,0,1
1.0,0,1
0.9999992,0,1
1.0,0,1
1.0,0,1
1.0,0,1
1.0,0,1
0.99940443,0,1
1.0,0,1
1.0,0,1
1.0,0,1
1.0,0,1
1.0,0,1
1.0,0,1
1.0,0,1
0.99999934,0,1
0.9999612,0,1
0.9999757,0,1
1.0,0,1
1.0,0,1
0.99439687,0,1
0.9998913,0,1
1.0,0,1
1.0,0,1
1.0,0,1
0.99964714,0,1
1.0,0,1
1.0,0,1
0.99405247,0,1
0.9999984,0,1
0.9999969,0,1
0.99989694,0,1
1.0,0,1
0.9999998,0,1
0.99999946,0,1
0.9999933,0,1
1.0,0,1
1.0,0,1
1.0,0,1
1.0,0,1
1.0,0,1
1.0,0,1
1.0,0,1
1.0,0,1
1.0,0,1
1.0,0,1
1.0,0,1
1.0,0,1
1.0,0,1
1.0,0,1
1.0,0,1
1.0,0,1
1.0,0,1
1.0,0,1
1.0,0,1
1.0,0,1
1.0,0,1
0.9999795,0,1
0.9968698,0,1
0.9999976,0,1
1.0,0,1
1.0,0,1
0.99755317,0,1
0.9621669,0,1
1.0,0,1
1.0,0,1
1.0,0,1
1.0,0,1
1.0,0,1
1.0,0,1
1.0,0,1
0.9999791,0,1
1.0,0,1
1.0,0,1
1.0,0,1
1.0,0,1
0.99782115,0,1
1.0,0,1
1.0,0,1
1.0,0,1
1.0,0,1
0.9999189,0,1
0.9997415,0,1
0.99045956,0,1
1.0,0,1
1.0,0,1
1.0,0,1
1.0,0,1
0.999997,0,1
0.99996513,0,1
0.9999835,0,1
0.9854423,0,1
0.60315144,0,1
0.99999994,0,1
1.0,0,1
1.0,0,1
1.0,0,1
1.0,0,1
1.0,0,1
1.0,0,1
1.0,0,1
1.0,0,1
1.0,0,1
1.0,0,1
1.0,0,1
1.0,0,1
1.0,0,1
0.9999956,0,1
0.99993014,0,1
0.9999999,0,1
1.0,0,1
1.0,0,1
1.0,0,1
1.0,0,1
0.99999994,0,1
1.0,0,1
1.0,0,1
1.0,0,1
0.99940443,0,1
0.99702084,0,1
0.9999996,0,1
0.99977136,0,1
0.99980205,0,1
1.0,0,1
1.0,0,1
1.0,0,1
0.9999999,0,1
1.0,0,1
1.0,0,1
1.0,0,1
1.0,0,1
1.0,0,1
1.0,0,1
1.0,0,1
1.0,0,1
1.0,0,1
1.0,0,1
0.9999605,0,1
1.0,0,1
1.0,0,1
1.0,0,1
1.0,0,1
1.0,0,1
1.0,0,1
0.9999822,0,1
1.0,0,1
1.0,0,1
1.0,0,1
1.0,0,1
1.0,0,1
1.0,0,1
1.0,0,1
1.0,0,1
0.99999994,0,1
0.99711674,0,1
1.0,0,1
1.0,0,1
1.0,0,1
0.9999979,0,1
1.0,0,1
1.0,0,1
1.0,0,1
1.0,0,1
1.0,0,1
1.0,0,1
1.0,0,1
1.0,0,1
1.0,0,1
0.9999647,0,1
0.67898464,0,1
1.0,0,1
1.0,0,1
1.0,0,1
1.0,0,1
1.0,0,1
1.0,0,1
1.0,0,1
1.0,0,1
1.0,0,1
1.0,0,1
1.0,0,1
0.99999577,0,1
0.9999963,0,1
0.9999999,0,1
1.0,0,1
1.0,0,1
1.0,0,1
1.0,0,1
1.0,0,1
1.0,0,1
0.9117474,0,1
0.9999999,0,1
1.0,0,1
1.0,0,1
1.0,0,1
1.0,0,1
1.0,0,1
0.98040944,0,1
0.9976982,0,1
1.0,0,1
1.0,0,1
1.0,0,1
1.0,0,1
0.9923612,0,1
0.99999976,0,1
1.0,0,1
1.0,0,1
1.0,0,1
1.0,0,1
1.0,0,1
1.0,0,1
1.0,0,1
1.0,0,1
1.0,0,1
1.0,0,1
1.0,0,1
1.0,0,1
1.0,0,1
1.0,0,1
1.0,0,1
0.9999999,0,1
1.0,0,1
1.0,0,1
1.0,0,1
1.0,0,1
0.999099,0,1
0.9954945,0,1
1.0,0,1
0.9999969,0,1
0.8711761,0,1
0.9999967,0,1
0.9999999,0,1
1.0,0,1
1.0,0,1
1.0,0,1
0.99999505,0,1
1.0,0,1
1.0,0,1
1.0,0,1
1.0,0,1
1.0,0,1
0.99969107,0,1
1.0,0,1
1.0,0,1
0.99999774,0,1
0.999894,0,1
0.99999994,0,1
1.0,0,1
1.0,0,1
1.0,0,1
0.9999774,0,1
0.9826427,0,1
1.0,0,1
1.0,0,1
1.0,0,1
1.0,0,1
1.0,0,1
1.0,0,1
1.0,0,1
1.0,0,1
1.0,0,1
1.0,0,1
1.0,0,1
1.0,0,1
1.0,0,1
0.99999803,0,1
1.0,0,1
1.0,0,1
1.0,0,1
1.0,0,1
1.0,0,1
1.0,0,1
1.0,0,1
1.0,0,1
0.99999994,0,1
0.999999,0,1
0.99999994,0,1
1.0,0,1
1.0,0,1
0.99994576,0,1
0.99710333,0,1
1.0,0,1
1.0,0,1
0.9999879,0,1
1.0,0,1
1.0,0,1
1.0,0,1
1.0,0,1
1.0,0,1
1.0,0,1
1.0,0,1
1.0,0,1
1.0,0,1
1.0,0,1
1.0,0,1
0.99892133,0,1
0.9989196,0,1
0.9997418,0,1
1.0,0,1
1.0,0,1
1.0,0,1
1.0,0,1
1.0,0,1
1.0,0,1
1.0,0,1
1.0,0,1
1.0,0,1
1.0,0,1
1.0,0,1
1.0,0,1
0.99999654,0,1
1.0,0,1
1.0,0,1
1.0,0,1
1.0,0,1
1.0,0,1
1.0,0,1
1.0,0,1
1.0,0,1
1.0,0,1
1.0,0,1
1.0,0,1
1.0,0,1
0.9999995,0,1
0.9999994,0,1
1.0,0,1
1.0,0,1
1.0,0,1
1.0,0,1
0.99999964,0,1
1.0,0,1
0.9999999,0,1
1.0,0,1
1.0,0,1
1.0,0,1
1.0,0,1
1.0,0,1
1.0,0,1
1.0,0,1
1.0,0,1
0.99999994,0,1
0.9975766,0,1
0.99963206,0,1
0.9999955,0,1
0.9988658,0,1
1.0,0,1
1.0,0,1
1.0,0,1
1.0,0,1
1.0,0,1
0.97727937,0,1
1.0,0,1
1.0,0,1
1.0,0,1
1.0,0,1
1.0,0,1
1.0,0,1
1.0,0,1
1.0,0,1
1.0,0,1
0.9999996,0,1
0.99954003,0,1
0.9861582,0,1
1.0,0,1
1.0,0,1
1.0,0,1
0.99897087,0,1
1.0,0,1
1.0,0,1
1.0,0,1
1.0,0,1
1.0,0,1
1.0,0,1
1.0,0,1
1.0,0,1
1.0,0,1
1.0,0,1
1.0,0,1
1.0,0,1
1.0,0,1
1.0,0,1
0.9987336,0,1
0.99936557,0,1
1.0,0,1
0.99999994,0,1
0.9960209,0,1
1.0,0,1
1.0,0,1
1.0,0,1
1.0,0,1
0.9113091,0,1
0.9999997,0,1
1.0,0,1
1.0,0,1
0.99722224,0,1
0.9999998,0,1
0.99999905,0,1
1.0,0,1
1.0,0,1
1.0,0,1
0.9996858,0,1
1.0,0,1
1.0,0,1
1.0,0,1
1.0,0,1
1.0,0,1
1.0,0,1
1.0,0,1
1.0,0,1
1.0,0,1
1.0,0,1
0.99999994,0,1
1.0,0,1
1.0,0,1
1.0,0,1
1.0,0,1
1.0,0,1
1.0,0,1
1.0,0,1
0.9999793,0,1
0.9985124,0,1
0.99999005,0,1
1.0,0,1
1.0,0,1
1.0,0,1
1.0,0,1
1.0,0,1
1.0,0,1
1.0,0,1
1.0,0,1
1.0,0,1
1.0,0,1
1.0,0,1
1.0,0,1
1.0,0,1
1.0,0,1
1.0,0,1
1.0,0,1
1.0,0,1
1.0,0,1
1.0,0,1
1.0,0,1
1.0,0,1
1.0,0,1
1.0,0,1
0.7602302,0,1
0.68925023,0,1
0.9950232,0,1
1.0,0,1
1.0,0,1
1.0,0,1
1.0,0,1
1.0,0,1
1.0,0,1
1.0,0,1
1.0,0,1
1.0,0,1
1.0,0,1
1.0,0,1
1.0,0,1
1.0,0,1
0.99999887,0,1
0.97888505,0,1
1.0,0,1
0.99999994,0,1
0.9999935,0,1
1.0,0,1
1.0,0,1
1.0,0,1
1.0,0,1
1.0,0,1
1.0,0,1
1.0,0,1
1.0,0,1
1.0,0,1
1.0,0,1
1.0,0,1
1.0,0,1
1.0,0,1
1.0,0,1
0.8485468,0,1
0.9993283,0,1
1.0,0,1
1.0,0,1
1.0,0,1
1.0,0,1
1.0,0,1
1.0,0,1
1.0,0,1
1.0,0,1
1.0,0,1
1.0,0,1
1.0,0,1
0.99999994,0,1
0.99999994,0,1
1.0,0,1
1.0,0,1
1.0,0,1
1.0,0,1
1.0,0,1
0.99999994,0,1
1.0,0,1
1.0,0,1
1.0,0,1
1.0,0,1
0.9999995,0,1
0.9998016,0,1
1.0,0,1
1.0,0,1
1.0,0,1
1.0,0,1
1.0,0,1
1.0,0,1
1.0,0,1
1.0,0,1
1.0,0,1
1.0,0,1
1.0,0,1
1.0,0,1
0.99999994,0,1
0.99999654,0,1
0.99998707,0,1
1.0,0,1
1.0,0,1
1.0,0,1
1.0,0,1
1.0,0,1
1.0,0,1
1.0,0,1
1.0,0,1
1.0,0,1
0.9999875,0,1
1.0,0,1
1.0,0,1
1.0,0,1
1.0,0,1
0.99959815,0,1
1.0,0,1
1.0,0,1
1.0,0,1
1.0,0,1
0.9429582,0,1
0.94321793,0,1
0.9999995,0,1
1.0,0,1
1.0,0,1
0.9972128,0,1
0.9999431,0,1
1.0,0,1
1.0,0,1
1.0,0,1
1.0,0,1
1.0,0,1
1.0,0,1
0.9939169,0,1
0.9912356,0,1
1.0,0,1
1.0,0,1
0.9999998,0,1
0.99999994,0,1
1.0,0,1
1.0,0,1
0.9936862,0,1
1.0,0,1
1.0,0,1
1.0,0,1
1.0,0,1
1.0,0,1
1.0,0,1
0.9999999,0,1
0.99999994,0,1
1.0,0,1
1.0,0,1
1.0,0,1
1.0,0,1
1.0,0,1
1.0,0,1
1.0,0,1
1.0,0,1
1.0,0,1
0.99951756,0,1
1.0,0,1
1.0,0,1
1.0,0,1
1.0,0,1
1.0,0,1
0.99997157,0,1
1.0,0,1
1.0,0,1
0.9999998,0,1
1.0,0,1
1.0,0,1
1.0,0,1
0.9999704,0,1
0.99999857,0,1
0.9999579,0,1
0.99999994,0,1
0.99999994,0,1
1.0,0,1
1.0,0,1
1.0,0,1
1.0,0,1
1.0,0,1
1.0,0,1
1.0,0,1
1.0,0,1
1.0,0,1
1.0,0,1
1.0,0,1
1.0,0,1
1.0,0,1
1.0,0,1
1.0,0,1
1.0,0,1
0.99999857,0,1
1.0,0,1
0.9999984,0,1
1.0,0,1
1.0,0,1
1.0,0,1
1.0,0,1
1.0,0,1
1.0,0,1
1.0,0,1
0.9994452,0,1
0.99999976,0,1
1.0,0,1
1.0,0,1
1.0,0,1
1.0,0,1
1.0,0,1
1.0,0,1
1.0,0,1
0.97615045,0,1
1.0,0,1
0.99999857,0,1
0.9998638,0,1
1.0,0,1
1.0,0,1
1.0,0,1
0.99999994,0,1
1.0,0,1
1.0,0,1
1.0,0,1
1.0,0,1
1.0,0,1
0.98201627,0,1
0.99999976,0,1
1.0,0,1
1.0,0,1
1.0,0,1
0.99999434,0,1
1.0,0,1
1.0,0,1
1.0,0,1
1.0,0,1
1.0,0,1
1.0,0,1
0.9999999,0,1
0.98227894,0,1
0.9380241,0,1
0.99999976,0,1
1.0,0,1
1.0,0,1
0.9999999,0,1
0.99971014,0,1
1.0,0,1
1.0,0,1
1.0,0,1
0.9999996,0,1
0.8677596,0,1
0.9999938,0,1
1.0,0,1
1.0,0,1
0.9999993,0,1
0.99999756,0,1
0.99999994,0,1
0.9994498,0,1
1.0,0,1
1.0,0,1
0.9999984,0,1
1.0,0,1
1.0,0,1
1.0,0,1
1.0,0,1
0.9999943,0,1
0.998473,0,1
1.0,0,1
1.0,0,1
1.0,0,1
1.0,0,1
1.0,0,1
1.0,0,1
0.98021,0,1
0.99999356,0,1
1.0,0,1
1.0,0,1
1.0,0,1
1.0,0,1
1.0,0,1
1.0,0,1
1.0,0,1
0.9999999,0,1
0.9999998,0,1
1.0,0,1
1.0,0,1
0.9974007,0,1
1.0,0,1
1.0,0,1
1.0,0,1
1.0,0,1
1.0,0,1
1.0,0,1
1.0,0,1
0.9999978,0,1
0.99999934,0,1
0.998926,0,1
0.65085113,0,1
0.9150319,0,1
1.0,0,1
1.0,0,1
1.0,0,1
0.99999994,0,1
0.9997956,0,1
1.0,0,1
1.0,0,1
1.0,0,1
1.0,0,1
1.0,0,1
1.0,0,1
0.9999923,0,1
1.0,0,1
1.0,0,1
1.0,0,1
1.0,0,1
1.0,0,1
1.0,0,1
1.0,0,1
1.0,0,1
1.0,0,1
1.0,0,1
1.0,0,1
0.99999905,0,1
0.99999946,0,1
0.9999214,0,1
1.0,0,1
1.0,0,1
1.0,0,1
0.9999995,0,1
0.9999453,0,1
0.99999976,0,1
1.0,0,1
1.0,0,1
1.0,0,1
1.0,0,1
0.9999999,0,1
1.0,0,1
1.0,0,1
0.99920726,0,1
1.0,0,1
1.0,0,1
1.0,0,1
1.0,0,1
1.0,0,1
1.0,0,1
1.0,0,1
1.0,0,1
1.0,0,1
0.99999964,0,1
0.9969529,0,1
0.9992595,0,1
0.9999999,0,1
1.0,0,1
1.0,0,1
1.0,0,1
1.0,0,1
1.0,0,1
1.0,0,1
1.0,0,1
1.0,0,1
0.999999,0,1
1.0,0,1
1.0,0,1
1.0,0,1
1.0,0,1
1.0,0,1
1.0,0,1
0.9999999,0,1
1.0,0,1
1.0,0,1
0.99999815,0,1
1.0,0,1
1.0,0,1
1.0,0,1
1.0,0,1
1.0,0,1
1.0,0,1
1.0,0,1
1.0,0,1
1.0,0,1
1.0,0,1
1.0,0,1
0.9999971,0,1
0.9999977,0,1
0.9999992,0,1
0.9999785,0,1
1.0,0,1
1.0,0,1
1.0,0,1
1.0,0,1
1.0,0,1
1.0,0,1
1.0,0,1
1.0,0,1
1.0,0,1
1.0,0,1
0.99999994,0,1
1.0,0,1
1.0,0,1
1.0,0,1
1.0,0,1
1.0,0,1
1.0,0,1
1.0,0,1
1.0,0,1
1.0,0,1
1.0,0,1
1.0,0,1
0.99999994,0,1
1.0,0,1
1.0,0,1
1.0,0,1
0.99996436,0,1
0.9999214,0,1
1.0,0,1
1.0,0,1
1.0,0,1
1.0,0,1
1.0,0,1
1.0,0,1
1.0,0,1
0.9999087,0,1
0.9999566,0,1
1.0,0,1
1.0,0,1
1.0,0,1
1.0,0,1
1.0,0,1
1.0,0,1
1.0,0,1
1.0,0,1
1.0,0,1
1.0,0,1
1.0,0,1
1.0,0,1
1.0,0,1
1.0,0,1
1.0,0,1
1.0,0,1
1.0,0,1
1.0,0,1
0.9999999,0,1
1.0,0,1
1.0,0,1
1.0,0,1
1.0,0,1
1.0,0,1
1.0,0,1
1.0,0,1
1.0,0,1
1.0,0,1
1.0,0,1
1.0,0,1
1.0,0,1
1.0,0,1
1.0,0,1
1.0,0,1
1.0,0,1
1.0,0,1
1.0,0,1
0.99999076,0,1
0.99993664,0,1
1.0,0,1
1.0,0,1
0.9999999,0,1
0.99999845,0,1
0.9999999,0,1
1.0,0,1
1.0,0,1
0.9999989,0,1
0.99995774,0,1
1.0,0,1
1.0,0,1
1.0,0,1
1.0,0,1
1.0,0,1
1.0,0,1
1.0,0,1
1.0,0,1
1.0,0,1
1.0,0,1
1.0,0,1
1.0,0,1
1.0,0,1
1.0,0,1
1.0,0,1
1.0,0,1
1.0,0,1
1.0,0,1
1.0,0,1
1.0,0,1
1.0,0,1
1.0,0,1
0.9999999,0,1
1.0,0,1
1.0,0,1
1.0,0,1
1.0,0,1
1.0,0,1
1.0,0,1
1.0,0,1
1.0,0,1
1.0,0,1
1.0,0,1
1.0,0,1
1.0,0,1
1.0,0,1
1.0,0,1
1.0,0,1
0.99999857,0,1
1.0,0,1
1.0,0,1
1.0,0,1
0.9999567,0,1
1.0,0,1
1.0,0,1
1.0,0,1
1.0,0,1
1.0,0,1
1.0,0,1
1.0,0,1
1.0,0,1
1.0,0,1
1.0,0,1
1.0,0,1
1.0,0,1
1.0,0,1
1.0,0,1
1.0,0,1
1.0,0,1
1.0,0,1
0.99999017,0,1
1.0,0,1
1.0,0,1
0.9999982,0,1
1.0,0,1
1.0,0,1
1.0,0,1
1.0,0,1
1.0,0,1
1.0,0,1
1.0,0,1
0.99999994,0,1
0.9999987,0,1
0.9995428,0,1
1.0,0,1
1.0,0,1
1.0,0,1
1.0,0,1
1.0,0,1
0.9999964,0,1
0.99999946,0,1
1.0,0,1
1.0,0,1
0.99999243,0,1
1.0,0,1
1.0,0,1
0.99999994,0,1
1.0,0,1
1.0,0,1
1.0,0,1
1.0,0,1
0.9999993,0,1
1.0,0,1
1.0,0,1
0.9999228,0,1
1.0,0,1
1.0,0,1
0.9999998,0,1
1.0,0,1
1.0,0,1
1.0,0,1
0.99999994,0,1
0.9999999,0,1
1.0,0,1
1.0,0,1
1.0,0,1
1.0,0,1
1.0,0,1
1.0,0,1
1.0,0,1
1.0,0,1
1.0,0,1
1.0,0,1
1.0,0,1
1.0,0,1
1.0,0,1
1.0,0,1
1.0,0,1
1.0,0,1
1.0,0,1
1.0,0,1
1.0,0,1
0.9727823,0,1
0.99999994,0,1
1.0,0,1
0.9999973,0,1
1.0,0,1
1.0,0,1
1.0,0,1
1.0,0,1
1.0,0,1
1.0,0,1
1.0,0,1
1.0,0,1
1.0,0,1
1.0,0,1
1.0,0,1
1.0,0,1
1.0,0,1
1.0,0,1
1.0,0,1
1.0,0,1
1.0,0,1
1.0,0,1
1.0,0,1
1.0,0,1
1.0,0,1
1.0,0,1
1.0,0,1
1.0,0,1
1.0,0,1
1.0,0,1
1.0,0,1
1.0,0,1
1.0,0,1
1.0,0,1
1.0,0,1
1.0,0,1
1.0,0,1
1.0,0,1
1.0,0,1
1.0,0,1
1.0,0,1
1.0,0,1
1.0,0,1
1.0,0,1
1.0,0,1
1.0,0,1
1.0,0,1
1.0,0,1
1.0,0,1
1.0,0,1
1.0,0,1
1.0,0,1
1.0,0,1
1.0,0,1
1.0,0,1
1.0,0,1
1.0,0,1
1.0,0,1
1.0,0,1
1.0,0,1
0.99999964,0,1
1.0,0,1
1.0,0,1
1.0,0,1
1.0,0,1
1.0,0,1
1.0,0,1
1.0,0,1
1.0,0,1
1.0,0,1
1.0,0,1
1.0,0,1
1.0,0,1
1.0,0,1
1.0,0,1
1.0,0,1
1.0,0,1
1.0,0,1
1.0,0,1
1.0,0,1
1.0,0,1
1.0,0,1
1.0,0,1
1.0,0,1
1.0,0,1
1.0,0,1
1.0,0,1
1.0,0,1
1.0,0,1
1.0,0,1
1.0,0,1
1.0,0,1
1.0,0,1
1.0,0,1
0.99999976,0,1
0.9999826,0,1
1.0,0,1
1.0,0,1
1.0,0,1
1.0,0,1
1.0,0,1
1.0,0,1
1.0,0,1
1.0,0,1
1.0,0,1
1.0,0,1
1.0,0,1
0.99999183,0,1
1.0,0,1
1.0,0,1
1.0,0,1
0.9999986,0,1
1.0,0,1
1.0,0,1
0.9999863,0,1
1.0,0,1
1.0,0,1
1.0,0,1
1.0,0,1
1.0,0,1
1.0,0,1
1.0,0,1
1.0,0,1
1.0,0,1
1.0,0,1
1.0,0,1
1.0,0,1
1.0,0,1
1.0,0,1
1.0,0,1
1.0,0,1
0.99999905,0,1
1.0,0,1
1.0,0,1
1.0,0,1
1.0,0,1
1.0,0,1
1.0,0,1
0.9954525,0,1
1.0,0,1
1.0,0,1
1.0,0,1
1.0,0,1
1.0,0,1
0.99999946,0,1
1.0,0,1
0.99999976,0,1
1.0,0,1
1.0,0,1
0.9988411,0,1
1.0,0,1
1.0,0,1
0.9999999,0,1
1.0,0,1
1.0,0,1
1.0,0,1
1.0,0,1
1.0,0,1
1.0,0,1
1.0,0,1
1.0,0,1
1.0,0,1
0.9999995,0,1
0.99999994,0,1
0.9999996,0,1
1.0,0,1
1.0,0,1
0.9999976,0,1
0.9955519,0,1
1.0,0,1
1.0,0,1
1.0,0,1
1.0,0,1
1.0,0,1
1.0,0,1
1.0,0,1
1.0,0,1
1.0,0,1
1.0,0,1
1.0,0,1
1.0,0,1
1.0,0,1
1.0,0,1
1.0,0,1
0.9999999,0,1
0.99983686,0,1
0.9698141,0,1
1.0,0,1
1.0,0,1
0.99999857,0,1
1.0,0,1
1.0,0,1
1.0,0,1
1.0,0,1
1.0,0,1
1.0,0,1
1.0,0,1
1.0,0,1
1.0,0,1
1.0,0,1
1.0,0,1
1.0,0,1
1.0,0,1
0.99999994,0,1
1.0,0,1
1.0,0,1
1.0,0,1
1.0,0,1
1.0,0,1
1.0,0,1
0.9999997,0,1
0.99996424,0,1
0.99999994,0,1
1.0,0,1
1.0,0,1
0.99999976,0,1
1.0,0,1
1.0,0,1
1.0,0,1
1.0,0,1
1.0,0,1
1.0,0,1
0.9987669,0,1
1.0,0,1
1.0,0,1
1.0,0,1
1.0,0,1
1.0,0,1
1.0,0,1
1.0,0,1
1.0,0,1
1.0,0,1
1.0,0,1
1.0,0,1
1.0,0,1
1.0,0,1
1.0,0,1
1.0,0,1
1.0,0,1
1.0,0,1
1.0,0,1
1.0,0,1
1.0,0,1
1.0,0,1
1.0,0,1
1.0,0,1
1.0,0,1
1.0,0,1
1.0,0,1
0.99999994,0,1
0.9999517,0,1
1.0,0,1
0.99999994,0,1
1.0,0,1
1.0,0,1
1.0,0,1
0.9999886,0,1
0.9999993,0,1
0.9999994,0,1
1.0,0,1
1.0,0,1
1.0,0,1
1.0,0,1
1.0,0,1
1.0,0,1
1.0,0,1
1.0,0,1
0.9999926,0,1
0.9931826,0,1
1.0,0,1
1.0,0,1
0.9999999,0,1
1.0,0,1
1.0,0,1
0.99999183,0,1
0.99999994,0,1
1.0,0,1
1.0,0,1
1.0,0,1
1.0,0,1
0.99999857,0,1
0.9999964,0,1
1.0,0,1
1.0,0,1
1.0,0,1
0.999998,0,1
1.0,0,1
1.0,0,1
1.0,0,1
1.0,0,1
1.0,0,1
1.0,0,1
1.0,0,1
1.0,0,1
1.0,0,1
0.7898526,0,1
0.99094987,0,1
0.99999994,0,1
1.0,0,1
1.0,0,1
1.0,0,1
0.99999946,0,1
0.99999994,0,1
1.0,0,1
0.9999988,0,1
0.9999941,0,1
0.99998647,0,1
1.0,0,1
1.0,0,1
1.0,0,1
0.9999998,0,1
0.99993676,0,1
1.0,0,1
1.0,0,1
1.0,0,1
1.0,0,1
1.0,0,1
1.0,0,1
1.0,0,1
0.9995812,0,1
0.99993235,0,1
1.0,0,1
1.0,0,1
0.99995416,0,1
0.99999994,0,1
0.99999994,0,1
1.0,0,1
1.0,0,1
1.0,0,1
1.0,0,1
1.0,0,1
1.0,0,1
0.99999946,0,1
0.99885315,0,1
0.9999855,0,1
1.0,0,1
1.0,0,1
1.0,0,1
1.0,0,1
1.0,0,1
1.0,0,1
1.0,0,1
1.0,0,1
1.0,0,1
1.0,0,1
1.0,0,1
1.0,0,1
1.0,0,1
0.99999994,0,1
1.0,0,1
1.0,0,1
1.0,0,1
1.0,0,1
1.0,0,1
0.99995935,0,1
0.99999475,0,1
1.0,0,1
1.0,0,1
1.0,0,1
1.0,0,1
1.0,0,1
0.99999934,0,1
1.0,0,1
1.0,0,1
1.0,0,1
1.0,0,1
1.0,0,1
1.0,0,1
1.0,0,1
1.0,0,1
0.99999994,0,1
0.9999906,0,1
0.9999994,0,1
0.99999815,0,1
1.0,0,1
1.0,0,1
1.0,0,1
0.99999994,0,1
1.0,0,1
1.0,0,1
1.0,0,1
1.0,0,1
1.0,0,1
0.9999989,0,1
1.0,0,1
1.0,0,1
1.0,0,1
1.0,0,1
1.0,0,1
1.0,0,1
1.0,0,1
1.0,0,1
1.0,0,1
1.0,0,1
1.0,0,1
1.0,0,1
1.0,0,1
0.99999994,0,1
1.0,0,1
0.99982154,0,1
0.99999136,0,1
1.0,0,1
1.0,0,1
1.0,0,1
0.99999994,0,1
0.9999993,0,1
1.0,0,1
1.0,0,1
1.0,0,1
1.0,0,1
1.0,0,1
1.0,0,1
1.0,0,1
1.0,0,1
0.99999994,0,1
0.9999996,0,1
1.0,0,1
0.99999994,0,1
1.0,0,1
1.0,0,1
1.0,0,1
1.0,0,1
1.0,0,1
1.0,0,1
1.0,0,1
0.99999946,0,1
0.9999983,0,1
1.0,0,1
1.0,0,1
1.0,0,1
0.99999845,0,1
1.0,0,1
1.0,0,1
0.9999997,0,1
1.0,0,1
1.0,0,1
1.0,0,1
1.0,0,1
0.99999964,0,1
0.9999994,0,1
0.99999994,0,1
0.99965644,0,1
1.0,0,1
1.0,0,1
1.0,0,1
1.0,0,1
1.0,0,1
1.0,0,1
1.0,0,1
1.0,0,1
1.0,0,1
1.0,0,1
1.0,0,1
1.0,0,1
0.99999434,0,1
0.99982685,0,1
1.0,0,1
0.9999993,0,1
0.99980843,0,1
1.0,0,1
1.0,0,1
1.0,0,1
0.9999999,0,1
0.99999994,0,1
0.99999994,0,1
0.9999892,0,1
1.0,0,1
1.0,0,1
1.0,0,1
1.0,0,1
1.0,0,1
1.0,0,1
1.0,0,1
1.0,0,1
0.99999994,0,1
1.0,0,1
1.0,0,1
1.0,0,1
1.0,0,1
1.0,0,1
1.0,0,1
1.0,0,1
1.0,0,1
1.0,0,1
1.0,0,1
1.0,0,1
1.0,0,1
1.0,0,1
1.0,0,1
1.0,0,1
1.0,0,1
1.0,0,1
1.0,0,1
0.9999999,0,1
1.0,0,1
1.0,0,1
1.0,0,1
1.0,0,1
1.0,0,1
0.99999994,0,1
1.0,0,1
1.0,0,1
0.99999994,0,1
1.0,0,1
1.0,0,1
1.0,0,1
1.0,0,1
0.9999992,0,1
1.0,0,1
1.0,0,1
1.0,0,1
1.0,0,1
1.0,0,1
1.0,0,1
1.0,0,1
1.0,0,1
1.0,0,1
1.0,0,1
1.0,0,1
1.0,0,1
1.0,0,1
0.99999905,0,1
1.0,0,1
1.0,0,1
0.9999999,0,1
1.0,0,1
1.0,0,1
1.0,0,1
1.0,0,1
1.0,0,1
1.0,0,1
1.0,0,1
1.0,0,1
1.0,0,1
1.0,0,1
1.0,0,1
1.0,0,1
1.0,0,1
1.0,0,1
1.0,0,1
1.0,0,1
0.99999654,0,1
0.99999976,0,1
0.9999997,0,1
0.9999958,0,1
0.99999994,0,1
1.0,0,1
1.0,0,1
1.0,0,1
0.9999999,0,1
1.0,0,1
1.0,0,1
1.0,0,1
1.0,0,1
1.0,0,1
1.0,0,1
1.0,0,1
1.0,0,1
1.0,0,1
1.0,0,1
1.0,0,1
1.0,0,1
1.0,0,1
1.0,0,1
1.0,0,1
1.0,0,1
1.0,0,1
1.0,0,1
0.9999987,0,1
1.0,0,1
1.0,0,1
0.99999994,0,1
0.9999992,0,1
1.0,0,1
1.0,0,1
1.0,0,1
1.0,0,1
0.99999994,0,1
0.9999999,0,1
0.999996,0,1
0.99999845,0,1
0.99999833,0,1
1.0,0,1
1.0,0,1
1.0,0,1
1.0,0,1
1.0,0,1
1.0,0,1
1.0,0,1
1.0,0,1
1.0,0,1
1.0,0,1
1.0,0,1
1.0,0,1
1.0,0,1
1.0,0,1
1.0,0,1
1.0,0,1
1.0,0,1
1.0,0,1
1.0,0,1
1.0,0,1
1.0,0,1
1.0,0,1
1.0,0,1
1.0,0,1
1.0,0,1
1.0,0,1
0.99962056,0,1
0.9997117,0,1
1.0,0,1
1.0,0,1
1.0,0,1
1.0,0,1
1.0,0,1
1.0,0,1
1.0,0,1
1.0,0,1
1.0,0,1
0.99999976,0,1
0.99999815,0,1
1.0,0,1
1.0,0,1
1.0,0,1
1.0,0,1
1.0,0,1
1.0,0,1
1.0,0,1
1.0,0,1
1.0,0,1
1.0,0,1
0.99999976,0,1
0.9999989,0,1
0.9998478,0,1
1.0,0,1
1.0,0,1
1.0,0,1
1.0,0,1
1.0,0,1
1.0,0,1
0.99999994,0,1
0.9999611,0,1
0.99999994,0,1
1.0,0,1
1.0,0,1
1.0,0,1
1.0,0,1
1.0,0,1
1.0,0,1
1.0,0,1
1.0,0,1
1.0,0,1
0.99998957,0,1
0.99999374,0,1
1.0,0,1
1.0,0,1
0.99999994,0,1
1.0,0,1
0.99999875,0,1
1.0,0,1
1.0,0,1
1.0,0,1
1.0,0,1
0.99999994,0,1
1.0,0,1
0.9999469,0,1
0.99999905,0,1
1.0,0,1
0.99999994,0,1
1.0,0,1
1.0,0,1
1.0,0,1
0.9999171,0,1
0.9999785,0,1
1.0,0,1
1.0,0,1
0.999582,0,1
0.9959235,0,1
1.0,0,1
1.0,0,1
1.0,0,1
1.0,0,1
1.0,0,1
1.0,0,1
1.0,0,1
1.0,0,1
1.0,0,1
1.0,0,1
1.0,0,1
1.0,0,1
1.0,0,1
1.0,0,1
0.9999999,0,1
1.0,0,1
0.9999987,0,1
1.0,0,1
1.0,0,1
0.9999999,0,1
1.0,0,1
0.9999995,0,1
0.9997416,0,1
0.999999,0,1
1.0,0,1
1.0,0,1
0.999982,0,1
1.0,0,1
1.0,0,1
1.0,0,1
1.0,0,1
1.0,0,1
1.0,0,1
1.0,0,1
1.0,0,1
1.0,0,1
1.0,0,1
1.0,0,1
1.0,0,1
0.9999999,0,1
0.99999976,0,1
1.0,0,1
1.0,0,1
0.9999995,0,1
0.9993999,0,1
0.99999917,0,1
1.0,0,1
0.99998826,0,1
0.99999917,0,1
0.92373115,0,1
1.0,0,1
1.0,0,1
1.0,0,1
1.0,0,1
1.0,0,1
1.0,0,1
1.0,0,1
1.0,0,1
1.0,0,1
1.0,0,1
1.0,0,1
0.99999994,0,1
1.0,0,1
1.0,0,1
1.0,0,1
0.9999958,0,1
1.0,0,1
1.0,0,1
1.0,0,1
1.0,0,1
1.0,0,1
1.0,0,1
1.0,0,1
1.0,0,1
1.0,0,1
1.0,0,1
1.0,0,1
1.0,0,1
1.0,0,1
1.0,0,1
1.0,0,1
1.0,0,1
1.0,0,1
1.0,0,1
1.0,0,1
1.0,0,1
1.0,0,1
1.0,0,1
1.0,0,1
1.0,0,1
1.0,0,1
1.0,0,1
1.0,0,1
1.0,0,1
1.0,0,1
1.0,0,1
0.9999981,0,1
1.0,0,1
1.0,0,1
0.9999983,0,1
0.9999998,0,1
1.0,0,1
1.0,0,1
1.0,0,1
1.0,0,1
1.0,0,1
1.0,0,1
1.0,0,1
1.0,0,1
0.99999624,0,1
1.0,0,1
1.0,0,1
1.0,0,1
1.0,0,1
1.0,0,1
1.0,0,1
0.999981,0,1
1.0,0,1
1.0,0,1
0.9999996,0,1
0.99999946,0,1
1.0,0,1
1.0,0,1
1.0,0,1
1.0,0,1
1.0,0,1
1.0,0,1
1.0,0,1
1.0,0,1
0.9999981,0,1
0.9999356,0,1
0.999987,0,1
0.99936646,0,1
0.997684,0,1
1.0,0,1
1.0,0,1
1.0,0,1
1.0,0,1
1.0,0,1
1.0,0,1
1.0,0,1
1.0,0,1
0.9999992,0,1
1.0,0,1
1.0,0,1
0.99999976,0,1
1.0,0,1
1.0,0,1
0.99997956,0,1
0.9999999,0,1
1.0,0,1
1.0,0,1
1.0,0,1
1.0,0,1
1.0,0,1
1.0,0,1
1.0,0,1
1.0,0,1
1.0,0,1
1.0,0,1
1.0,0,1
1.0,0,1
1.0,0,1
1.0,0,1
1.0,0,1
1.0,0,1
1.0,0,1
0.9999996,0,1
0.9999994,0,1
0.9999932,0,1
0.99999994,0,1
1.0,0,1
1.0,0,1
0.99999976,0,1
0.99998784,0,1
0.99982476,0,1
0.99999994,0,1
1.0,0,1
1.0,0,1
1.0,0,1
1.0,0,1
1.0,0,1
1.0,0,1
1.0,0,1
0.99999195,0,1
1.0,0,1
1.0,0,1
0.99999976,0,1
1.0,0,1
1.0,0,1
1.0,0,1
1.0,0,1
1.0,0,1
1.0,0,1
1.0,0,1
1.0,0,1
1.0,0,1
1.0,0,1
1.0,0,1
1.0,0,1
1.0,0,1
1.0,0,1
1.0,0,1
1.0,0,1
1.0,0,1
1.0,0,1
1.0,0,1
0.99999946,0,1
1.0,0,1
0.9999999,0,1
1.0,0,1
1.0,0,1
1.0,0,1
1.0,0,1
0.99999994,0,1
1.0,0,1
1.0,0,1
1.0,0,1
1.0,0,1
1.0,0,1
1.0,0,1
0.9999773,0,1
1.0,0,1
1.0,0,1
1.0,0,1
1.0,0,1
1.0,0,1
0.9998983,0,1
1.0,0,1
1.0,0,1
1.0,0,1
1.0,0,1
1.0,0,1
1.0,0,1
1.0,0,1
1.0,0,1
1.0,0,1
1.0,0,1
1.0,0,1
1.0,0,1
1.0,0,1
1.0,0,1
1.0,0,1
0.9999985,0,1
0.9988811,0,1
1.0,0,1
1.0,0,1
1.0,0,1
1.0,0,1
1.0,0,1
1.0,0,1
1.0,0,1
1.0,0,1
1.0,0,1
1.0,0,1
0.99999905,0,1
1.0,0,1
1.0,0,1
1.0,0,1
1.0,0,1
1.0,0,1
1.0,0,1
1.0,0,1
0.99999005,0,1
0.9994807,0,1
0.99999976,0,1
1.0,0,1
1.0,0,1
1.0,0,1
1.0,0,1
1.0,0,1
0.99999505,0,1
0.9999224,0,1
0.9999596,0,1
0.9989278,0,1
0.9999999,0,1
1.0,0,1
0.99999654,0,1
0.99999934,0,1
1.0,0,1
1.0,0,1
1.0,0,1
1.0,0,1
1.0,0,1
0.99999475,0,1
0.9998931,0,1
0.99999714,0,1
0.99999994,0,1
1.0,0,1
1.0,0,1
1.0,0,1
1.0,0,1
1.0,0,1
1.0,0,1
1.0,0,1
1.0,0,1
1.0,0,1
1.0,0,1
1.0,0,1
1.0,0,1
1.0,0,1
1.0,0,1
1.0,0,1
1.0,0,1
1.0,0,1
1.0,0,1
1.0,0,1
1.0,0,1
1.0,0,1
1.0,0,1
1.0,0,1
1.0,0,1
0.99999315,0,1
0.99999964,0,1
1.0,0,1
1.0,0,1
1.0,0,1
1.0,0,1
1.0,0,1
1.0,0,1
1.0,0,1
1.0,0,1
1.0,0,1
1.0,0,1
1.0,0,1
1.0,0,1
1.0,0,1
1.0,0,1
1.0,0,1
1.0,0,1
1.0,0,1
1.0,0,1
0.9999521,0,1
1.0,0,1
1.0,0,1
1.0,0,1
1.0,0,1
1.0,0,1
0.9999999,0,1
1.0,0,1
1.0,0,1
1.0,0,1
1.0,0,1
1.0,0,1
1.0,0,1
1.0,0,1
1.0,0,1
1.0,0,1
1.0,0,1
1.0,0,1
1.0,0,1
1.0,0,1
1.0,0,1
0.9999999,0,1
1.0,0,1
1.0,0,1
1.0,0,1
1.0,0,1
1.0,0,1
1.0,0,1
1.0,0,1
1.0,0,1
0.9999781,0,1
1.0,0,1
1.0,0,1
1.0,0,1
1.0,0,1
0.99999964,0,1
0.9999992,0,1
0.99173456,0,1
1.0,0,1
1.0,0,1
1.0,0,1
1.0,0,1
1.0,0,1
1.0,0,1
1.0,0,1
1.0,0,1
1.0,0,1
1.0,0,1
1.0,0,1
0.99999845,0,1
1.0,0,1
1.0,0,1
1.0,0,1
1.0,0,1
1.0,0,1
0.9999865,0,1
1.0,0,1
1.0,0,1
1.0,0,1
1.0,0,1
1.0,0,1
1.0,0,1
0.9999968,0,1
1.0,0,1
1.0,0,1
1.0,0,1
1.0,0,1
1.0,0,1
1.0,0,1
1.0,0,1
1.0,0,1
1.0,0,1
1.0,0,1
1.0,0,1
1.0,0,1
1.0,0,1
1.0,0,1
1.0,0,1
1.0,0,1
1.0,0,1
1.0,0,1
1.0,0,1
0.99999636,0,1
0.9999952,0,1
1.0,0,1
1.0,0,1
1.0,0,1
0.9999996,0,1
0.9999996,0,1
0.9999799,0,1
1.0,0,1
0.99999446,0,1
0.9999992,0,1
1.0,0,1
0.9999996,0,1
1.0,0,1
1.0,0,1
1.0,0,1
1.0,0,1
1.0,0,1
1.0,0,1
1.0,0,1
1.0,0,1
1.0,0,1
1.0,0,1
1.0,0,1
1.0,0,1
1.0,0,1
1.0,0,1
1.0,0,1
0.9999885,0,1
0.9999964,0,1
0.98925275,0,1
0.9998944,0,1
1.0,0,1
1.0,0,1
1.0,0,1
0.99999845,0,1
1.0,0,1
1.0,0,1
1.0,0,1
0.99999994,0,1
1.0,0,1
1.0,0,1
1.0,0,1
0.99999887,0,1
0.99999994,0,1
1.0,0,1
1.0,0,1
1.0,0,1
1.0,0,1
1.0,0,1
1.0,0,1
1.0,0,1
1.0,0,1
1.0,0,1
1.0,0,1
1.0,0,1
1.0,0,1
1.0,0,1
1.0,0,1
1.0,0,1
1.0,0,1
1.0,0,1
0.99999994,0,1
0.999953,0,1
0.99999595,0,1
1.0,0,1
1.0,0,1
1.0,0,1
1.0,0,1
1.0,0,1
1.0,0,1
0.99999714,0,1
1.0,0,1
1.0,0,1
1.0,0,1
1.0,0,1
1.0,0,1
1.0,0,1
1.0,0,1
1.0,0,1
1.0,0,1
0.9999999,0,1
1.0,0,1
1.0,0,1
1.0,0,1
1.0,0,1
1.0,0,1
0.99584574,0,1
0.99999845,0,1
1.0,0,1
1.0,0,1
1.0,0,1
1.0,0,1
1.0,0,1
0.99999994,0,1
0.9996374,0,1
0.9999999,0,1
1.0,0,1
1.0,0,1
1.0,0,1
1.0,0,1
1.0,0,1
0.9995619,0,1
0.99999964,0,1
1.0,0,1
1.0,0,1
1.0,0,1
1.0,0,1
1.0,0,1
0.99999994,0,1
0.9999998,0,1
0.99995345,0,1
0.99998033,0,1
1.0,0,1
1.0,0,1
1.0,0,1
1.0,0,1
1.0,0,1
1.0,0,1
1.0,0,1
1.0,0,1
1.0,0,1
1.0,0,1
0.99999994,0,1
0.99999994,0,1
1.0,0,1
1.0,0,1
0.9999988,0,1
1.0,0,1
1.0,0,1
1.0,0,1
1.0,0,1
0.9999995,0,1
1.0,0,1
1.0,0,1
1.0,0,1
1.0,0,1
1.0,0,1
1.0,0,1
1.0,0,1
1.0,0,1
1.0,0,1
1.0,0,1
1.0,0,1
1.0,0,1
1.0,0,1
1.0,0,1
1.0,0,1
1.0,0,1
1.0,0,1
1.0,0,1
1.0,0,1
1.0,0,1
1.0,0,1
1.0,0,1
1.0,0,1
1.0,0,1
1.0,0,1
0.9999994,0,1
1.0,0,1
1.0,0,1
1.0,0,1
1.0,0,1
1.0,0,1
1.0,0,1
1.0,0,1
1.0,0,1
1.0,0,1
0.9999941,0,1
1.0,0,1
1.0,0,1
1.0,0,1
0.9999952,0,1
0.9999996,0,1
1.0,0,1
1.0,0,1
1.0,0,1
1.0,0,1
1.0,0,1
1.0,0,1
1.0,0,1
1.0,0,1
1.0,0,1
1.0,0,1
1.0,0,1
0.9999992,0,1
0.999994,0,1
0.9999999,0,1
1.0,0,1
1.0,0,1
0.99999976,0,1
1.0,0,1
1.0,0,1
1.0,0,1
1.0,0,1
1.0,0,1
1.0,0,1
1.0,0,1
1.0,0,1
1.0,0,1
1.0,0,1
1.0,0,1
1.0,0,1
1.0,0,1
1.0,0,1
1.0,0,1
1.0,0,1
1.0,0,1
1.0,0,1
1.0,0,1
1.0,0,1
1.0,0,1
1.0,0,1
1.0,0,1
1.0,0,1
1.0,0,1
1.0,0,1
1.0,0,1
1.0,0,1
1.0,0,1
1.0,0,1
1.0,0,1
1.0,0,1
1.0,0,1
1.0,0,1
1.0,0,1
1.0,0,1
1.0,0,1
1.0,0,1
1.0,0,1
1.0,0,1
1.0,0,1
1.0,0,1
1.0,0,1
1.0,0,1
1.0,0,1
1.0,0,1
1.0,0,1
1.0,0,1
1.0,0,1
1.0,0,1
1.0,0,1
1.0,0,1
1.0,0,1
1.0,0,1
1.0,0,1
1.0,0,1
1.0,0,1
1.0,0,1
1.0,0,1
1.0,0,1
1.0,0,1
1.0,0,1
1.0,0,1
1.0,0,1
1.0,0,1
1.0,0,1
1.0,0,1
1.0,0,1
1.0,0,1
1.0,0,1
1.0,0,1
1.0,0,1
1.0,0,1
1.0,0,1
1.0,0,1
1.0,0,1
1.0,0,1
1.0,0,1
1.0,0,1
1.0,0,1
1.0,0,1
1.0,0,1
1.0,0,1
1.0,0,1
1.0,0,1
1.0,0,1
1.0,0,1
1.0,0,1
1.0,0,1
1.0,0,1
1.0,0,1
1.0,0,1
1.0,0,1
1.0,0,1
1.0,0,1
1.0,0,1
1.0,0,1
1.0,0,1
0.999997,0,1
1.0,0,1
1.0,0,1
1.0,0,1
1.0,0,1
1.0,0,1
1.0,0,1
1.0,0,1
1.0,0,1
1.0,0,1
1.0,0,1
1.0,0,1
1.0,0,1
1.0,0,1
1.0,0,1
1.0,0,1
1.0,0,1
1.0,0,1
1.0,0,1
1.0,0,1
1.0,0,1
1.0,0,1
1.0,0,1
1.0,0,1
1.0,0,1
1.0,0,1
1.0,0,1
1.0,0,1
1.0,0,1
1.0,0,1
1.0,0,1
1.0,0,1
1.0,0,1
1.0,0,1
1.0,0,1
1.0,0,1
1.0,0,1
1.0,0,1
1.0,0,1
1.0,0,1
1.0,0,1
1.0,0,1
1.0,0,1
1.0,0,1
1.0,0,1
1.0,0,1
1.0,0,1
1.0,0,1
1.0,0,1
1.0,0,1
1.0,0,1
1.0,0,1
1.0,0,1
1.0,0,1
1.0,0,1
1.0,0,1
1.0,0,1
1.0,0,1
1.0,0,1
1.0,0,1
1.0,0,1
1.0,0,1
1.0,0,1
1.0,0,1
1.0,0,1
1.0,0,1
1.0,0,1
1.0,0,1
1.0,0,1
1.0,0,1
1.0,0,1
1.0,0,1
1.0,0,1
1.0,0,1
1.0,0,1
1.0,0,1
1.0,0,1
1.0,0,1
1.0,0,1
1.0,0,1
1.0,0,1
1.0,0,1
1.0,0,1
1.0,0,1
1.0,0,1
1.0,0,1
1.0,0,1
1.0,0,1
1.0,0,1
1.0,0,1
1.0,0,1
1.0,0,1
1.0,0,1
1.0,0,1
1.0,0,1
1.0,0,1
1.0,0,1
1.0,0,1
1.0,0,1
1.0,0,1
1.0,0,1
1.0,0,1
1.0,0,1
1.0,0,1
1.0,0,1
1.0,0,1
1.0,0,1
1.0,0,1
1.0,0,1
1.0,0,1
1.0,0,1
1.0,0,1
1.0,0,1
1.0,0,1
1.0,0,1
1.0,0,1
1.0,0,1
1.0,0,1
1.0,0,1
1.0,0,1
1.0,0,1
1.0,0,1
1.0,0,1
1.0,0,1
1.0,0,1
1.0,0,1
1.0,0,1
1.0,0,1
1.0,0,1
1.0,0,1
1.0,0,1
1.0,0,1
1.0,0,1
1.0,0,1
1.0,0,1
1.0,0,1
1.0,0,1
1.0,0,1
1.0,0,1
1.0,0,1
1.0,0,1
1.0,0,1
1.0,0,1
1.0,0,1
1.0,0,1
1.0,0,1
1.0,0,1
1.0,0,1
1.0,0,1
1.0,0,1
1.0,0,1
1.0,0,1
1.0,0,1
1.0,0,1
1.0,0,1
1.0,0,1
1.0,0,1
1.0,0,1
1.0,0,1
1.0,0,1
1.0,0,1
1.0,0,1
1.0,0,1
1.0,0,1
1.0,0,1
1.0,0,1
1.0,0,1
1.0,0,1
1.0,0,1
1.0,0,1
1.0,0,1
1.0,0,1
1.0,0,1
1.0,0,1
1.0,0,1
1.0,0,1
1.0,0,1
1.0,0,1
1.0,0,1
1.0,0,1
1.0,0,1
1.0,0,1
1.0,0,1
1.0,0,1
1.0,0,1
1.0,0,1
1.0,0,1
1.0,0,1
1.0,0,1
1.0,0,1
1.0,0,1
1.0,0,1
1.0,0,1
1.0,0,1
1.0,0,1
1.0,0,1
1.0,0,1
1.0,0,1
1.0,0,1
1.0,0,1
1.0,0,1
1.0,0,1
1.0,0,1
1.0,0,1
1.0,0,1
1.0,0,1
1.0,0,1
1.0,0,1
1.0,0,1
1.0,0,1
1.0,0,1
1.0,0,1
1.0,0,1
1.0,0,1
1.0,0,1
1.0,0,1
1.0,0,1
1.0,0,1
1.0,0,1
1.0,0,1
1.0,0,1
1.0,0,1
1.0,0,1
1.0,0,1
1.0,0,1
1.0,0,1
1.0,0,1
1.0,0,1
1.0,0,1
1.0,0,1
1.0,0,1
1.0,0,1
1.0,0,1
1.0,0,1
1.0,0,1
1.0,0,1
1.0,0,1
1.0,0,1
1.0,0,1
1.0,0,1
1.0,0,1
1.0,0,1
1.0,0,1
1.0,0,1
1.0,0,1
1.0,0,1
1.0,0,1
1.0,0,1
1.0,0,1
1.0,0,1
1.0,0,1
1.0,0,1
1.0,0,1
1.0,0,1
1.0,0,1
1.0,0,1
1.0,0,1
1.0,0,1
1.0,0,1
1.0,0,1
1.0,0,1
1.0,0,1
1.0,0,1
1.0,0,1
1.0,0,1
1.0,0,1
1.0,0,1
1.0,0,1
1.0,0,1
1.0,0,1
1.0,0,1
1.0,0,1
1.0,0,1
1.0,0,1
1.0,0,1
1.0,0,1
1.0,0,1
1.0,0,1
1.0,0,1
1.0,0,1
1.0,0,1
1.0,0,1
1.0,0,1
1.0,0,1
1.0,0,1
1.0,0,1
1.0,0,1
1.0,0,1
1.0,0,1
1.0,0,1
1.0,0,1
1.0,0,1
1.0,0,1
1.0,0,1
1.0,0,1
1.0,0,1
1.0,0,1
1.0,0,1
1.0,0,1
1.0,0,1
1.0,0,1
1.0,0,1
1.0,0,1
1.0,0,1
1.0,0,1
1.0,0,1
1.0,0,1
1.0,0,1
1.0,0,1
1.0,0,1
1.0,0,1
1.0,0,1
1.0,0,1
1.0,0,1
1.0,0,1
1.0,0,1
1.0,0,1
1.0,0,1
1.0,0,1
1.0,0,1
1.0,0,1
1.0,0,1
1.0,0,1
1.0,0,1
1.0,0,1
1.0,0,1
1.0,0,1
1.0,0,1
1.0,0,1
1.0,0,1
1.0,0,1
1.0,0,1
1.0,0,1
1.0,0,1
1.0,0,1
1.0,0,1
1.0,0,1
1.0,0,1
1.0,0,1
1.0,0,1
1.0,0,1
1.0,0,1
1.0,0,1
1.0,0,1
1.0,0,1
1.0,0,1
1.0,0,1
1.0,0,1
1.0,0,1
1.0,0,1
1.0,0,1
1.0,0,1
1.0,0,1
1.0,0,1
1.0,0,1
1.0,0,1
1.0,0,1
1.0,0,1
1.0,0,1
1.0,0,1
1.0,0,1
1.0,0,1
1.0,0,1
1.0,0,1
1.0,0,1
1.0,0,1
1.0,0,1
1.0,0,1
1.0,0,1
1.0,0,1
1.0,0,1
1.0,0,1
1.0,0,1
1.0,0,1
1.0,0,1
1.0,0,1
1.0,0,1
1.0,0,1
1.0,0,1
1.0,0,1
1.0,0,1
1.0,0,1
1.0,0,1
1.0,0,1
1.0,0,1
1.0,0,1
1.0,0,1
1.0,0,1
1.0,0,1
1.0,0,1
1.0,0,1
1.0,0,1
1.0,0,1
1.0,0,1
1.0,0,1
1.0,0,1
1.0,0,1
1.0,0,1
1.0,0,1
1.0,0,1
1.0,0,1
1.0,0,1
1.0,0,1
1.0,0,1
1.0,0,1
1.0,0,1
1.0,0,1
1.0,0,1
1.0,0,1
1.0,0,1
1.0,0,1
1.0,0,1
1.0,0,1
1.0,0,1
1.0,0,1
1.0,0,1
1.0,0,1
1.0,0,1
1.0,0,1
1.0,0,1
1.0,0,1
1.0,0,1
1.0,0,1
1.0,0,1
1.0,0,1
1.0,0,1
1.0,0,1
1.0,0,1
1.0,0,1
1.0,0,1
1.0,0,1
1.0,0,1
1.0,0,1
1.0,0,1
1.0,0,1
1.0,0,1
1.0,0,1
1.0,0,1
1.0,0,1
1.0,0,1
1.0,0,1
1.0,0,1
1.0,0,1
1.0,0,1
1.0,0,1
1.0,0,1
1.0,0,1
1.0,0,1
1.0,0,1
1.0,0,1
1.0,0,1
1.0,0,1
1.0,0,1
1.0,0,1
1.0,0,1
1.0,0,1
1.0,0,1
1.0,0,1
1.0,0,1
1.0,0,1
1.0,0,1
1.0,0,1
1.0,0,1
1.0,0,1
1.0,0,1
1.0,0,1
1.0,0,1
1.0,0,1
1.0,0,1
1.0,0,1
1.0,0,1
1.0,0,1
1.0,0,1
1.0,0,1
1.0,0,1
1.0,0,1
1.0,0,1
1.0,0,1
1.0,0,1
1.0,0,1
1.0,0,1
1.0,0,1
1.0,0,1
1.0,0,1
1.0,0,1
1.0,0,1
1.0,0,1
1.0,0,1
1.0,0,1
1.0,0,1
1.0,0,1
1.0,0,1
1.0,0,1
1.0,0,1
1.0,0,1
1.0,0,1
1.0,0,1
1.0,0,1
1.0,0,1
1.0,0,1
1.0,0,1
1.0,0,1
1.0,0,1
1.0,0,1
1.0,0,1
1.0,0,1
1.0,0,1
1.0,0,1
1.0,0,1
1.0,0,1
1.0,0,1
1.0,0,1
1.0,0,1
1.0,0,1
1.0,0,1
1.0,0,1
1.0,0,1
1.0,0,1
1.0,0,1
1.0,0,1
1.0,0,1
1.0,0,1
0.99999964,0,1
1.0,0,1
1.0,0,1
1.0,0,1
1.0,0,1
1.0,0,1
1.0,0,1
1.0,0,1
1.0,0,1
1.0,0,1
1.0,0,1
1.0,0,1
1.0,0,1
1.0,0,1
1.0,0,1
1.0,0,1
1.0,0,1
1.0,0,1
1.0,0,1
1.0,0,1
1.0,0,1
1.0,0,1
1.0,0,1
1.0,0,1
1.0,0,1
1.0,0,1
1.0,0,1
1.0,0,1
1.0,0,1
1.0,0,1
1.0,0,1
1.0,0,1
1.0,0,1
1.0,0,1
1.0,0,1
1.0,0,1
1.0,0,1
1.0,0,1
1.0,0,1
1.0,0,1
1.0,0,1
1.0,0,1
1.0,0,1
1.0,0,1
1.0,0,1
1.0,0,1
1.0,0,1
1.0,0,1
1.0,0,1
1.0,0,1
1.0,0,1
1.0,0,1
1.0,0,1
1.0,0,1
1.0,0,1
1.0,0,1
1.0,0,1
1.0,0,1
1.0,0,1
1.0,0,1
1.0,0,1
1.0,0,1
1.0,0,1
1.0,0,1
1.0,0,1
1.0,0,1
1.0,0,1
1.0,0,1
1.0,0,1
1.0,0,1
1.0,0,1
1.0,0,1
1.0,0,1
1.0,0,1
1.0,0,1
1.0,0,1
1.0,0,1
1.0,0,1
1.0,0,1
1.0,0,1
1.0,0,1
1.0,0,1
1.0,0,1
1.0,0,1
1.0,0,1
1.0,0,1
1.0,0,1
1.0,0,1
1.0,0,1
1.0,0,1
1.0,0,1
1.0,0,1
1.0,0,1
1.0,0,1
1.0,0,1
1.0,0,1
1.0,0,1
1.0,0,1
1.0,0,1
1.0,0,1
1.0,0,1
1.0,0,1
1.0,0,1
1.0,0,1
1.0,0,1
1.0,0,1
1.0,0,1
1.0,0,1
1.0,0,1
1.0,0,1
1.0,0,1
1.0,0,1
1.0,0,1
1.0,0,1
1.0,0,1
1.0,0,1
1.0,0,1
1.0,0,1
1.0,0,1
1.0,0,1
1.0,0,1
1.0,0,1
1.0,0,1
1.0,0,1
1.0,0,1
1.0,0,1
1.0,0,1
1.0,0,1
1.0,0,1
1.0,0,1
1.0,0,1
1.0,0,1
1.0,0,1
1.0,0,1
1.0,0,1
1.0,0,1
1.0,0,1
1.0,0,1
1.0,0,1
1.0,0,1
1.0,0,1
1.0,0,1
1.0,0,1
1.0,0,1
1.0,0,1
1.0,0,1
1.0,0,1
1.0,0,1
1.0,0,1
1.0,0,1
1.0,0,1
1.0,0,1
1.0,0,1
1.0,0,1
1.0,0,1
1.0,0,1
1.0,0,1
1.0,0,1
1.0,0,1
1.0,0,1
1.0,0,1
1.0,0,1
1.0,0,1
1.0,0,1
1.0,0,1
1.0,0,1
1.0,0,1
1.0,0,1
1.0,0,1
1.0,0,1
1.0,0,1
1.0,0,1
1.0,0,1
1.0,0,1
1.0,0,1
1.0,0,1
1.0,0,1
1.0,0,1
1.0,0,1
1.0,0,1
1.0,0,1
1.0,0,1
1.0,0,1
1.0,0,1
1.0,0,1
1.0,0,1
1.0,0,1
1.0,0,1
1.0,0,1
1.0,0,1
1.0,0,1
1.0,0,1
1.0,0,1
1.0,0,1
1.0,0,1
1.0,0,1
1.0,0,1
1.0,0,1
1.0,0,1
1.0,0,1
1.0,0,1
1.0,0,1
1.0,0,1
1.0,0,1
1.0,0,1
1.0,0,1
1.0,0,1
1.0,0,1
1.0,0,1
1.0,0,1
1.0,0,1
1.0,0,1
1.0,0,1
1.0,0,1
1.0,0,1
1.0,0,1
1.0,0,1
1.0,0,1
1.0,0,1
1.0,0,1
1.0,0,1
1.0,0,1
1.0,0,1
1.0,0,1
1.0,0,1
1.0,0,1
1.0,0,1
1.0,0,1
1.0,0,1
1.0,0,1
1.0,0,1
1.0,0,1
1.0,0,1
1.0,0,1
1.0,0,1
1.0,0,1
1.0,0,1
1.0,0,1
1.0,0,1
1.0,0,1
1.0,0,1
1.0,0,1
1.0,0,1
1.0,0,1
1.0,0,1
1.0,0,1
1.0,0,1
1.0,0,1
1.0,0,1
1.0,0,1
1.0,0,1
1.0,0,1
1.0,0,1
1.0,0,1
1.0,0,1
1.0,0,1
1.0,0,1
1.0,0,1
1.0,0,1
0.9999999,0,1
0.9999996,0,1
1.0,0,1
1.0,0,1
1.0,0,1
1.0,0,1
1.0,0,1
1.0,0,1
1.0,0,1
1.0,0,1
1.0,0,1
1.0,0,1
1.0,0,1
1.0,0,1
1.0,0,1
1.0,0,1
1.0,0,1
1.0,0,1
1.0,0,1
1.0,0,1
1.0,0,1
1.0,0,1
1.0,0,1
1.0,0,1
1.0,0,1
1.0,0,1
1.0,0,1
1.0,0,1
1.0,0,1
1.0,0,1
1.0,0,1
1.0,0,1
1.0,0,1
1.0,0,1
1.0,0,1
1.0,0,1
1.0,0,1
1.0,0,1
1.0,0,1
1.0,0,1
1.0,0,1
1.0,0,1
1.0,0,1
1.0,0,1
1.0,0,1
1.0,0,1
1.0,0,1
1.0,0,1
1.0,0,1
1.0,0,1
1.0,0,1
1.0,0,1
1.0,0,1
1.0,0,1
1.0,0,1
1.0,0,1
1.0,0,1
1.0,0,1
1.0,0,1
1.0,0,1
1.0,0,1
1.0,0,1
1.0,0,1
1.0,0,1
1.0,0,1
1.0,0,1
1.0,0,1
1.0,0,1
1.0,0,1
1.0,0,1
1.0,0,1
1.0,0,1
1.0,0,1
1.0,0,1
1.0,0,1
1.0,0,1
1.0,0,1
1.0,0,1
1.0,0,1
1.0,0,1
1.0,0,1
1.0,0,1
1.0,0,1
1.0,0,1
0.99999994,0,1
1.0,0,1
1.0,0,1
1.0,0,1
1.0,0,1
1.0,0,1
1.0,0,1
1.0,0,1
1.0,0,1
1.0,0,1
1.0,0,1
1.0,0,1
1.0,0,1
1.0,0,1
1.0,0,1
1.0,0,1
1.0,0,1
1.0,0,1
1.0,0,1
1.0,0,1
1.0,0,1
1.0,0,1
1.0,0,1
1.0,0,1
1.0,0,1
1.0,0,1
1.0,0,1
1.0,0,1
1.0,0,1
1.0,0,1
1.0,0,1
1.0,0,1
1.0,0,1
1.0,0,1
1.0,0,1
1.0,0,1
1.0,0,1
1.0,0,1
1.0,0,1
1.0,0,1
1.0,0,1
1.0,0,1
1.0,0,1
1.0,0,1
1.0,0,1
1.0,0,1
1.0,0,1
1.0,0,1
1.0,0,1
1.0,0,1
1.0,0,1
1.0,0,1
1.0,0,1
1.0,0,1
1.0,0,1
1.0,0,1
1.0,0,1
1.0,0,1
1.0,0,1
1.0,0,1
1.0,0,1
1.0,0,1
1.0,0,1
1.0,0,1
1.0,0,1
1.0,0,1
1.0,0,1
1.0,0,1
1.0,0,1
1.0,0,1
1.0,0,1
1.0,0,1
1.0,0,1
1.0,0,1
1.0,0,1
1.0,0,1
1.0,0,1
1.0,0,1
1.0,0,1
1.0,0,1
1.0,0,1
1.0,0,1
1.0,0,1
1.0,0,1
1.0,0,1
1.0,0,1
1.0,0,1
1.0,0,1
1.0,0,1
1.0,0,1
1.0,0,1
1.0,0,1
1.0,0,1
1.0,0,1
1.0,0,1
1.0,0,1
1.0,0,1
1.0,0,1
1.0,0,1
1.0,0,1
1.0,0,1
1.0,0,1
1.0,0,1
1.0,0,1
1.0,0,1
1.0,0,1
1.0,0,1
1.0,0,1
1.0,0,1
1.0,0,1
1.0,0,1
1.0,0,1
1.0,0,1
1.0,0,1
1.0,0,1
1.0,0,1
1.0,0,1
1.0,0,1
1.0,0,1
1.0,0,1
1.0,0,1
1.0,0,1
1.0,0,1
1.0,0,1
1.0,0,1
1.0,0,1
1.0,0,1
1.0,0,1
1.0,0,1
1.0,0,1
1.0,0,1
1.0,0,1
1.0,0,1
1.0,0,1
1.0,0,1
1.0,0,1
1.0,0,1
1.0,0,1
1.0,0,1
1.0,0,1
1.0,0,1
1.0,0,1
1.0,0,1
1.0,0,1
1.0,0,1
1.0,0,1
1.0,0,1
1.0,0,1
1.0,0,1
1.0,0,1
1.0,0,1
1.0,0,1
1.0,0,1
1.0,0,1
1.0,0,1
1.0,0,1
1.0,0,1
1.0,0,1
1.0,0,1
1.0,0,1
1.0,0,1
1.0,0,1
1.0,0,1
1.0,0,1
0.99999994,0,1
1.0,0,1
1.0,0,1
1.0,0,1
1.0,0,1
1.0,0,1
1.0,0,1
1.0,0,1
1.0,0,1
1.0,0,1
1.0,0,1
1.0,0,1
1.0,0,1
1.0,0,1
1.0,0,1
1.0,0,1
1.0,0,1
1.0,0,1
1.0,0,1
1.0,0,1
1.0,0,1
1.0,0,1
1.0,0,1
1.0,0,1
1.0,0,1
1.0,0,1
1.0,0,1
1.0,0,1
1.0,0,1
1.0,0,1
1.0,0,1
1.0,0,1
1.0,0,1
1.0,0,1
1.0,0,1
1.0,0,1
1.0,0,1
1.0,0,1
1.0,0,1
1.0,0,1
1.0,0,1
1.0,0,1
1.0,0,1
1.0,0,1
1.0,0,1
1.0,0,1
1.0,0,1
1.0,0,1
1.0,0,1
1.0,0,1
1.0,0,1
1.0,0,1
1.0,0,1
1.0,0,1
1.0,0,1
1.0,0,1
1.0,0,1
1.0,0,1
1.0,0,1
1.0,0,1
1.0,0,1
1.0,0,1
1.0,0,1
1.0,0,1
1.0,0,1
1.0,0,1
1.0,0,1
1.0,0,1
1.0,0,1
1.0,0,1
1.0,0,1
1.0,0,1
1.0,0,1
1.0,0,1
1.0,0,1
1.0,0,1
1.0,0,1
1.0,0,1
1.0,0,1
1.0,0,1
1.0,0,1
1.0,0,1
1.0,0,1
1.0,0,1
1.0,0,1
1.0,0,1
1.0,0,1
1.0,0,1
1.0,0,1
1.0,0,1
1.0,0,1
1.0,0,1
1.0,0,1
1.0,0,1
1.0,0,1
1.0,0,1
1.0,0,1
1.0,0,1
1.0,0,1
1.0,0,1
1.0,0,1
1.0,0,1
1.0,0,1
1.0,0,1
1.0,0,1
1.0,0,1
1.0,0,1
1.0,0,1
1.0,0,1
1.0,0,1
1.0,0,1
1.0,0,1
1.0,0,1
1.0,0,1
1.0,0,1
1.0,0,1
1.0,0,1
1.0,0,1
1.0,0,1
1.0,0,1
1.0,0,1
1.0,0,1
1.0,0,1
1.0,0,1
1.0,0,1
1.0,0,1
1.0,0,1
1.0,0,1
1.0,0,1
1.0,0,1
1.0,0,1
1.0,0,1
1.0,0,1
1.0,0,1
1.0,0,1
1.0,0,1
1.0,0,1
1.0,0,1
1.0,0,1
1.0,0,1
1.0,0,1
1.0,0,1
1.0,0,1
1.0,0,1
1.0,0,1
1.0,0,1
1.0,0,1
1.0,0,1
1.0,0,1
1.0,0,1
1.0,0,1
1.0,0,1
1.0,0,1
1.0,0,1
1.0,0,1
1.0,0,1
1.0,0,1
1.0,0,1
1.0,0,1
1.0,0,1
1.0,0,1
1.0,0,1
1.0,0,1
1.0,0,1
1.0,0,1
1.0,0,1
1.0,0,1
1.0,0,1
1.0,0,1
1.0,0,1
1.0,0,1
1.0,0,1
1.0,0,1
1.0,0,1
1.0,0,1
1.0,0,1
1.0,0,1
1.0,0,1
1.0,0,1
1.0,0,1
1.0,0,1
1.0,0,1
1.0,0,1
1.0,0,1
1.0,0,1
1.0,0,1
1.0,0,1
1.0,0,1
1.0,0,1
1.0,0,1
1.0,0,1
1.0,0,1
1.0,0,1
1.0,0,1
1.0,0,1
1.0,0,1
1.0,0,1
1.0,0,1
1.0,0,1
1.0,0,1
1.0,0,1
1.0,0,1
1.0,0,1
1.0,0,1
1.0,0,1
1.0,0,1
1.0,0,1
1.0,0,1
1.0,0,1
1.0,0,1
1.0,0,1
1.0,0,1
1.0,0,1
1.0,0,1
1.0,0,1
1.0,0,1
1.0,0,1
1.0,0,1
1.0,0,1
1.0,0,1
1.0,0,1
1.0,0,1
1.0,0,1
1.0,0,1
1.0,0,1
1.0,0,1
1.0,0,1
1.0,0,1
1.0,0,1
1.0,0,1
1.0,0,1
1.0,0,1
1.0,0,1
1.0,0,1
1.0,0,1
1.0,0,1
1.0,0,1
1.0,0,1
1.0,0,1
1.0,0,1
1.0,0,1
1.0,0,1
1.0,0,1
1.0,0,1
1.0,0,1
1.0,0,1
1.0,0,1
1.0,0,1
1.0,0,1
1.0,0,1
1.0,0,1
1.0,0,1
1.0,0,1
1.0,0,1
1.0,0,1
1.0,0,1
1.0,0,1
1.0,0,1
1.0,0,1
1.0,0,1
1.0,0,1
1.0,0,1
1.0,0,1
1.0,0,1
1.0,0,1
1.0,0,1
1.0,0,1
1.0,0,1
1.0,0,1
1.0,0,1
1.0,0,1
1.0,0,1
1.0,0,1
1.0,0,1
1.0,0,1
1.0,0,1
1.0,0,1
1.0,0,1
1.0,0,1
1.0,0,1
1.0,0,1
1.0,0,1
1.0,0,1
1.0,0,1
1.0,0,1
1.0,0,1
1.0,0,1
1.0,0,1
1.0,0,1
1.0,0,1
1.0,0,1
1.0,0,1
1.0,0,1
1.0,0,1
1.0,0,1
1.0,0,1
1.0,0,1
1.0,0,1
1.0,0,1
1.0,0,1
1.0,0,1
1.0,0,1
1.0,0,1
1.0,0,1
1.0,0,1
1.0,0,1
1.0,0,1
1.0,0,1
1.0,0,1
1.0,0,1
1.0,0,1
1.0,0,1
1.0,0,1
1.0,0,1
1.0,0,1
1.0,0,1
1.0,0,1
1.0,0,1
1.0,0,1
1.0,0,1
1.0,0,1
1.0,0,1
1.0,0,1
1.0,0,1
1.0,0,1
1.0,0,1
1.0,0,1
1.0,0,1
1.0,0,1
1.0,0,1
1.0,0,1
1.0,0,1
1.0,0,1
1.0,0,1
1.0,0,1
1.0,0,1
1.0,0,1
1.0,0,1
1.0,0,1
1.0,0,1
1.0,0,1
1.0,0,1
1.0,0,1
1.0,0,1
1.0,0,1
1.0,0,1
1.0,0,1
1.0,0,1
1.0,0,1
1.0,0,1
1.0,0,1
1.0,0,1
1.0,0,1
1.0,0,1
1.0,0,1
1.0,0,1
1.0,0,1
1.0,0,1
1.0,0,1
1.0,0,1
1.0,0,1
1.0,0,1
1.0,0,1
1.0,0,1
1.0,0,1
1.0,0,1
1.0,0,1
1.0,0,1
1.0,0,1
1.0,0,1
1.0,0,1
1.0,0,1
1.0,0,1
1.0,0,1
1.0,0,1
1.0,0,1
1.0,0,1
1.0,0,1
1.0,0,1
1.0,0,1
1.0,0,1
1.0,0,1
1.0,0,1
1.0,0,1
1.0,0,1
1.0,0,1
1.0,0,1
1.0,0,1
1.0,0,1
1.0,0,1
1.0,0,1
1.0,0,1
1.0,0,1
1.0,0,1
1.0,0,1
1.0,0,1
1.0,0,1
1.0,0,1
1.0,0,1
1.0,0,1
1.0,0,1
1.0,0,1
1.0,0,1
1.0,0,1
1.0,0,1
1.0,0,1
1.0,0,1
1.0,0,1
1.0,0,1
1.0,0,1
1.0,0,1
1.0,0,1
1.0,0,1
1.0,0,1
1.0,0,1
1.0,0,1
1.0,0,1
1.0,0,1
1.0,0,1
1.0,0,1
1.0,0,1
1.0,0,1
1.0,0,1
1.0,0,1
1.0,0,1
0.96388817,0,1
1.0,0,1
1.0,0,1
1.0,0,1
1.0,0,1
1.0,0,1
1.0,0,1
1.0,0,1
1.0,0,1
1.0,0,1
1.0,0,1
1.0,0,1
1.0,0,1
1.0,0,1
1.0,0,1
1.0,0,1
1.0,0,1
1.0,0,1
1.0,0,1
1.0,0,1
1.0,0,1
1.0,0,1
1.0,0,1
1.0,0,1
1.0,0,1
1.0,0,1
1.0,0,1
1.0,0,1
1.0,0,1
1.0,0,1
1.0,0,1
1.0,0,1
1.0,0,1
1.0,0,1
1.0,0,1
1.0,0,1
1.0,0,1
1.0,0,1
1.0,0,1
1.0,0,1
1.0,0,1
1.0,0,1
1.0,0,1
1.0,0,1
1.0,0,1
1.0,0,1
1.0,0,1
1.0,0,1
1.0,0,1
1.0,0,1
1.0,0,1
1.0,0,1
1.0,0,1
1.0,0,1
1.0,0,1
1.0,0,1
1.0,0,1
1.0,0,1
1.0,0,1
1.0,0,1
1.0,0,1
1.0,0,1
0.99999285,0,1
1.0,0,1
1.0,0,1
1.0,0,1
0.9999997,0,1
1.0,0,1
1.0,0,1
1.0,0,1
1.0,0,1
1.0,0,1
1.0,0,1
1.0,0,1
1.0,0,1
1.0,0,1
1.0,0,1
1.0,0,1
1.0,0,1
1.0,0,1
1.0,0,1
1.0,0,1
1.0,0,1
1.0,0,1
1.0,0,1
1.0,0,1
1.0,0,1
1.0,0,1
1.0,0,1
1.0,0,1
1.0,0,1
1.0,0,1
1.0,0,1
0.66085374,0,1
1.0,0,1
1.0,0,1
1.0,0,1
1.0,0,1
1.0,0,1
1.0,0,1
1.0,0,1
1.0,0,1
1.0,0,1
1.0,0,1
1.0,0,1
1.0,0,1
1.0,0,1
1.0,0,1
1.0,0,1
1.0,0,1
1.0,0,1
1.0,0,1
1.0,0,1
1.0,0,1
1.0,0,1
1.0,0,1
1.0,0,1
1.0,0,1
1.0,0,1
1.0,0,1
1.0,0,1
1.0,0,1
1.0,0,1
1.0,0,1
0.9993275,0,1
1.0,0,1
1.0,0,1
1.0,0,1
1.0,0,1
1.0,0,1
1.0,0,1
1.0,0,1
1.0,0,1
1.0,0,1
1.0,0,1
1.0,0,1
1.0,0,1
1.0,0,1
1.0,0,1
1.0,0,1
1.0,0,1
1.0,0,1
1.0,0,1
1.0,0,1
1.0,0,1
1.0,0,1
1.0,0,1
1.0,0,1
1.0,0,1
1.0,0,1
1.0,0,1
1.0,0,1
1.0,0,1
1.0,0,1
1.0,0,1
0.9287094,0,1
0.9999908,0,1
1.0,0,1
1.0,0,1
1.0,0,1
1.0,0,1
1.0,0,1
1.0,0,1
1.0,0,1
1.0,0,1
1.0,0,1
1.0,0,1
1.0,0,1
0.9998555,0,1
0.99999994,0,1
1.0,0,1
1.0,0,1
1.0,0,1
1.0,0,1
1.0,0,1
1.0,0,1
1.0,0,1
1.0,0,1
1.0,0,1
1.0,0,1
1.0,0,1
1.0,0,1
1.0,0,1
1.0,0,1
1.0,0,1
1.0,0,1
0.9704858,0,1
1.0,0,1
1.0,0,1
1.0,0,1
1.0,0,1
1.0,0,1
1.0,0,1
1.0,0,1
1.0,0,1
1.0,0,1
1.0,0,1
1.0,0,1
1.0,0,1
1.0,0,1
1.0,0,1
1.0,0,1
1.0,0,1
1.0,0,1
1.0,0,1
1.0,0,1
1.0,0,1
1.0,0,1
1.0,0,1
1.0,0,1
1.0,0,1
1.0,0,1
1.0,0,1
1.0,0,1
1.0,0,1
1.0,0,1
1.0,0,1
1.0,0,1
1.0,0,1
1.0,0,1
1.0,0,1
1.0,0,1
1.0,0,1
1.0,0,1
1.0,0,1
1.0,0,1
1.0,0,1
1.0,0,1
1.0,0,1
1.0,0,1
1.0,0,1
1.0,0,1
1.0,0,1
1.0,0,1
1.0,0,1
1.0,0,1
1.0,0,1
1.0,0,1
1.0,0,1
1.0,0,1
1.0,0,1
1.0,0,1
1.0,0,1
1.0,0,1
1.0,0,1
1.0,0,1
1.0,0,1
1.0,0,1
0.90166605,0,1
0.9999911,0,1
0.9999995,0,1
1.0,0,1
1.0,0,1
1.0,0,1
1.0,0,1
1.0,0,1
1.0,0,1
1.0,0,1
1.0,0,1
1.0,0,1
1.0,0,1
1.0,0,1
1.0,0,1
1.0,0,1
1.0,0,1
1.0,0,1
1.0,0,1
1.0,0,1
1.0,0,1
1.0,0,1
1.0,0,1
1.0,0,1
1.0,0,1
1.0,0,1
1.0,0,1
1.0,0,1
1.0,0,1
1.0,0,1
1.0,0,1
1.0,0,1
1.0,0,1
1.0,0,1
1.0,0,1
1.0,0,1
1.0,0,1
1.0,0,1
1.0,0,1
1.0,0,1
1.0,0,1
1.0,0,1
1.0,0,1
1.0,0,1
1.0,0,1
1.0,0,1
1.0,0,1
1.0,0,1
1.0,0,1
1.0,0,1
1.0,0,1
1.0,0,1
1.0,0,1
1.0,0,1
1.0,0,1
1.0,0,1
1.0,0,1
1.0,0,1
1.0,0,1
1.0,0,1
1.0,0,1
1.0,0,1
0.9223244,0,1
1.0,0,1
1.0,0,1
1.0,0,1
1.0,0,1
1.0,0,1
1.0,0,1
1.0,0,1
1.0,0,1
1.0,0,1
1.0,0,1
1.0,0,1
1.0,0,1
1.0,0,1
1.0,0,1
1.0,0,1
1.0,0,1
1.0,0,1
1.0,0,1
1.0,0,1
1.0,0,1
1.0,0,1
1.0,0,1
1.0,0,1
1.0,0,1
1.0,0,1
1.0,0,1
1.0,0,1
1.0,0,1
1.0,0,1
1.0,0,1
0.943816,0,1
1.0,0,1
1.0,0,1
1.0,0,1
0.9999973,0,1
1.0,0,1
1.0,0,1
1.0,0,1
1.0,0,1
1.0,0,1
1.0,0,1
1.0,0,1
1.0,0,1
1.0,0,1
1.0,0,1
1.0,0,1
1.0,0,1
1.0,0,1
1.0,0,1
1.0,0,1
1.0,0,1
1.0,0,1
1.0,0,1
1.0,0,1
1.0,0,1
1.0,0,1
1.0,0,1
1.0,0,1
1.0,0,1
1.0,0,1
1.0,0,1
0.53502357,0,1
0.9971943,0,1
1.0,0,1
1.0,0,1
1.0,0,1
1.0,0,1
1.0,0,1
1.0,0,1
1.0,0,1
1.0,0,1
1.0,0,1
1.0,0,1
1.0,0,1
1.0,0,1
1.0,0,1
1.0,0,1
1.0,0,1
1.0,0,1
1.0,0,1
1.0,0,1
1.0,0,1
1.0,0,1
1.0,0,1
1.0,0,1
1.0,0,1
1.0,0,1
1.0,0,1
1.0,0,1
1.0,0,1
1.0,0,1
1.0,0,1
0.9999935,0,1
1.0,0,1
1.0,0,1
1.0,0,1
1.0,0,1
1.0,0,1
1.0,0,1
1.0,0,1
1.0,0,1
1.0,0,1
1.0,0,1
1.0,0,1
1.0,0,1
1.0,0,1
1.0,0,1
1.0,0,1
1.0,0,1
1.0,0,1
1.0,0,1
1.0,0,1
1.0,0,1
1.0,0,1
1.0,0,1
1.0,0,1
1.0,0,1
1.0,0,1
1.0,0,1
1.0,0,1
1.0,0,1
1.0,0,1
1.0,0,1
1.0,0,1
1.0,0,1
1.0,0,1
1.0,0,1
1.0,0,1
1.0,0,1
1.0,0,1
1.0,0,1
1.0,0,1
1.0,0,1
1.0,0,1
1.0,0,1
1.0,0,1
1.0,0,1
1.0,0,1
1.0,0,1
1.0,0,1
1.0,0,1
1.0,0,1
1.0,0,1
1.0,0,1
1.0,0,1
1.0,0,1
1.0,0,1
0.99999887,0,1
0.9999993,0,1
1.0,0,1
1.0,0,1
1.0,0,1
1.0,0,1
1.0,0,1
0.93389845,0,1
0.9899937,0,1
0.99592376,0,1
1.0,0,1
1.0,0,1
1.0,0,1
1.0,0,1
1.0,0,1
1.0,0,1
1.0,0,1
1.0,0,1
1.0,0,1
1.0,0,1
1.0,0,1
1.0,0,1
1.0,0,1
1.0,0,1
1.0,0,1
1.0,0,1
1.0,0,1
1.0,0,1
1.0,0,1
1.0,0,1
1.0,0,1
1.0,0,1
1.0,0,1
1.0,0,1
1.0,0,1
1.0,0,1
1.0,0,1
1.0,0,1
1.0,0,1
1.0,0,1
1.0,0,1
1.0,0,1
1.0,0,1
1.0,0,1
1.0,0,1
1.0,0,1
1.0,0,1
1.0,0,1
1.0,0,1
1.0,0,1
1.0,0,1
1.0,0,1
1.0,0,1
1.0,0,1
1.0,0,1
1.0,0,1
1.0,0,1
1.0,0,1
1.0,0,1
1.0,0,1
1.0,0,1
1.0,0,1
1.0,0,1
1.0,0,1
1.0,0,1
1.0,0,1
1.0,0,1
1.0,0,1
1.0,0,1
0.9999904,0,1
1.0,0,1
1.0,0,1
1.0,0,1
1.0,0,1
1.0,0,1
1.0,0,1
1.0,0,1
1.0,0,1
1.0,0,1
1.0,0,1
1.0,0,1
1.0,0,1
1.0,0,1
1.0,0,1
1.0,0,1
1.0,0,1
1.0,0,1
1.0,0,1
1.0,0,1
1.0,0,1
1.0,0,1
1.0,0,1
1.0,0,1
1.0,0,1
1.0,0,1
1.0,0,1
1.0,0,1
1.0,0,1
1.0,0,1
1.0,0,1
0.9278017,0,1
1.0,0,1
1.0,0,1
1.0,0,1
1.0,0,1
1.0,0,1
1.0,0,1
1.0,0,1
1.0,0,1
1.0,0,1
1.0,0,1
1.0,0,1
1.0,0,1
1.0,0,1
1.0,0,1
1.0,0,1
1.0,0,1
1.0,0,1
1.0,0,1
1.0,0,1
1.0,0,1
1.0,0,1
1.0,0,1
1.0,0,1
1.0,0,1
1.0,0,1
1.0,0,1
1.0,0,1
1.0,0,1
1.0,0,1
1.0,0,1
1.0,0,1
1.0,0,1
1.0,0,1
1.0,0,1
1.0,0,1
1.0,0,1
1.0,0,1
1.0,0,1
1.0,0,1
1.0,0,1
1.0,0,1
1.0,0,1
1.0,0,1
1.0,0,1
1.0,0,1
1.0,0,1
1.0,0,1
1.0,0,1
1.0,0,1
1.0,0,1
1.0,0,1
1.0,0,1
1.0,0,1
1.0,0,1
1.0,0,1
1.0,0,1
1.0,0,1
1.0,0,1
1.0,0,1
1.0,0,1
1.0,0,1
0.7417151,0,1
0.82413065,0,1
0.9999997,0,1
1.0,0,1
1.0,0,1
1.0,0,1
1.0,0,1
1.0,0,1
1.0,0,1
1.0,0,1
1.0,0,1
1.0,0,1
1.0,0,1
1.0,0,1
1.0,0,1
1.0,0,1
1.0,0,1
1.0,0,1
1.0,0,1
1.0,0,1
1.0,0,1
1.0,0,1
1.0,0,1
1.0,0,1
1.0,0,1
1.0,0,1
1.0,0,1
1.0,0,1
1.0,0,1
1.0,0,1
1.0,0,1
1.0,0,1
1.0,0,1
1.0,0,1
1.0,0,1
1.0,0,1
1.0,0,1
1.0,0,1
1.0,0,1
1.0,0,1
1.0,0,1
1.0,0,1
0.99999595,0,1
0.99999344,0,1
1.0,0,1
1.0,0,1
1.0,0,1
0.9999997,0,1
1.0,0,1
1.0,0,1
1.0,0,1
1.0,0,1
1.0,0,1
1.0,0,1
1.0,0,1
1.0,0,1
1.0,0,1
1.0,0,1
1.0,0,1
1.0,0,1
1.0,0,1
1.0,0,1
1.0,0,1
1.0,0,1
1.0,0,1
1.0,0,1
1.0,0,1
1.0,0,1
1.0,0,1
1.0,0,1
1.0,0,1
1.0,0,1
1.0,0,1
1.0,0,1
1.0,0,1
1.0,0,1
1.0,0,1
1.0,0,1
1.0,0,1
1.0,0,1
1.0,0,1
1.0,0,1
1.0,0,1
1.0,0,1
1.0,0,1
0.99999994,0,1
1.0,0,1
1.0,0,1
1.0,0,1
1.0,0,1
1.0,0,1
1.0,0,1
1.0,0,1
1.0,0,1
1.0,0,1
1.0,0,1
1.0,0,1
1.0,0,1
1.0,0,1
1.0,0,1
1.0,0,1
1.0,0,1
1.0,0,1
1.0,0,1
1.0,0,1
1.0,0,1
1.0,0,1
1.0,0,1
1.0,0,1
1.0,0,1
1.0,0,1
1.0,0,1
1.0,0,1
1.0,0,1
1.0,0,1
1.0,0,1
1.0,0,1
1.0,0,1
1.0,0,1
1.0,0,1
1.0,0,1
1.0,0,1
1.0,0,1
1.0,0,1
0.9458269,0,1
0.9996977,0,1
1.0,0,1
1.0,0,1
1.0,0,1
1.0,0,1
1.0,0,1
1.0,0,1
1.0,0,1
1.0,0,1
1.0,0,1
1.0,0,1
1.0,0,1
1.0,0,1
1.0,0,1
1.0,0,1
1.0,0,1
1.0,0,1
1.0,0,1
1.0,0,1
1.0,0,1
1.0,0,1
1.0,0,1
1.0,0,1
1.0,0,1
1.0,0,1
1.0,0,1
1.0,0,1
1.0,0,1
1.0,0,1
1.0,0,1
0.62422657,0,1
0.827825,0,1
1.0,0,1
1.0,0,1
1.0,0,1
1.0,0,1
1.0,0,1
1.0,0,1
1.0,0,1
1.0,0,1
1.0,0,1
1.0,0,1
1.0,0,1
1.0,0,1
1.0,0,1
1.0,0,1
1.0,0,1
1.0,0,1
1.0,0,1
1.0,0,1
1.0,0,1
1.0,0,1
1.0,0,1
1.0,0,1
1.0,0,1
1.0,0,1
1.0,0,1
1.0,0,1
1.0,0,1
1.0,0,1
1.0,0,1
0.9997662,0,1
1.0,0,1
1.0,0,1
1.0,0,1
1.0,0,1
1.0,0,1
1.0,0,1
1.0,0,1
1.0,0,1
1.0,0,1
1.0,0,1
1.0,0,1
1.0,0,1
1.0,0,1
1.0,0,1
1.0,0,1
1.0,0,1
1.0,0,1
1.0,0,1
1.0,0,1
1.0,0,1
1.0,0,1
1.0,0,1
1.0,0,1
1.0,0,1
1.0,0,1
1.0,0,1
1.0,0,1
1.0,0,1
1.0,0,1
1.0,0,1
0.7197008,0,1
0.7995011,0,1
0.997842,0,1
1.0,0,1
1.0,0,1
1.0,0,1
1.0,0,1
1.0,0,1
1.0,0,1
1.0,0,1
1.0,0,1
1.0,0,1
1.0,0,1
1.0,0,1
1.0,0,1
1.0,0,1
1.0,0,1
1.0,0,1
1.0,0,1
1.0,0,1
1.0,0,1
1.0,0,1
1.0,0,1
0.99999857,0,1
0.9999995,0,1
1.0,0,1
1.0,0,1
1.0,0,1
1.0,0,1
1.0,0,1
1.0,0,1
0.83441323,0,1
0.99736804,0,1
1.0,0,1
1.0,0,1
1.0,0,1
1.0,0,1
1.0,0,1
1.0,0,1
1.0,0,1
0.99999994,0,1
1.0,0,1
1.0,0,1
1.0,0,1
1.0,0,1
1.0,0,1
1.0,0,1
1.0,0,1
1.0,0,1
1.0,0,1
1.0,0,1
1.0,0,1
1.0,0,1
1.0,0,1
1.0,0,1
1.0,0,1
1.0,0,1
1.0,0,1
1.0,0,1
1.0,0,1
1.0,0,1
1.0,0,1
1.0,0,1
1.0,0,1
1.0,0,1
1.0,0,1
1.0,0,1
1.0,0,1
1.0,0,1
1.0,0,1
1.0,0,1
1.0,0,1
1.0,0,1
1.0,0,1
1.0,0,1
1.0,0,1
1.0,0,1
1.0,0,1
1.0,0,1
1.0,0,1
1.0,0,1
1.0,0,1
1.0,0,1
1.0,0,1
1.0,0,1
1.0,0,1
1.0,0,1
1.0,0,1
1.0,0,1
1.0,0,1
1.0,0,1
1.0,0,1
1.0,0,1
1.0,0,1
1.0,0,1
1.0,0,1
1.0,0,1
1.0,0,1
1.0,0,1
1.0,0,1
1.0,0,1
1.0,0,1
1.0,0,1
1.0,0,1
1.0,0,1
1.0,0,1
1.0,0,1
1.0,0,1
1.0,0,1
1.0,0,1
1.0,0,1
1.0,0,1
1.0,0,1
1.0,0,1
1.0,0,1
1.0,0,1
1.0,0,1
1.0,0,1
1.0,0,1
1.0,0,1
1.0,0,1
1.0,0,1
1.0,0,1
1.0,0,1
1.0,0,1
1.0,0,1
1.0,0,1
1.0,0,1
1.0,0,1
1.0,0,1
1.0,0,1
1.0,0,1
1.0,0,1
1.0,0,1
1.0,0,1
1.0,0,1
1.0,0,1
1.0,0,1
1.0,0,1
1.0,0,1
1.0,0,1
1.0,0,1
1.0,0,1
1.0,0,1
1.0,0,1
1.0,0,1
1.0,0,1
1.0,0,1
1.0,0,1
1.0,0,1
1.0,0,1
1.0,0,1
1.0,0,1
1.0,0,1
1.0,0,1
1.0,0,1
1.0,0,1
1.0,0,1
1.0,0,1
1.0,0,1
1.0,0,1
1.0,0,1
1.0,0,1
1.0,0,1
1.0,0,1
1.0,0,1
1.0,0,1
1.0,0,1
1.0,0,1
1.0,0,1
1.0,0,1
1.0,0,1
1.0,0,1
1.0,0,1
1.0,0,1
1.0,0,1
1.0,0,1
1.0,0,1
1.0,0,1
1.0,0,1
1.0,0,1
1.0,0,1
1.0,0,1
1.0,0,1
1.0,0,1
1.0,0,1
1.0,0,1
1.0,0,1
1.0,0,1
1.0,0,1
1.0,0,1
1.0,0,1
1.0,0,1
1.0,0,1
1.0,0,1
1.0,0,1
1.0,0,1
1.0,0,1
1.0,0,1
1.0,0,1
1.0,0,1
1.0,0,1
1.0,0,1
1.0,0,1
1.0,0,1
1.0,0,1
1.0,0,1
1.0,0,1
1.0,0,1
1.0,0,1
1.0,0,1
1.0,0,1
1.0,0,1
1.0,0,1
1.0,0,1
1.0,0,1
1.0,0,1
0.9961865,0,1
0.9999571,0,1
1.0,0,1
1.0,0,1
1.0,0,1
1.0,0,1
1.0,0,1
1.0,0,1
1.0,0,1
0.9999978,0,1
1.0,0,1
1.0,0,1
1.0,0,1
1.0,0,1
1.0,0,1
1.0,0,1
1.0,0,1
1.0,0,1
1.0,0,1
1.0,0,1
1.0,0,1
1.0,0,1
1.0,0,1
1.0,0,1
1.0,0,1
1.0,0,1
1.0,0,1
1.0,0,1
1.0,0,1
1.0,0,1
1.0,0,1
1.0,0,1
1.0,0,1
1.0,0,1
1.0,0,1
1.0,0,1
1.0,0,1
1.0,0,1
1.0,0,1
1.0,0,1
1.0,0,1
1.0,0,1
1.0,0,1
1.0,0,1
1.0,0,1
1.0,0,1
1.0,0,1
1.0,0,1
1.0,0,1
1.0,0,1
1.0,0,1
1.0,0,1
1.0,0,1
1.0,0,1
1.0,0,1
1.0,0,1
1.0,0,1
1.0,0,1
1.0,0,1
1.0,0,1
1.0,0,1
1.0,0,1
1.0,0,1
1.0,0,1
1.0,0,1
1.0,0,1
1.0,0,1
1.0,0,1
1.0,0,1
1.0,0,1
1.0,0,1
1.0,0,1
1.0,0,1
1.0,0,1
1.0,0,1
1.0,0,1
1.0,0,1
1.0,0,1
1.0,0,1
1.0,0,1
1.0,0,1
1.0,0,1
1.0,0,1
1.0,0,1
1.0,0,1
1.0,0,1
1.0,0,1
1.0,0,1
1.0,0,1
1.0,0,1
1.0,0,1
1.0,0,1
1.0,0,1
0.98124707,0,1
0.99999845,0,1
1.0,0,1
1.0,0,1
1.0,0,1
1.0,0,1
1.0,0,1
1.0,0,1
1.0,0,1
1.0,0,1
1.0,0,1
1.0,0,1
1.0,0,1
1.0,0,1
1.0,0,1
1.0,0,1
1.0,0,1
1.0,0,1
1.0,0,1
1.0,0,1
1.0,0,1
1.0,0,1
1.0,0,1
1.0,0,1
1.0,0,1
1.0,0,1
1.0,0,1
1.0,0,1
1.0,0,1
1.0,0,1
1.0,0,1
1.0,0,1
1.0,0,1
1.0,0,1
1.0,0,1
1.0,0,1
1.0,0,1
1.0,0,1
1.0,0,1
1.0,0,1
1.0,0,1
1.0,0,1
1.0,0,1
1.0,0,1
1.0,0,1
1.0,0,1
1.0,0,1
1.0,0,1
1.0,0,1
1.0,0,1
1.0,0,1
1.0,0,1
1.0,0,1
1.0,0,1
1.0,0,1
1.0,0,1
1.0,0,1
1.0,0,1
1.0,0,1
1.0,0,1
1.0,0,1
1.0,0,1
0.99710953,0,1
1.0,0,1
1.0,0,1
1.0,0,1
1.0,0,1
1.0,0,1
1.0,0,1
1.0,0,1
1.0,0,1
1.0,0,1
1.0,0,1
1.0,0,1
1.0,0,1
1.0,0,1
1.0,0,1
1.0,0,1
1.0,0,1
1.0,0,1
1.0,0,1
1.0,0,1
1.0,0,1
1.0,0,1
1.0,0,1
1.0,0,1
1.0,0,1
1.0,0,1
1.0,0,1
1.0,0,1
1.0,0,1
1.0,0,1
1.0,0,1
0.9550154,0,1
0.99999917,0,1
1.0,0,1
1.0,0,1
1.0,0,1
1.0,0,1
1.0,0,1
1.0,0,1
1.0,0,1
1.0,0,1
1.0,0,1
1.0,0,1
1.0,0,1
1.0,0,1
1.0,0,1
1.0,0,1
1.0,0,1
1.0,0,1
1.0,0,1
1.0,0,1
1.0,0,1
1.0,0,1
1.0,0,1
1.0,0,1
1.0,0,1
1.0,0,1
1.0,0,1
1.0,0,1
1.0,0,1
1.0,0,1
1.0,0,1
0.9997391,0,1
1.0,0,1
1.0,0,1
1.0,0,1
0.99999714,0,1
1.0,0,1
1.0,0,1
1.0,0,1
1.0,0,1
1.0,0,1
1.0,0,1
1.0,0,1
1.0,0,1
1.0,0,1
1.0,0,1
1.0,0,1
1.0,0,1
1.0,0,1
1.0,0,1
1.0,0,1
1.0,0,1
1.0,0,1
1.0,0,1
1.0,0,1
1.0,0,1
1.0,0,1
1.0,0,1
1.0,0,1
1.0,0,1
1.0,0,1
1.0,0,1
1.0,0,1
1.0,0,1
1.0,0,1
1.0,0,1
1.0,0,1
1.0,0,1
1.0,0,1
1.0,0,1
1.0,0,1
1.0,0,1
1.0,0,1
1.0,0,1
1.0,0,1
1.0,0,1
1.0,0,1
1.0,0,1
1.0,0,1
1.0,0,1
1.0,0,1
1.0,0,1
1.0,0,1
1.0,0,1
1.0,0,1
1.0,0,1
1.0,0,1
1.0,0,1
1.0,0,1
1.0,0,1
1.0,0,1
1.0,0,1
1.0,0,1
1.0,0,1
1.0,0,1
1.0,0,1
1.0,0,1
1.0,0,1
0.99999994,0,1
1.0,0,1
1.0,0,1
1.0,0,1
1.0,0,1
1.0,0,1
1.0,0,1
1.0,0,1
1.0,0,1
1.0,0,1
1.0,0,1
1.0,0,1
1.0,0,1
1.0,0,1
1.0,0,1
1.0,0,1
1.0,0,1
1.0,0,1
1.0,0,1
1.0,0,1
1.0,0,1
1.0,0,1
1.0,0,1
1.0,0,1
1.0,0,1
1.0,0,1
1.0,0,1
1.0,0,1
1.0,0,1
1.0,0,1
1.0,0,1
1.0,0,1
1.0,0,1
1.0,0,1
1.0,0,1
1.0,0,1
1.0,0,1
1.0,0,1
1.0,0,1
1.0,0,1
1.0,0,1
1.0,0,1
1.0,0,1
1.0,0,1
1.0,0,1
1.0,0,1
1.0,0,1
1.0,0,1
1.0,0,1
1.0,0,1
1.0,0,1
1.0,0,1
1.0,0,1
1.0,0,1
1.0,0,1
1.0,0,1
1.0,0,1
1.0,0,1
1.0,0,1
1.0,0,1
1.0,0,1
1.0,0,1
1.0,0,1
1.0,0,1
1.0,0,1
1.0,0,1
1.0,0,1
1.0,0,1
1.0,0,1
1.0,0,1
1.0,0,1
1.0,0,1
1.0,0,1
1.0,0,1
1.0,0,1
1.0,0,1
1.0,0,1
1.0,0,1
1.0,0,1
1.0,0,1
1.0,0,1
1.0,0,1
1.0,0,1
1.0,0,1
1.0,0,1
1.0,0,1
1.0,0,1
1.0,0,1
1.0,0,1
1.0,0,1
1.0,0,1
1.0,0,1
1.0,0,1
1.0,0,1
1.0,0,1
1.0,0,1
1.0,0,1
1.0,0,1
1.0,0,1
1.0,0,1
1.0,0,1
1.0,0,1
1.0,0,1
1.0,0,1
1.0,0,1
1.0,0,1
1.0,0,1
1.0,0,1
1.0,0,1
1.0,0,1
1.0,0,1
1.0,0,1
1.0,0,1
1.0,0,1
1.0,0,1
1.0,0,1
1.0,0,1
1.0,0,1
1.0,0,1
1.0,0,1
1.0,0,1
1.0,0,1
1.0,0,1
0.99999964,0,1
0.99999994,0,1
1.0,0,1
1.0,0,1
1.0,0,1
1.0,0,1
1.0,0,1
1.0,0,1
1.0,0,1
1.0,0,1
1.0,0,1
1.0,0,1
1.0,0,1
1.0,0,1
1.0,0,1
1.0,0,1
1.0,0,1
1.0,0,1
1.0,0,1
1.0,0,1
1.0,0,1
1.0,0,1
1.0,0,1
1.0,0,1
1.0,0,1
1.0,0,1
1.0,0,1
1.0,0,1
1.0,0,1
1.0,0,1
1.0,0,1
1.0,0,1
1.0,0,1
1.0,0,1
1.0,0,1
1.0,0,1
1.0,0,1
1.0,0,1
1.0,0,1
1.0,0,1
1.0,0,1
1.0,0,1
1.0,0,1
1.0,0,1
1.0,0,1
1.0,0,1
1.0,0,1
1.0,0,1
1.0,0,1
1.0,0,1
1.0,0,1
1.0,0,1
1.0,0,1
1.0,0,1
1.0,0,1
1.0,0,1
1.0,0,1
1.0,0,1
1.0,0,1
1.0,0,1
1.0,0,1
1.0,0,1
1.0,0,1
1.0,0,1
1.0,0,1
1.0,0,1
1.0,0,1
1.0,0,1
1.0,0,1
1.0,0,1
1.0,0,1
1.0,0,1
1.0,0,1
1.0,0,1
1.0,0,1
1.0,0,1
1.0,0,1
1.0,0,1
1.0,0,1
1.0,0,1
1.0,0,1
1.0,0,1
1.0,0,1
1.0,0,1
1.0,0,1
1.0,0,1
1.0,0,1
1.0,0,1
1.0,0,1
1.0,0,1
1.0,0,1
1.0,0,1
1.0,0,1
1.0,0,1
1.0,0,1
1.0,0,1
1.0,0,1
1.0,0,1
1.0,0,1
1.0,0,1
1.0,0,1
1.0,0,1
1.0,0,1
1.0,0,1
1.0,0,1
1.0,0,1
1.0,0,1
1.0,0,1
1.0,0,1
1.0,0,1
1.0,0,1
1.0,0,1
1.0,0,1
1.0,0,1
1.0,0,1
1.0,0,1
1.0,0,1
1.0,0,1
1.0,0,1
1.0,0,1
1.0,0,1
1.0,0,1
1.0,0,1
1.0,0,1
1.0,0,1
1.0,0,1
1.0,0,1
1.0,0,1
1.0,0,1
1.0,0,1
1.0,0,1
1.0,0,1
1.0,0,1
1.0,0,1
1.0,0,1
1.0,0,1
1.0,0,1
1.0,0,1
1.0,0,1
1.0,0,1
1.0,0,1
1.0,0,1
1.0,0,1
1.0,0,1
1.0,0,1
1.0,0,1
1.0,0,1
1.0,0,1
1.0,0,1
1.0,0,1
1.0,0,1
1.0,0,1
1.0,0,1
1.0,0,1
1.0,0,1
1.0,0,1
1.0,0,1
1.0,0,1
1.0,0,1
1.0,0,1
1.0,0,1
1.0,0,1
1.0,0,1
1.0,0,1
1.0,0,1
1.0,0,1
1.0,0,1
1.0,0,1
1.0,0,1
1.0,0,1
1.0,0,1
1.0,0,1
1.0,0,1
1.0,0,1
1.0,0,1
1.0,0,1
1.0,0,1
1.0,0,1
1.0,0,1
1.0,0,1
1.0,0,1
1.0,0,1
1.0,0,1
1.0,0,1
1.0,0,1
1.0,0,1
1.0,0,1
1.0,0,1
1.0,0,1
1.0,0,1
1.0,0,1
1.0,0,1
1.0,0,1
1.0,0,1
1.0,0,1
1.0,0,1
1.0,0,1
1.0,0,1
1.0,0,1
1.0,0,1
1.0,0,1
1.0,0,1
1.0,0,1
1.0,0,1
1.0,0,1
1.0,0,1
1.0,0,1
1.0,0,1
1.0,0,1
1.0,0,1
1.0,0,1
1.0,0,1
1.0,0,1
1.0,0,1
1.0,0,1
1.0,0,1
1.0,0,1
1.0,0,1
1.0,0,1
1.0,0,1
1.0,0,1
1.0,0,1
1.0,0,1
1.0,0,1
1.0,0,1
1.0,0,1
1.0,0,1
1.0,0,1
1.0,0,1
1.0,0,1
1.0,0,1
1.0,0,1
1.0,0,1
1.0,0,1
1.0,0,1
1.0,0,1
1.0,0,1
1.0,0,1
1.0,0,1
1.0,0,1
1.0,0,1
1.0,0,1
1.0,0,1
1.0,0,1
1.0,0,1
1.0,0,1
1.0,0,1
1.0,0,1
1.0,0,1
1.0,0,1
1.0,0,1
1.0,0,1
1.0,0,1
1.0,0,1
1.0,0,1
1.0,0,1
1.0,0,1
1.0,0,1
1.0,0,1
1.0,0,1
1.0,0,1
1.0,0,1
1.0,0,1
1.0,0,1
1.0,0,1
1.0,0,1
1.0,0,1
1.0,0,1
1.0,0,1
1.0,0,1
1.0,0,1
1.0,0,1
1.0,0,1
1.0,0,1
1.0,0,1
1.0,0,1
1.0,0,1
1.0,0,1
1.0,0,1
1.0,0,1
1.0,0,1
1.0,0,1
1.0,0,1
1.0,0,1
1.0,0,1
1.0,0,1
1.0,0,1
1.0,0,1
1.0,0,1
1.0,0,1
1.0,0,1
1.0,0,1
1.0,0,1
1.0,0,1
1.0,0,1
1.0,0,1
1.0,0,1
1.0,0,1
1.0,0,1
1.0,0,1
1.0,0,1
1.0,0,1
1.0,0,1
1.0,0,1
1.0,0,1
1.0,0,1
1.0,0,1
1.0,0,1
1.0,0,1
1.0,0,1
1.0,0,1
1.0,0,1
1.0,0,1
1.0,0,1
1.0,0,1
1.0,0,1
1.0,0,1
1.0,0,1
1.0,0,1
1.0,0,1
1.0,0,1
1.0,0,1
1.0,0,1
1.0,0,1
1.0,0,1
1.0,0,1
1.0,0,1
1.0,0,1
1.0,0,1
1.0,0,1
1.0,0,1
1.0,0,1
1.0,0,1
1.0,0,1
1.0,0,1
1.0,0,1
1.0,0,1
1.0,0,1
1.0,0,1
1.0,0,1
1.0,0,1
1.0,0,1
1.0,0,1
1.0,0,1
1.0,0,1
1.0,0,1
1.0,0,1
1.0,0,1
1.0,0,1
1.0,0,1
1.0,0,1
1.0,0,1
1.0,0,1
1.0,0,1
1.0,0,1
1.0,0,1
1.0,0,1
1.0,0,1
1.0,0,1
1.0,0,1
1.0,0,1
1.0,0,1
1.0,0,1
1.0,0,1
1.0,0,1
1.0,0,1
1.0,0,1
1.0,0,1
1.0,0,1
1.0,0,1
1.0,0,1
1.0,0,1
1.0,0,1
1.0,0,1
1.0,0,1
1.0,0,1
1.0,0,1
1.0,0,1
1.0,0,1
1.0,0,1
1.0,0,1
1.0,0,1
1.0,0,1
1.0,0,1
1.0,0,1
1.0,0,1
1.0,0,1
1.0,0,1
1.0,0,1
1.0,0,1
1.0,0,1
1.0,0,1
1.0,0,1
1.0,0,1
1.0,0,1
1.0,0,1
1.0,0,1
1.0,0,1
1.0,0,1
1.0,0,1
1.0,0,1
1.0,0,1
1.0,0,1
1.0,0,1
1.0,0,1
1.0,0,1
1.0,0,1
1.0,0,1
1.0,0,1
1.0,0,1
1.0,0,1
1.0,0,1
1.0,0,1
1.0,0,1
1.0,0,1
1.0,0,1
1.0,0,1
1.0,0,1
1.0,0,1
1.0,0,1
1.0,0,1
1.0,0,1
1.0,0,1
1.0,0,1
1.0,0,1
1.0,0,1
1.0,0,1
1.0,0,1
1.0,0,1
1.0,0,1
1.0,0,1
1.0,0,1
1.0,0,1
1.0,0,1
1.0,0,1
1.0,0,1
1.0,0,1
1.0,0,1
1.0,0,1
1.0,0,1
1.0,0,1
1.0,0,1
1.0,0,1
1.0,0,1
1.0,0,1
1.0,0,1
1.0,0,1
1.0,0,1
1.0,0,1
1.0,0,1
1.0,0,1
1.0,0,1
1.0,0,1
1.0,0,1
1.0,0,1
1.0,0,1
1.0,0,1
1.0,0,1
1.0,0,1
1.0,0,1
1.0,0,1
1.0,0,1
1.0,0,1
1.0,0,1
1.0,0,1
1.0,0,1
1.0,0,1
1.0,0,1
1.0,0,1
1.0,0,1
1.0,0,1
1.0,0,1
1.0,0,1
1.0,0,1
1.0,0,1
1.0,0,1
1.0,0,1
1.0,0,1
1.0,0,1
1.0,0,1
1.0,0,1
1.0,0,1
1.0,0,1
1.0,0,1
1.0,0,1
1.0,0,1
1.0,0,1
1.0,0,1
1.0,0,1
1.0,0,1
1.0,0,1
1.0,0,1
1.0,0,1
1.0,0,1
1.0,0,1
1.0,0,1
1.0,0,1
1.0,0,1
1.0,0,1
1.0,0,1
1.0,0,1
1.0,0,1
1.0,0,1
1.0,0,1
1.0,0,1
1.0,0,1
1.0,0,1
1.0,0,1
1.0,0,1
1.0,0,1
1.0,0,1
1.0,0,1
1.0,0,1
1.0,0,1
1.0,0,1
1.0,0,1
1.0,0,1
1.0,0,1
1.0,0,1
1.0,0,1
1.0,0,1
1.0,0,1
1.0,0,1
1.0,0,1
1.0,0,1
1.0,0,1
1.0,0,1
1.0,0,1
1.0,0,1
1.0,0,1
1.0,0,1
1.0,0,1
1.0,0,1
1.0,0,1
1.0,0,1
1.0,0,1
1.0,0,1
1.0,0,1
1.0,0,1
1.0,0,1
1.0,0,1
1.0,0,1
1.0,0,1
1.0,0,1
1.0,0,1
1.0,0,1
1.0,0,1
1.0,0,1
1.0,0,1
1.0,0,1
1.0,0,1
1.0,0,1
1.0,0,1
1.0,0,1
1.0,0,1
1.0,0,1
1.0,0,1
1.0,0,1
1.0,0,1
1.0,0,1
1.0,0,1
1.0,0,1
1.0,0,1
1.0,0,1
1.0,0,1
1.0,0,1
1.0,0,1
1.0,0,1
1.0,0,1
1.0,0,1
1.0,0,1
1.0,0,1
1.0,0,1
1.0,0,1
1.0,0,1
1.0,0,1
1.0,0,1
1.0,0,1
1.0,0,1
1.0,0,1
1.0,0,1
1.0,0,1
1.0,0,1
1.0,0,1
1.0,0,1
1.0,0,1
1.0,0,1
1.0,0,1
1.0,0,1
1.0,0,1
1.0,0,1
1.0,0,1
1.0,0,1
1.0,0,1
1.0,0,1
1.0,0,1
1.0,0,1
1.0,0,1
1.0,0,1
1.0,0,1
1.0,0,1
1.0,0,1
1.0,0,1
1.0,0,1
1.0,0,1
1.0,0,1
1.0,0,1
1.0,0,1
1.0,0,1
1.0,0,1
1.0,0,1
1.0,0,1
1.0,0,1
1.0,0,1
1.0,0,1
1.0,0,1
1.0,0,1
1.0,0,1
1.0,0,1
1.0,0,1
1.0,0,1
1.0,0,1
1.0,0,1
1.0,0,1
1.0,0,1
1.0,0,1
1.0,0,1
1.0,0,1
1.0,0,1
1.0,0,1
1.0,0,1
1.0,0,1
1.0,0,1
1.0,0,1
1.0,0,1
1.0,0,1
1.0,0,1
1.0,0,1
1.0,0,1
1.0,0,1
1.0,0,1
1.0,0,1
1.0,0,1
1.0,0,1
1.0,0,1
1.0,0,1
1.0,0,1
1.0,0,1
1.0,0,1
1.0,0,1
1.0,0,1
1.0,0,1
1.0,0,1
1.0,0,1
1.0,0,1
1.0,0,1
1.0,0,1
1.0,0,1
1.0,0,1
1.0,0,1
1.0,0,1
1.0,0,1
1.0,0,1
1.0,0,1
1.0,0,1
1.0,0,1
1.0,0,1
1.0,0,1
1.0,0,1
1.0,0,1
1.0,0,1
1.0,0,1
1.0,0,1
1.0,0,1
1.0,0,1
1.0,0,1
1.0,0,1
1.0,0,1
1.0,0,1
1.0,0,1
1.0,0,1
1.0,0,1
1.0,0,1
1.0,0,1
1.0,0,1
1.0,0,1
1.0,0,1
1.0,0,1
1.0,0,1
1.0,0,1
1.0,0,1
1.0,0,1
1.0,0,1
1.0,0,1
1.0,0,1
1.0,0,1
1.0,0,1
1.0,0,1
1.0,0,1
1.0,0,1
1.0,0,1
1.0,0,1
1.0,0,1
1.0,0,1
1.0,0,1
1.0,0,1
1.0,0,1
1.0,0,1
1.0,0,1
1.0,0,1
1.0,0,1
1.0,0,1
1.0,0,1
1.0,0,1
1.0,0,1
1.0,0,1
1.0,0,1
1.0,0,1
1.0,0,1
1.0,0,1
1.0,0,1
1.0,0,1
1.0,0,1
1.0,0,1
1.0,0,1
1.0,0,1
1.0,0,1
1.0,0,1
1.0,0,1
1.0,0,1
1.0,0,1
1.0,0,1
1.0,0,1
1.0,0,1
1.0,0,1
1.0,0,1
1.0,0,1
1.0,0,1
1.0,0,1
1.0,0,1
1.0,0,1
1.0,0,1
1.0,0,1
1.0,0,1
1.0,0,1
1.0,0,1
1.0,0,1
1.0,0,1
1.0,0,1
1.0,0,1
1.0,0,1
1.0,0,1
1.0,0,1
1.0,0,1
1.0,0,1
1.0,0,1
1.0,0,1
1.0,0,1
1.0,0,1
1.0,0,1
1.0,0,1
1.0,0,1
1.0,0,1
1.0,0,1
1.0,0,1
1.0,0,1
1.0,0,1
1.0,0,1
1.0,0,1
1.0,0,1
1.0,0,1
1.0,0,1
1.0,0,1
1.0,0,1
1.0,0,1
1.0,0,1
1.0,0,1
1.0,0,1
1.0,0,1
1.0,0,1
1.0,0,1
1.0,0,1
1.0,0,1
1.0,0,1
1.0,0,1
1.0,0,1
1.0,0,1
1.0,0,1
1.0,0,1
1.0,0,1
1.0,0,1
1.0,0,1
1.0,0,1
1.0,0,1
1.0,0,1
1.0,0,1
1.0,0,1
1.0,0,1
1.0,0,1
1.0,0,1
1.0,0,1
1.0,0,1
1.0,0,1
1.0,0,1
1.0,0,1
1.0,0,1
1.0,0,1
1.0,0,1
1.0,0,1
1.0,0,1
1.0,0,1
1.0,0,1
1.0,0,1
1.0,0,1
1.0,0,1
1.0,0,1
1.0,0,1
1.0,0,1
1.0,0,1
1.0,0,1
1.0,0,1
1.0,0,1
1.0,0,1
1.0,0,1
1.0,0,1
1.0,0,1
1.0,0,1
1.0,0,1
1.0,0,1
1.0,0,1
1.0,0,1
1.0,0,1
1.0,0,1
1.0,0,1
1.0,0,1
1.0,0,1
1.0,0,1
1.0,0,1
1.0,0,1
1.0,0,1
1.0,0,1
1.0,0,1
1.0,0,1
1.0,0,1
1.0,0,1
1.0,0,1
1.0,0,1
1.0,0,1
1.0,0,1
1.0,0,1
1.0,0,1
1.0,0,1
1.0,0,1
1.0,0,1
1.0,0,1
1.0,0,1
1.0,0,1
1.0,0,1
1.0,0,1
1.0,0,1
1.0,0,1
1.0,0,1
1.0,0,1
1.0,0,1
1.0,0,1
1.0,0,1
1.0,0,1
1.0,0,1
1.0,0,1
1.0,0,1
1.0,0,1
1.0,0,1
1.0,0,1
1.0,0,1
1.0,0,1
1.0,0,1
1.0,0,1
1.0,0,1
1.0,0,1
1.0,0,1
1.0,0,1
1.0,0,1
1.0,0,1
1.0,0,1
1.0,0,1
1.0,0,1
1.0,0,1
1.0,0,1
1.0,0,1
1.0,0,1
1.0,0,1
1.0,0,1
1.0,0,1
1.0,0,1
1.0,0,1
1.0,0,1
1.0,0,1
1.0,0,1
1.0,0,1
1.0,0,1
1.0,0,1
1.0,0,1
1.0,0,1
1.0,0,1
1.0,0,1
1.0,0,1
1.0,0,1
1.0,0,1
1.0,0,1
1.0,0,1
1.0,0,1
1.0,0,1
1.0,0,1
1.0,0,1
1.0,0,1
1.0,0,1
1.0,0,1
1.0,0,1
1.0,0,1
1.0,0,1
1.0,0,1
1.0,0,1
1.0,0,1
1.0,0,1
1.0,0,1
1.0,0,1
1.0,0,1
1.0,0,1
1.0,0,1
1.0,0,1
1.0,0,1
1.0,0,1
1.0,0,1
1.0,0,1
1.0,0,1
1.0,0,1
1.0,0,1
1.0,0,1
1.0,0,1
1.0,0,1
1.0,0,1
1.0,0,1
1.0,0,1
1.0,0,1
1.0,0,1
1.0,0,1
1.0,0,1
1.0,0,1
1.0,0,1
1.0,0,1
1.0,0,1
1.0,0,1
1.0,0,1
1.0,0,1
1.0,0,1
1.0,0,1
1.0,0,1
1.0,0,1
1.0,0,1
1.0,0,1
1.0,0,1
1.0,0,1
1.0,0,1
1.0,0,1
1.0,0,1
1.0,0,1
1.0,0,1
1.0,0,1
1.0,0,1
1.0,0,1
1.0,0,1
1.0,0,1
1.0,0,1
1.0,0,1
1.0,0,1
1.0,0,1
1.0,0,1
1.0,0,1
1.0,0,1
1.0,0,1
1.0,0,1
1.0,0,1
1.0,0,1
1.0,0,1
1.0,0,1
1.0,0,1
1.0,0,1
1.0,0,1
1.0,0,1
1.0,0,1
1.0,0,1
1.0,0,1
1.0,0,1
1.0,0,1
1.0,0,1
1.0,0,1
1.0,0,1
1.0,0,1
1.0,0,1
1.0,0,1
1.0,0,1
1.0,0,1
1.0,0,1
1.0,0,1
1.0,0,1
1.0,0,1
1.0,0,1
1.0,0,1
1.0,0,1
1.0,0,1
1.0,0,1
1.0,0,1
1.0,0,1
1.0,0,1
1.0,0,1
1.0,0,1
1.0,0,1
1.0,0,1
1.0,0,1
1.0,0,1
1.0,0,1
1.0,0,1
1.0,0,1
1.0,0,1
1.0,0,1
1.0,0,1
1.0,0,1
1.0,0,1
1.0,0,1
1.0,0,1
1.0,0,1
1.0,0,1
1.0,0,1
1.0,0,1
1.0,0,1
1.0,0,1
1.0,0,1
1.0,0,1
1.0,0,1
1.0,0,1
1.0,0,1
1.0,0,1
1.0,0,1
1.0,0,1
1.0,0,1
1.0,0,1
1.0,0,1
1.0,0,1
1.0,0,1
1.0,0,1
1.0,0,1
1.0,0,1
1.0,0,1
1.0,0,1
1.0,0,1
1.0,0,1
1.0,0,1
1.0,0,1
1.0,0,1
1.0,0,1
1.0,0,1
1.0,0,1
1.0,0,1
1.0,0,1
1.0,0,1
1.0,0,1
1.0,0,1
1.0,0,1
1.0,0,1
1.0,0,1
1.0,0,1
1.0,0,1
1.0,0,1
1.0,0,1
1.0,0,1
1.0,0,1
1.0,0,1
1.0,0,1
1.0,0,1
1.0,0,1
1.0,0,1
1.0,0,1
1.0,0,1
1.0,0,1
1.0,0,1
1.0,0,1
1.0,0,1
1.0,0,1
1.0,0,1
1.0,0,1
1.0,0,1
1.0,0,1
1.0,0,1
1.0,0,1
1.0,0,1
1.0,0,1
1.0,0,1
1.0,0,1
1.0,0,1
1.0,0,1
1.0,0,1
1.0,0,1
1.0,0,1
1.0,0,1
1.0,0,1
1.0,0,1
1.0,0,1
1.0,0,1
1.0,0,1
1.0,0,1
1.0,0,1
1.0,0,1
1.0,0,1
1.0,0,1
1.0,0,1
1.0,0,1
1.0,0,1
1.0,0,1
1.0,0,1
1.0,0,1
1.0,0,1
1.0,0,1
1.0,0,1
1.0,0,1
1.0,0,1
1.0,0,1
1.0,0,1
1.0,0,1
1.0,0,1
1.0,0,1
1.0,0,1
1.0,0,1
1.0,0,1
1.0,0,1
1.0,0,1
1.0,0,1
1.0,0,1
1.0,0,1
1.0,0,1
1.0,0,1
1.0,0,1
1.0,0,1
1.0,0,1
1.0,0,1
1.0,0,1
1.0,0,1
1.0,0,1
1.0,0,1
1.0,0,1
1.0,0,1
1.0,0,1
1.0,0,1
1.0,0,1
1.0,0,1
1.0,0,1
1.0,0,1
1.0,0,1
1.0,0,1
1.0,0,1
1.0,0,1
1.0,0,1
1.0,0,1
1.0,0,1
1.0,0,1
1.0,0,1
1.0,0,1
1.0,0,1
1.0,0,1
1.0,0,1
1.0,0,1
1.0,0,1
1.0,0,1
1.0,0,1
1.0,0,1
1.0,0,1
1.0,0,1
1.0,0,1
1.0,0,1
1.0,0,1
1.0,0,1
1.0,0,1
1.0,0,1
1.0,0,1
1.0,0,1
1.0,0,1
1.0,0,1
1.0,0,1
1.0,0,1
1.0,0,1
1.0,0,1
1.0,0,1
1.0,0,1
1.0,0,1
1.0,0,1
1.0,0,1
1.0,0,1
1.0,0,1
1.0,0,1
1.0,0,1
1.0,0,1
1.0,0,1
1.0,0,1
1.0,0,1
1.0,0,1
1.0,0,1
1.0,0,1
1.0,0,1
1.0,0,1
1.0,0,1
1.0,0,1
1.0,0,1
1.0,0,1
1.0,0,1
1.0,0,1
1.0,0,1
1.0,0,1
1.0,0,1
1.0,0,1
1.0,0,1
1.0,0,1
1.0,0,1
1.0,0,1
1.0,0,1
1.0,0,1
1.0,0,1
1.0,0,1
1.0,0,1
1.0,0,1
1.0,0,1
1.0,0,1
1.0,0,1
1.0,0,1
1.0,0,1
1.0,0,1
1.0,0,1
1.0,0,1
1.0,0,1
1.0,0,1
1.0,0,1
1.0,0,1
1.0,0,1
1.0,0,1
1.0,0,1
1.0,0,1
1.0,0,1
1.0,0,1
1.0,0,1
1.0,0,1
1.0,0,1
1.0,0,1
1.0,0,1
1.0,0,1
1.0,0,1
1.0,0,1
1.0,0,1
1.0,0,1
1.0,0,1
1.0,0,1
1.0,0,1
1.0,0,1
1.0,0,1
1.0,0,1
1.0,0,1
1.0,0,1
1.0,0,1
1.0,0,1
1.0,0,1
1.0,0,1
1.0,0,1
1.0,0,1
1.0,0,1
1.0,0,1
1.0,0,1
1.0,0,1
1.0,0,1
1.0,0,1
1.0,0,1
1.0,0,1
1.0,0,1
1.0,0,1
1.0,0,1
1.0,0,1
1.0,0,1
1.0,0,1
1.0,0,1
1.0,0,1
1.0,0,1
1.0,0,1
1.0,0,1
1.0,0,1
1.0,0,1
1.0,0,1
1.0,0,1
1.0,0,1
1.0,0,1
1.0,0,1
1.0,0,1
1.0,0,1
1.0,0,1
1.0,0,1
1.0,0,1
1.0,0,1
1.0,0,1
1.0,0,1
1.0,0,1
1.0,0,1
1.0,0,1
1.0,0,1
1.0,0,1
1.0,0,1
1.0,0,1
1.0,0,1
1.0,0,1
1.0,0,1
1.0,0,1
1.0,0,1
1.0,0,1
1.0,0,1
1.0,0,1
1.0,0,1
1.0,0,1
1.0,0,1
1.0,0,1
1.0,0,1
1.0,0,1
1.0,0,1
1.0,0,1
1.0,0,1
1.0,0,1
1.0,0,1
1.0,0,1
1.0,0,1
1.0,0,1
1.0,0,1
1.0,0,1
1.0,0,1
1.0,0,1
1.0,0,1
1.0,0,1
1.0,0,1
1.0,0,1
1.0,0,1
1.0,0,1
1.0,0,1
1.0,0,1
1.0,0,1
1.0,0,1
1.0,0,1
1.0,0,1
1.0,0,1
1.0,0,1
1.0,0,1
1.0,0,1
1.0,0,1
1.0,0,1
1.0,0,1
1.0,0,1
1.0,0,1
1.0,0,1
1.0,0,1
1.0,0,1
1.0,0,1
1.0,0,1
1.0,0,1
1.0,0,1
1.0,0,1
1.0,0,1
1.0,0,1
1.0,0,1
1.0,0,1
1.0,0,1
1.0,0,1
1.0,0,1
1.0,0,1
1.0,0,1
1.0,0,1
1.0,0,1
1.0,0,1
1.0,0,1
1.0,0,1
1.0,0,1
1.0,0,1
1.0,0,1
1.0,0,1
1.0,0,1
1.0,0,1
1.0,0,1
1.0,0,1
1.0,0,1
1.0,0,1
1.0,0,1
1.0,0,1
1.0,0,1
1.0,0,1
1.0,0,1
1.0,0,1
1.0,0,1
1.0,0,1
1.0,0,1
1.0,0,1
1.0,0,1
1.0,0,1
1.0,0,1
1.0,0,1
1.0,0,1
1.0,0,1
1.0,0,1
1.0,0,1
1.0,0,1
1.0,0,1
1.0,0,1
1.0,0,1
1.0,0,1
1.0,0,1
1.0,0,1
1.0,0,1
1.0,0,1
1.0,0,1
1.0,0,1
1.0,0,1
1.0,0,1
1.0,0,1
1.0,0,1
1.0,0,1
1.0,0,1
1.0,0,1
1.0,0,1
1.0,0,1
1.0,0,1
1.0,0,1
1.0,0,1
1.0,0,1
1.0,0,1
1.0,0,1
1.0,0,1
1.0,0,1
1.0,0,1
1.0,0,1
1.0,0,1
1.0,0,1
1.0,0,1
1.0,0,1
1.0,0,1
1.0,0,1
1.0,0,1
1.0,0,1
1.0,0,1
1.0,0,1
1.0,0,1
1.0,0,1
1.0,0,1
1.0,0,1
1.0,0,1
1.0,0,1
1.0,0,1
1.0,0,1
1.0,0,1
1.0,0,1
1.0,0,1
1.0,0,1
1.0,0,1
1.0,0,1
1.0,0,1
1.0,0,1
1.0,0,1
1.0,0,1
1.0,0,1
1.0,0,1
1.0,0,1
1.0,0,1
1.0,0,1
1.0,0,1
1.0,0,1
1.0,0,1
1.0,0,1
1.0,0,1
1.0,0,1
1.0,0,1
1.0,0,1
1.0,0,1
1.0,0,1
1.0,0,1
1.0,0,1
1.0,0,1
1.0,0,1
1.0,0,1
1.0,0,1
1.0,0,1
1.0,0,1
1.0,0,1
1.0,0,1
1.0,0,1
1.0,0,1
1.0,0,1
1.0,0,1
1.0,0,1
1.0,0,1
1.0,0,1
1.0,0,1
1.0,0,1
1.0,0,1
1.0,0,1
1.0,0,1
1.0,0,1
1.0,0,1
1.0,0,1
1.0,0,1
1.0,0,1
1.0,0,1
1.0,0,1
1.0,0,1
1.0,0,1
1.0,0,1
1.0,0,1
1.0,0,1
1.0,0,1
1.0,0,1
1.0,0,1
1.0,0,1
1.0,0,1
1.0,0,1
1.0,0,1
1.0,0,1
1.0,0,1
1.0,0,1
1.0,0,1
1.0,0,1
1.0,0,1
1.0,0,1
1.0,0,1
1.0,0,1
1.0,0,1
1.0,0,1
1.0,0,1
1.0,0,1
1.0,0,1
1.0,0,1
1.0,0,1
1.0,0,1
1.0,0,1
1.0,0,1
1.0,0,1
1.0,0,1
1.0,0,1
1.0,0,1
1.0,0,1
1.0,0,1
1.0,0,1
1.0,0,1
1.0,0,1
1.0,0,1
1.0,0,1
1.0,0,1
1.0,0,1
1.0,0,1
1.0,0,1
1.0,0,1
1.0,0,1
1.0,0,1
1.0,0,1
1.0,0,1
1.0,0,1
1.0,0,1
1.0,0,1
1.0,0,1
1.0,0,1
1.0,0,1
1.0,0,1
1.0,0,1
1.0,0,1
1.0,0,1
1.0,0,1
1.0,0,1
1.0,0,1
1.0,0,1
1.0,0,1
1.0,0,1
1.0,0,1
1.0,0,1
1.0,0,1
1.0,0,1
1.0,0,1
1.0,0,1
1.0,0,1
1.0,0,1
1.0,0,1
1.0,0,1
1.0,0,1
1.0,0,1
1.0,0,1
1.0,0,1
1.0,0,1
1.0,0,1
1.0,0,1
1.0,0,1
1.0,0,1
1.0,0,1
1.0,0,1
1.0,0,1
1.0,0,1
1.0,0,1
1.0,0,1
1.0,0,1
1.0,0,1
1.0,0,1
1.0,0,1
1.0,0,1
1.0,0,1
1.0,0,1
1.0,0,1
1.0,0,1
1.0,0,1
1.0,0,1
1.0,0,1
1.0,0,1
1.0,0,1
1.0,0,1
1.0,0,1
1.0,0,1
1.0,0,1
1.0,0,1
1.0,0,1
1.0,0,1
1.0,0,1
1.0,0,1
1.0,0,1
1.0,0,1
1.0,0,1
1.0,0,1
1.0,0,1
1.0,0,1
1.0,0,1
1.0,0,1
1.0,0,1
1.0,0,1
1.0,0,1
1.0,0,1
1.0,0,1
1.0,0,1
0.8192158,0,1
0.6298437,0,1
0.8019528,0,1
0.78153694,0,1
0.8258138,0,1
0.7557539,0,1
0.9386415,0,1
0.9877151,0,1
0.8196429,0,1
0.7011752,0,1
0.68891174,0,1
0.6721698,0,1
0.75152117,0,1
0.7871703,0,1
0.77623296,0,1
0.65448725,0,1
0.6788521,0,1
0.87642235,0,1
0.8025882,0,1
0.87843734,0,1
0.89964885,0,1
0.8550603,0,1
0.7716366,0,1
0.97129184,0,1
0.98137134,0,1
0.74428755,0,1
0.65281194,0,1
0.91929954,0,1
0.9839559,0,1
0.9715413,0,1
0.83480513,0,1
0.9566644,0,1
0.84302604,0,1
0.7447264,0,1
0.80406666,0,1
0.9303875,0,1
0.8529501,0,1
0.7358448,0,1
0.92104316,0,1
0.8634334,0,1
0.79503393,0,1
0.9643628,0,1
0.85450405,0,1
0.8932519,0,1
0.91847366,0,1
0.8703077,0,1
0.9062843,0,1
0.97659224,0,1
0.78038085,0,1
0.71230114,0,1
0.9421608,0,1
0.96194845,0,1
0.90789866,0,1
0.9622632,0,1
0.77585566,0,1
0.96605164,0,1
0.94089895,0,1
0.63545775,0,1
0.8094657,0,1
0.8448029,0,1
0.8000233,0,1
0.8779416,0,1
0.6419709,0,1
0.7459043,0,1
0.84425616,0,1
0.7405,0,1
0.8578099,0,1
0.88009906,0,1
0.8702974,0,1
0.8870296,0,1
0.8886025,0,1
0.91930604,0,1
0.6585575,0,1
0.7870314,0,1
0.8920184,0,1
0.66758454,0,1
0.7657559,0,1
0.90645206,0,1
0.9722826,0,1
0.96204203,0,1
0.8773434,0,1
0.89640707,0,1
0.9377485,0,1
0.83142525,0,1
0.6793066,0,1
0.67021346,0,1
0.7222555,0,1
0.9680996,0,1
0.9314568,0,1
0.61188257,0,1
0.6129566,0,1
0.56114835,0,1
0.5311959,0,1
0.6333598,0,1
0.7769055,0,1
0.9038344,0,1
0.75487864,0,1
0.7356533,0,1
0.6510757,0,1
0.8136591,0,1
0.95443124,0,1
0.81399477,0,1
0.7473223,0,1
0.9466901,0,1
0.9320157,0,1
0.79432416,0,1
0.7575922,0,1
0.6544869,0,1
0.6913804,0,1
0.9369565,0,1
0.9749072,0,1
0.98409766,0,1
0.96853495,0,1
0.9054589,0,1
0.8095468,0,1
0.84460366,0,1
0.905035,0,1
0.87201715,0,1
0.9528428,0,1
0.8600825,0,1
0.6850669,0,1
0.7194067,0,1
0.6862375,0,1
0.6622578,0,1
0.918409,0,1
0.98474395,0,1
0.9215082,0,1
0.88479644,0,1
0.72575325,0,1
0.66245043,0,1
0.8795101,0,1
0.7941215,0,1
0.9776183,0,1
0.9829372,0,1
0.9053829,0,1
0.7362468,0,1
0.6737429,0,1
0.7163327,0,1
0.96288574,0,1
0.88706374,0,1
0.8525993,0,1
0.79385585,0,1
0.8251111,0,1
0.77749085,0,1
0.7897437,0,1
0.9011862,0,1
0.84019375,0,1
0.9092838,0,1
0.72818255,0,1
0.5599035,0,1
0.60286766,0,1
0.6372675,0,1
0.839394,0,1
0.76325023,0,1
0.73239905,0,1
0.93360764,0,1
0.73177534,0,1
0.7460128,0,1
0.67589724,0,1
0.86702573,0,1
0.9448957,0,1
0.8707625,0,1
0.88878983,0,1
0.92942876,0,1
0.8371419,0,1
0.71516645,0,1
0.8549477,0,1
0.94030535,0,1
0.9160648,0,1
0.9652329,0,1
0.9781874,0,1
0.86711776,0,1
0.8385632,0,1
0.73734295,0,1
0.6913488,0,1
0.8489326,0,1
0.7702025,0,1
0.8915008,0,1
0.70658827,0,1
0.7122791,0,1
0.7685348,0,1
0.97757524,0,1
0.97693723,0,1
0.85824925,0,1
0.8191755,0,1
0.61189914,0,1
0.828321,0,1
0.93829787,0,1
0.88888127,0,1
0.6454164,0,1
0.5841073,0,1
0.58164597,0,1
0.59643817,0,1
0.7234162,0,1
0.80668056,0,1
0.7501309,0,1
0.7173786,0,1
0.8505002,0,1
0.9475122,0,1
0.9250938,0,1
0.97714025,0,1
0.9082647,0,1
0.79606014,0,1
0.93940765,0,1
0.77491885,0,1
0.68558055,0,1
0.9344036,0,1
0.7954447,0,1
0.7235676,0,1
0.85680974,0,1
0.84991634,0,1
0.9027182,0,1
0.8311845,0,1
0.7913586,0,1
0.8942514,0,1
0.85095733,0,1
0.6341517,0,1
0.70977235,0,1
0.87575334,0,1
0.9421232,0,1
0.8063005,0,1
0.8852193,0,1
0.9574286,0,1
0.9396286,0,1
0.8911044,0,1
0.80043185,0,1
0.7765836,0,1
0.93247414,0,1
0.9595078,0,1
0.7806401,0,1
0.60726655,0,1
0.6811199,0,1
0.7618984,0,1
0.97269785,0,1
0.8846218,0,1
0.86969966,0,1
0.90617657,0,1
0.95374185,0,1
0.96644574,0,1
0.91393375,0,1
0.89212435,0,1
0.63003725,0,1
0.6464964,0,1
0.8229362,0,1
0.9253804,0,1
0.91443866,0,1
0.8362372,0,1
0.71559393,0,1
0.7294309,0,1
0.8902891,0,1
0.8619485,0,1
0.92814755,0,1
0.77818036,0,1
0.8351821,0,1
0.7882127,0,1
0.88794607,0,1
0.7458972,0,1
0.713482,0,1
0.88845956,0,1
0.9148156,0,1
0.7434393,0,1
0.62675685,0,1
0.6120329,0,1
0.65071416,0,1
0.9212376,0,1
0.8176991,0,1
0.8363551,0,1
0.933706,0,1
0.83981234,0,1
0.86204594,0,1
0.91465425,0,1
0.9238507,0,1
0.8423719,0,1
0.6282677,0,1
0.6860142,0,1
0.9438105,0,1
0.836807,0,1
0.7804636,0,1
0.74542975,0,1
0.97214186,0,1
0.7990052,0,1
0.7525393,0,1
0.765346,0,1
0.83852625,0,1
0.8495985,0,1
0.69986725,0,1
0.84159243,0,1
0.8565228,0,1
0.9143512,0,1
0.9664613,0,1
0.7913205,0,1
0.87025344,0,1
0.9806131,0,1
0.9192145,0,1
0.7435177,0,1
0.9502601,0,1
0.7431149,0,1
0.77952147,0,1
0.9600876,0,1
0.924643,0,1
0.79211813,0,1
0.951323,0,1
0.9719391,0,1
0.7701179,0,1
0.75913,0,1
0.95043784,0,1
0.86616784,0,1
0.7807006,0,1
0.986006,0,1
0.9705116,0,1
0.8525122,0,1
0.95670617,0,1
0.98704964,0,1
0.94239676,0,1
0.9682048,0,1
0.9179105,0,1
0.6518525,0,1
0.8764875,0,1
0.97694355,0,1
0.9538224,0,1
0.90830636,0,1
0.88684094,0,1
0.95459354,0,1
0.9018647,0,1
0.6086887,0,1
0.7734613,0,1
0.80385375,0,1
0.81964684,0,1
0.8469311,0,1
0.82659703,0,1
0.74035835,0,1
0.71874535,0,1
0.76364315,0,1
0.81363404,0,1
0.86500585,0,1
0.8944283,0,1
0.85488605,0,1
0.8633274,0,1
0.90396863,0,1
0.87959826,0,1
0.58547777,0,1
0.69367814,0,1
0.6132278,0,1
0.7389711,0,1
0.7132864,0,1
0.6228769,0,1
0.7641668,0,1
0.85834825,0,1
0.9328482,0,1
0.88479567,0,1
0.8403956,0,1
0.7278925,0,1
0.8958877,0,1
0.96911067,0,1
0.9698913,0,1
0.7832021,0,1
0.90679604,0,1
0.98793155,0,1
0.92100495,0,1
0.80311966,0,1
0.7703475,0,1
0.9012333,0,1
0.9370174,0,1
0.91162646,0,1
0.9095928,0,1
0.9376045,0,1
0.9730491,0,1
0.9515839,0,1
0.907976,0,1
0.99007994,0,1
0.99032,0,1
0.8318873,0,1
0.7694905,0,1
0.9027156,0,1
0.9561635,0,1
0.8016538,0,1
0.7697175,0,1
0.878199,0,1
0.68439627,0,1
0.67235136,0,1
0.95061624,0,1
0.8876607,0,1
0.67355263,0,1
0.66472435,0,1
0.66591907,0,1
0.6763946,0,1
0.70065856,0,1
0.76195467,0,1
0.58866704,0,1
0.6136277,0,1
0.69473505,0,1
0.73837686,0,1
0.8379549,0,1
0.89333063,0,1
0.6413808,0,1
0.8388051,0,1
0.8961194,0,1
0.84542406,0,1
0.98448753,0,1
0.94755423,0,1
0.791193,0,1
0.8057773,0,1
0.8453187,0,1
0.9190465,0,1
0.8415936,0,1
0.9329502,0,1
0.97773385,0,1
0.89688736,0,1
0.70696974,0,1
0.8941331,0,1
0.9442576,0,1
0.73137593,0,1
0.71368456,0,1
0.928162,0,1
0.8838694,0,1
0.82030576,0,1
0.722638,0,1
0.7536941,0,1
0.84866065,0,1
0.9729443,0,1
0.9635768,0,1
0.8113197,0,1
0.78559005,0,1
0.74305195,0,1
0.7694745,0,1
0.8026177,0,1
0.6811694,0,1
0.8093641,0,1
0.65219545,0,1
0.64694154,0,1
0.86696434,0,1
0.9173828,0,1
0.8790877,0,1
0.7291088,0,1
0.67403626,0,1
0.8373636,0,1
0.6897783,0,1
0.7326679,0,1
0.65843844,0,1
0.5731758,0,1
0.9339477,0,1
0.97409546,0,1
0.6933993,0,1
0.83481103,0,1
0.9759192,0,1
0.98211074,0,1
0.9871101,0,1
0.9156422,0,1
0.7070373,0,1
0.8840023,0,1
0.9730867,0,1
0.96994877,0,1
0.8703321,0,1
0.90428126,0,1
0.9034818,0,1
0.9794267,0,1
0.96455455,0,1
0.9207399,0,1
0.9481001,0,1
0.773772,0,1
0.86436087,0,1
0.96717554,0,1
0.83028066,0,1
0.7062812,0,1
0.88737327,0,1
0.8970376,0,1
0.8084516,0,1
0.89273036,0,1
0.8737196,0,1
0.8419976,0,1
0.9719276,0,1
0.9734598,0,1
0.98295355,0,1
0.83835715,0,1
0.86479026,0,1
0.7530664,0,1
0.74512947,0,1
0.95213646,0,1
0.8922365,0,1
0.69035256,0,1
0.6825745,0,1
0.6787265,0,1
0.9277301,0,1
0.96973234,0,1
0.8678316,0,1
0.9091735,0,1
0.679907,0,1
0.6300492,0,1
0.6201354,0,1
0.63930744,0,1
0.7831666,0,1
0.79118484,0,1
0.7252178,0,1
0.92951393,0,1
0.93121064,0,1
0.8238888,0,1
0.6507962,0,1
0.6938381,0,1
0.89051497,0,1
0.85962135,0,1
0.71248806,0,1
0.88171816,0,1
0.93322015,0,1
0.95260835,0,1
0.9297996,0,1
0.78984743,0,1
0.78484166,0,1
0.83341056,0,1
0.83866084,0,1
0.82981205,0,1
0.74367285,0,1
0.938066,0,1
0.90637773,0,1
0.7673209,0,1
0.72143954,0,1
0.6813729,0,1
0.69586664,0,1
0.7902671,0,1
0.71857667,0,1
0.73937166,0,1
0.76025856,0,1
0.6156087,0,1
0.6196536,0,1
0.56146216,0,1
0.64241934,0,1
0.66108143,0,1
0.71206605,0,1
0.85159576,0,1
0.8868974,0,1
0.9138845,0,1
0.9461906,0,1
0.96205497,0,1
0.912492,0,1
0.99724406,0,1
0.9241521,0,1
0.7667665,0,1
0.83665895,0,1
0.68597233,0,1
0.6860774,0,1
0.72904205,0,1
0.8289639,0,1
0.8187008,0,1
0.7327218,0,1
0.7571542,0,1
0.6992308,0,1
0.85700506,0,1
0.93578756,0,1
0.78389543,0,1
0.9552923,0,1
0.91706014,0,1
0.7496822,0,1
0.8106677,0,1
0.90988797,0,1
0.9067345,0,1
0.72348464,0,1
0.7050451,0,1
0.9643421,0,1
0.8948396,0,1
0.72976464,0,1
0.723753,0,1
0.7769937,0,1
0.8360196,0,1
0.73800445,0,1
0.8812685,0,1
0.9789454,0,1
0.8027159,0,1
0.91860366,0,1
0.8902185,0,1
0.68605393,0,1
0.7711405,0,1
0.8237907,0,1
0.9582528,0,1
0.94382846,0,1
0.6906034,0,1
0.7893889,0,1
0.8768967,0,1
0.9026463,0,1
0.7445756,0,1
0.66567004,0,1
0.7217761,0,1
0.881843,0,1
0.75775725,0,1
0.8451292,0,1
0.89590883,0,1
0.82057184,0,1
0.6812516,0,1
0.65267587,0,1
0.9141309,0,1
0.9081193,0,1
0.9287412,0,1
0.8541012,0,1
0.8678812,0,1
0.96641356,0,1
0.9088235,0,1
0.8203045,0,1
0.937944,0,1
0.9640688,0,1
0.95975673,0,1
0.961683,0,1
0.92426205,0,1
0.76173294,0,1
0.97517705,0,1
0.9356559,0,1
0.9086603,0,1
0.76147175,0,1
0.7386024,0,1
0.8462106,0,1
0.828709,0,1
0.9121893,0,1
0.9466768,0,1
0.90997624,0,1
0.8173521,0,1
0.95991224,0,1
0.8805862,0,1
0.89831567,0,1
0.92954344,0,1
0.8817226,0,1
0.67083526,0,1
0.5403826,0,1
0.6205195,0,1
0.8491084,0,1
0.8242955,0,1
0.74200773,0,1
0.9169572,0,1
0.86246765,0,1
0.6480995,0,1
0.64579785,0,1
0.8083965,0,1
0.7765783,0,1
0.82595044,0,1
0.97926825,0,1
0.9481928,0,1
0.84109926,0,1
0.7193018,0,1
0.7060239,0,1
0.73114794,0,1
0.6677159,0,1
0.6379628,0,1
0.6121018,0,1
0.61632156,0,1
0.6792277,0,1
0.6508652,0,1
0.7399246,0,1
0.9060396,0,1
0.7114451,0,1
0.7066745,0,1
0.87287354,0,1
0.8600565,0,1
0.9047746,0,1
0.9893835,0,1
0.9878175,0,1
0.5939828,0,1
0.5808704,0,1
0.77092373,0,1
0.5983101,0,1
0.6031093,0,1
0.65600294,0,1
0.598948,0,1
0.57749075,0,1
0.5983354,0,1
0.8431524,0,1
0.9690834,0,1
0.9539711,0,1
0.79560566,0,1
0.6750445,0,1
0.7087694,0,1
0.81974643,0,1
0.85561466,0,1
0.6593449,0,1
0.78125256,0,1
0.811362,0,1
0.7811658,0,1
0.7918261,0,1
0.86522263,0,1
0.94383556,0,1
0.5670593,0,1
0.6002248,0,1
0.75997746,0,1
0.88125116,0,1
0.9279212,0,1
0.8140842,0,1
0.6829746,0,1
0.6992125,0,1
0.8320595,0,1
0.914294,0,1
0.8508571,0,1
0.792998,0,1
0.9912127,0,1
0.96582496,0,1
0.83746433,0,1
0.67709315,0,1
0.622211,0,1
0.638852,0,1
0.8239467,0,1
0.90821624,0,1
0.72242045,0,1
0.86292773,0,1
0.84952766,0,1
0.7807066,0,1
0.9621614,0,1
0.7945498,0,1
0.77306116,0,1
0.8320695,0,1
0.7363264,0,1
0.98307633,0,1
0.9527689,0,1
0.9696527,0,1
0.83962184,0,1
0.7777909,0,1
0.9332933,0,1
0.9029787,0,1
0.9737673,0,1
0.8954201,0,1
0.75723344,0,1
0.65021193,0,1
0.92456025,0,1
0.78974986,0,1
0.8381356,0,1
0.91902447,0,1
0.80290246,0,1
0.84452546,0,1
0.84572244,0,1
0.8242276,0,1
0.9150192,0,1
0.72576463,0,1
0.7126102,0,1
0.8326492,0,1
0.7351569,0,1
0.8774263,0,1
0.77271307,0,1
0.7646283,0,1
0.98201907,0,1
0.98621374,0,1
0.892186,0,1
0.7735839,0,1
0.65198296,0,1
0.73145556,0,1
0.8391662,0,1
0.80076516,0,1
0.8554896,0,1
0.890897,0,1
0.7892476,0,1
0.9873352,0,1
0.9943699,0,1
0.92426974,0,1
0.99479073,0,1
0.86909616,0,1
0.7685562,0,1
0.8758086,0,1
0.73027873,0,1
0.89723426,0,1
0.9559636,0,1
0.76382756,0,1
0.79591817,0,1
0.8605873,0,1
0.7739998,0,1
0.75797874,0,1
0.5683559,0,1
0.6288347,0,1
0.83623415,0,1
0.924671,0,1
0.7464386,0,1
0.863465,0,1
0.87899804,0,1
0.78284407,0,1
0.7691783,0,1
0.735504,0,1
0.9016709,0,1
0.78190696,0,1
0.67782414,0,1
0.9318884,0,1
0.8951322,0,1
0.75551397,0,1
0.9370907,0,1
0.98473144,0,1
0.53021926,0,1
0.9451647,0,1
0.9778272,0,1
0.6386863,0,1
0.83906305,0,1
0.9121293,0,1
0.70273364,0,1
0.7772202,0,1
0.8402527,0,1
0.6950025,0,1
0.7474838,0,1
0.8501906,0,1
0.9570538,0,1
0.9600482,0,1
0.86973447,0,1
0.65662235,0,1
0.9225069,0,1
0.9119081,0,1
0.72465855,0,1
0.8478158,0,1
0.8858367,0,1
0.98087496,0,1
0.9942422,0,1
0.799361,0,1
0.68963677,0,1
0.8948882,0,1
0.730548,0,1
0.84791243,0,1
0.9576377,0,1
0.8912538,0,1
0.6168643,0,1
0.79345316,0,1
0.9238042,0,1
0.8523205,0,1
0.91677856,0,1
0.9854512,0,1
0.8958521,0,1
0.81520426,0,1
0.9839314,0,1
0.98836744,0,1
0.8649724,0,1
0.78092015,0,1
0.9246152,0,1
0.76188695,0,1
0.8439067,0,1
0.6731366,0,1
0.7784201,0,1
0.9294734,0,1
0.85289854,0,1
0.6749925,0,1
0.62145436,0,1
0.56543624,0,1
0.6408638,0,1
0.83566546,0,1
0.9864749,0,1
0.92355126,0,1
0.81742877,0,1
0.9206548,0,1
0.8742933,0,1
0.94228035,0,1
0.82320297,0,1
0.6575924,0,1
0.7283919,0,1
0.68705934,0,1
0.8655059,0,1
0.9821251,0,1
0.94930303,0,1
0.83972704,0,1
0.76321,0,1
0.84177244,0,1
0.6379983,0,1
0.61709595,0,1
0.79003143,0,1
0.6978382,0,1
0.6775428,0,1
0.5906317,0,1
0.76461065,0,1
0.7574473,0,1
0.80671024,0,1
0.7843163,0,1
0.64840174,0,1
0.6480694,0,1
0.66995156,0,1
0.8288386,0,1
0.8724191,0,1
0.9787928,0,1
0.96950394,0,1
0.77246344,0,1
0.70280993,0,1
0.90420485,0,1
0.9528096,0,1
0.94252384,0,1
0.9469843,0,1
0.68785834,0,1
0.5514729,0,1
0.7910889,0,1
0.98390245,0,1
0.9194727,0,1
0.83280534,0,1
0.8596129,0,1
0.83770525,0,1
0.693604,0,1
0.8595824,0,1
0.9255094,0,1
0.77337575,0,1
0.81932163,0,1
0.728181,0,1
0.8001342,0,1
0.6314094,0,1
0.5439495,0,1
0.59510857,0,1
0.6758653,0,1
0.7768268,0,1
0.95946145,0,1
0.9829363,0,1
0.8349489,0,1
0.8190709,0,1
0.8926511,0,1
0.7345582,0,1
0.56741923,0,1
0.7436977,0,1
0.93320113,0,1
0.99302334,0,1
0.9759964,0,1
0.6629751,0,1
0.93081117,0,1
0.92584723,0,1
0.8913843,0,1
0.904292,0,1
0.7269355,0,1
0.6414641,0,1
0.83655185,0,1
0.8022264,0,1
0.7290133,0,1
0.784121,0,1
0.94378597,0,1
0.9105915,0,1
0.83372754,0,1
0.9662301,0,1
0.96683645,0,1
0.82383,0,1
0.7205038,0,1
0.868575,0,1
0.7268491,0,1
0.79864144,0,1
0.93245834,0,1
0.7722564,0,1
0.8520384,0,1
0.835603,0,1
0.6997498,0,1
0.67342025,0,1
0.9461864,0,1
0.91563386,0,1
0.72091854,0,1
0.8562527,0,1
0.89704967,0,1
0.98792666,0,1
0.9940083,0,1
0.8317214,0,1
0.9021549,0,1
0.9567472,0,1
0.8938366,0,1
0.9040494,0,1
0.8988472,0,1
0.9432437,0,1
0.8984403,0,1
0.9661981,0,1
0.69420445,0,1
0.585092,0,1
0.7328708,0,1
0.9433911,0,1
0.97510475,0,1
0.8946021,0,1
0.66213226,0,1
0.77034163,0,1
0.837977,0,1
0.9259103,0,1
0.82591486,0,1
0.697165,0,1
0.74087346,0,1
0.9368485,0,1
0.9769217,0,1
0.9176412,0,1
0.9068458,0,1
0.75992,0,1
0.5640348,0,1
0.74006236,0,1
0.8491999,0,1
0.7203412,0,1
0.7114562,0,1
0.6967963,0,1
0.91330224,0,1
0.9261419,0,1
0.9523361,0,1
0.9062273,0,1
0.70756567,0,1
0.6193906,0,1
0.88284695,0,1
0.9521484,0,1
0.6977353,0,1
0.83714396,0,1
0.5822754,0,1
0.6664596,0,1
0.8520333,0,1
0.868817,0,1
0.6959,0,1
0.80684924,0,1
0.9203172,0,1
0.6766457,0,1
0.8481983,0,1
0.9531424,0,1
0.8785397,0,1
0.8350522,0,1
0.7965826,0,1
0.8073912,0,1
0.7763442,0,1
0.9039296,0,1
0.94443756,0,1
0.86704314,0,1
0.93346006,0,1
0.98305637,0,1
0.79839647,0,1
0.8155465,0,1
0.7523371,0,1
0.8291663,0,1
0.92338777,0,1
0.9298464,0,1
0.9069439,0,1
0.79664123,0,1
0.76276505,0,1
0.7402451,0,1
0.8684106,0,1
0.8423326,0,1
0.81466633,0,1
0.89525723,0,1
0.6806458,0,1
0.7836108,0,1
0.72508705,0,1
0.6983842,0,1
0.70997113,0,1
0.7746428,0,1
0.7243658,0,1
0.7572218,0,1
0.9607004,0,1
0.9080008,0,1
0.7105106,0,1
0.9310269,0,1
0.8817442,0,1
0.6640694,0,1
0.6872704,0,1
0.72147447,0,1
0.9249766,0,1
0.9518225,0,1
0.97605133,0,1
0.83279157,0,1
0.9082512,0,1
0.8405198,0,1
0.75147843,0,1
0.8168194,0,1
0.7315178,0,1
0.74387443,0,1
0.6924809,0,1
0.6037431,0,1
0.6042122,0,1
0.72616243,0,1
0.6546731,0,1
0.5957091,0,1
0.63457525,0,1
0.887233,0,1
0.85676765,0,1
0.76791346,0,1
0.8361905,0,1
0.86047286,0,1
0.9818298,0,1
0.906285,0,1
0.8251252,0,1
0.93999624,0,1
0.9306159,0,1
0.97132075,0,1
0.95409083,0,1
0.80625474,0,1
0.71937966,0,1
0.9673284,0,1
0.9200611,0,1
0.87457675,0,1
0.90714216,0,1
0.9406088,0,1
0.67869246,0,1
0.6084965,0,1
0.82377446,0,1
0.92516583,0,1
0.88497037,0,1
0.9431993,0,1
0.837064,0,1
0.8918501,0,1
0.8819666,0,1
0.89947414,0,1
0.79351974,0,1
0.80746603,0,1
0.8386643,0,1
0.9409644,0,1
0.9525032,0,1
0.8709243,0,1
0.8807822,0,1
0.8615346,0,1
0.6886781,0,1
0.9258181,0,1
0.93744785,0,1
0.69826174,0,1
0.8882351,0,1
0.74841666,0,1
0.9488194,0,1
0.9853711,0,1
0.946407,0,1
0.89146674,0,1
0.97938305,0,1
0.89138305,0,1
0.94889796,0,1
0.9935386,0,1
0.921273,0,1
0.80879223,0,1
0.73500025,0,1
0.83104646,0,1
0.808144,0,1
0.60775197,0,1
0.7165127,0,1
0.66339004,0,1
0.87180376,0,1
0.74822086,0,1
0.80950135,0,1
0.76422006,0,1
0.6378002,0,1
0.6217496,0,1
0.9014404,0,1
0.9119426,0,1
0.86591667,0,1
0.8699741,0,1
0.9039744,0,1
0.8491633,0,1
0.91299677,0,1
0.79589677,0,1
0.9636183,0,1
0.76602495,0,1
0.8280328,0,1
0.90745646,0,1
0.9709404,0,1
0.959286,0,1
0.76881135,0,1
0.70088184,0,1
0.9312103,0,1
0.8600222,0,1
0.83187664,0,1
0.9175242,0,1
0.8899924,0,1
0.9173563,0,1
0.75347584,0,1
0.78052974,0,1
0.84869576,0,1
0.91970295,0,1
0.8885186,0,1
0.7417716,0,1
0.72616017,0,1
0.9793338,0,1
0.93729305,0,1
0.6879654,0,1
0.74598503,0,1
0.6636158,0,1
0.6609617,0,1
0.674623,0,1
0.64205325,0,1
0.7925393,0,1
0.93348247,0,1
0.6221696,0,1
0.6774272,0,1
0.9094761,0,1
0.93465006,0,1
0.88082,0,1
0.87515867,0,1
0.8959072,0,1
0.9507252,0,1
0.960191,0,1
0.74985075,0,1
0.781639,0,1
0.6233822,0,1
0.8210595,0,1
0.97663236,0,1
0.9119104,0,1
0.7777175,0,1
0.88975585,0,1
0.9878154,0,1
0.8220233,0,1
0.6596197,0,1
0.75416726,0,1
0.8021199,0,1
0.79831094,0,1
0.82179475,0,1
0.7980211,0,1
0.8500611,0,1
0.92864996,0,1
0.7666156,0,1
0.76323396,0,1
0.6929219,0,1
0.7463645,0,1
0.75633305,0,1
0.61394167,0,1
0.902049,0,1
0.95464075,0,1
0.97094774,0,1
0.910614,0,1
0.6791016,0,1
0.9263104,0,1
0.84357023,0,1
0.78794944,0,1
0.81986654,0,1
0.74560046,0,1
0.7375461,0,1
0.829368,0,1
0.733523,0,1
0.68253756,0,1
0.63003874,0,1
0.7053461,0,1
0.7863561,0,1
0.8515872,0,1
0.88655746,0,1
0.8735558,0,1
0.9427427,0,1
0.90025836,0,1
0.7154776,0,1
0.92762864,0,1
0.8720029,0,1
0.53091013,0,1
0.57414937,0,1
0.7467371,0,1
0.7719968,0,1
0.6677885,0,1
0.70609796,0,1
0.8775686,0,1
0.8490906,0,1
0.8547887,0,1
0.90170425,0,1
0.9508848,0,1
0.77715564,0,1
0.95654356,0,1
0.97019774,0,1
0.67001414,0,1
0.7497168,0,1
0.72934407,0,1
0.8015053,0,1
0.76574314,0,1
0.5588709,0,1
0.7132336,0,1
0.7212009,0,1
0.76479393,0,1
0.82400215,0,1
0.8664319,0,1
0.97214764,0,1
0.8104772,0,1
0.82725656,0,1
0.6368034,0,1
0.76118326,0,1
0.95921546,0,1
0.8532277,0,1
0.85150605,0,1
0.92959785,0,1
0.9014323,0,1
0.81512594,0,1
0.6759771,0,1
0.92083275,0,1
0.87535274,0,1
0.79456687,0,1
0.6781583,0,1
0.6907174,0,1
0.7895842,0,1
0.9062147,0,1
0.8742807,0,1
0.94925326,0,1
0.9820596,0,1
0.8944725,0,1
0.7987079,0,1
0.81128234,0,1
0.68330514,0,1
0.81344736,0,1
0.9315282,0,1
0.7788362,0,1
0.7332126,0,1
0.8225222,0,1
0.7297056,0,1
0.93873817,0,1
0.984147,0,1
0.74930227,0,1
0.7258495,0,1
0.8785045,0,1
0.7294995,0,1
0.62474203,0,1
0.66613126,0,1
0.76859975,0,1
0.8563136,0,1
0.9052926,0,1
0.8803021,0,1
0.86175334,0,1
0.70319915,0,1
0.74068105,0,1
0.9557404,0,1
0.97992605,0,1
0.8719312,0,1
0.79856604,0,1
0.8404804,0,1
0.9433591,0,1
0.8312076,0,1
0.6368707,0,1
0.7020243,0,1
0.82263106,0,1
0.8717063,0,1
0.7771005,0,1
0.6431378,0,1
0.71265507,0,1
0.62883604,0,1
0.7621471,0,1
0.90786743,0,1
0.68258464,0,1
0.88983727,0,1
0.8932585,0,1
0.6172577,0,1
0.79592836,0,1
0.7605325,0,1
0.80697113,0,1
0.95868677,0,1
0.98000544,0,1
0.6453352,0,1
0.60442525,0,1
0.9453817,0,1
0.9760885,0,1
0.6885221,0,1
0.68863875,0,1
0.88825023,0,1
0.9344603,0,1
0.90239704,0,1
0.7533556,0,1
0.6937794,0,1
0.8552432,0,1
0.7406801,0,1
0.93076944,0,1
0.8299225,0,1
0.68581784,0,1
0.83904314,0,1
0.789099,0,1
0.9494064,0,1
0.9828529,0,1
0.99556917,0,1
0.9766379,0,1
0.8762793,0,1
0.9117046,0,1
0.82938266,0,1
0.8837206,0,1
0.68669975,0,1
0.78591484,0,1
0.7365888,0,1
0.8550476,0,1
0.98662144,0,1
0.9418006,0,1
0.757173,0,1
0.75798,0,1
0.862573,0,1
0.92946374,0,1
0.78932536,0,1
0.82066154,0,1
0.6028576,0,1
0.7530248,0,1
0.8110392,0,1
0.80698395,0,1
0.72859013,0,1
0.8391151,0,1
0.90075696,0,1
0.9579881,0,1
0.8704032,0,1
0.8524631,0,1
0.65259874,0,1
0.79444605,0,1
0.99168617,0,1
0.9624641,0,1
0.7723461,0,1
0.94832337,0,1
0.84828645,0,1
0.6622166,0,1
0.71293765,0,1
0.89278257,0,1
0.98187315,0,1
0.9613653,0,1
0.9524207,0,1
0.9349483,0,1
0.8736631,0,1
0.5867393,0,1
0.8258867,0,1
0.9203499,0,1
0.7441797,0,1
0.7534452,0,1
0.9503178,0,1
0.9001737,0,1
0.71125484,0,1
0.8165708,0,1
0.97524655,0,1
0.9961913,0,1
0.8633175,0,1
0.61779094,0,1
0.8085935,0,1
0.8147192,0,1
0.92994034,0,1
0.9114073,0,1
0.83446866,0,1
0.64669454,0,1
0.68700117,0,1
0.9809513,0,1
0.9505239,0,1
0.6620161,0,1
0.79252684,0,1
0.80172783,0,1
0.7714141,0,1
0.69661796,0,1
0.8450131,0,1
0.80012995,0,1
0.7812753,0,1
0.9906058,0,1
0.9836578,0,1
0.72831607,0,1
0.77831745,0,1
0.8897314,0,1
0.9645332,0,1
0.896146,0,1
0.73154426,0,1
0.88202393,0,1
0.848763,0,1
0.99128413,0,1
0.9890508,0,1
0.93196684,0,1
0.86506414,0,1
0.9206243,0,1
0.7877377,0,1
0.7509423,0,1
0.97521555,0,1
0.9794779,0,1
0.7294365,0,1
0.75948095,0,1
0.9431258,0,1
0.8887454,0,1
0.57426375,0,1
0.87099296,0,1
0.93379176,0,1
0.870292,0,1
0.84473777,0,1
0.9619096,0,1
0.9930926,0,1
0.94234097,0,1
0.96516204,0,1
0.9772708,0,1
0.97556967,0,1
0.9477817,0,1
0.9347518,0,1
0.9653724,0,1
0.95081055,0,1
0.9284736,0,1
0.828418,0,1
0.85630584,0,1
0.76790935,0,1
0.5887383,0,1
0.92131263,0,1
0.99224234,0,1
0.7849706,0,1
0.6566416,0,1
0.83644474,0,1
0.9048542,0,1
0.6663451,0,1
0.89618164,0,1
0.8745176,0,1
0.8889613,0,1
0.9852488,0,1
0.9474965,0,1
0.7124873,0,1
0.8106296,0,1
0.9337483,0,1
0.90307873,0,1
0.69500625,0,1
0.8562402,0,1
0.6572195,0,1
0.5962159,0,1
0.72713304,0,1
0.74908805,0,1
0.93774635,0,1
0.92000884,0,1
0.8581942,0,1
0.7485701,0,1
0.58346415,0,1
0.82009035,0,1
0.842078,0,1
0.64448667,0,1
0.79149824,0,1
0.9961607,0,1
0.9779398,0,1
0.5462044,0,1
0.6880204,0,1
0.96126294,0,1
0.6533568,0,1
0.7607622,0,1
0.74423707,0,1
0.72902256,0,1
0.9386885,0,1
0.988277,0,1
0.7878141,0,1
0.5602632,0,1
0.7837814,0,1
0.8078779,0,1
0.85207176,0,1
0.8000503,0,1
0.91813475,0,1
0.79272014,0,1
0.9554459,0,1
0.993111,0,1
0.9173294,0,1
0.930636,0,1
0.9191282,0,1
0.89580595,0,1
0.9069728,0,1
0.87434447,0,1
0.6412344,0,1
0.8821758,0,1
0.94404405,0,1
0.7663257,0,1
0.7004935,0,1
0.8357128,0,1
0.9309013,0,1
0.75108737,0,1
0.943822,0,1
0.9668852,0,1
0.9335997,0,1
0.9201556,0,1
0.845138,0,1
0.7829423,0,1
0.8914994,0,1
0.9391002,0,1
0.8936485,0,1
0.9275564,0,1
0.8418165,0,1
0.6386324,0,1
0.7109468,0,1
0.85077715,0,1
0.66592735,0,1
0.9357164,0,1
0.89298904,0,1
0.8492125,0,1
0.6601949,0,1
0.73785985,0,1
0.87762094,0,1
0.9047544,0,1
0.82671714,0,1
0.91181755,0,1
0.6875799,0,1
0.57106066,0,1
0.6383006,0,1
0.8308651,0,1
0.8744393,0,1
0.7731147,0,1
0.63973117,0,1
0.8743861,0,1
0.9179151,0,1
0.7747634,0,1
0.84733444,0,1
0.71416676,0,1
0.64653504,0,1
0.77228427,0,1
0.9925167,0,1
0.9238844,0,1
0.64680874,0,1
0.62042546,0,1
0.95768344,0,1
0.9237209,0,1
0.8106463,0,1
0.99367195,0,0
0.9996762,0,0
0.9942084,0,0
0.93604934,0,0
0.91579896,0,0
0.97695196,0,0
0.9939873,0,0
0.98620856,0,0
0.99527186,0,0
0.9986132,0,0
0.9786366,0,0
0.9823038,0,0
0.9997483,0,0
0.93588454,0,0
0.8253784,0,0
0.88352764,0,0
0.81907475,0,0
0.8975737,0,0
0.9998888,0,0
0.9979885,0,0
0.9427969,0,0
0.947029,0,0
0.913108,0,0
0.9848544,0,0
0.99241936,0,0
0.7661454,0,0
0.77477944,0,0
0.9354013,0,0
0.9997815,0,0
0.999842,0,0
0.8793276,0,0
0.9618077,0,0
0.97359955,0,0
0.9985095,0,0
0.9744503,0,0
0.8654134,0,0
0.8587804,0,0
0.9510635,0,0
0.9323756,0,0
0.99177694,0,0
0.9632734,0,0
0.9645288,0,0
0.83721495,0,0
0.9667918,0,0
0.9308388,0,0
0.8399223,0,0
0.9584433,0,0
0.9936272,0,0
0.90476173,0,0
0.7465927,0,0
0.8921455,0,0
0.9938877,0,0
0.8843764,0,0
0.8279692,0,0
0.7442111,0,0
0.89964265,0,0
0.9292718,0,0
0.99663764,0,0
0.9217809,0,0
0.9509982,0,0
0.9508213,0,0
0.9218051,0,0
0.9579233,0,0
0.99807817,0,0
0.9798654,0,0
0.7864982,0,0
0.98570555,0,0
0.9086673,0,0
0.83696926,0,0
0.8714878,0,0
0.9063884,0,0
0.97739357,0,0
0.7842399,0,0
0.7783699,0,0
0.9801809,0,0
0.9836312,0,0
0.8720837,0,0
0.99994165,0,0
0.99999386,0,0
0.9970551,0,0
0.9982268,0,0
0.98236686,0,0
0.94886494,0,0
0.8862602,0,0
0.7994832,0,0
0.68616456,0,0
0.75884974,0,0
0.9556118,0,0
0.94447386,0,0
0.70649695,0,0
0.76073986,0,0
0.68590003,0,0
0.71530145,0,0
0.72910094,0,0
0.9213692,0,0
0.9140403,0,0
0.79556257,0,0
0.8185023,0,0
0.7217435,0,0
0.75120753,0,0
0.8600532,0,0
0.83260494,0,0
0.714262,0,0
0.91778374,0,0
0.89968807,0,0
0.8547262,0,0
0.96112806,0,0
0.98347056,0,0
0.8617182,0,0
0.9523135,0,0
0.9914285,0,0
0.99749106,0,0
0.99455416,0,0
0.9999317,0,0
0.99959564,0,0
0.99781364,0,0
0.9992276,0,0
0.9043615,0,0
0.9222537,0,0
0.82785845,0,0
0.7664558,0,0
0.98961174,0,0
0.9405952,0,0
0.67184746,0,0
0.8814832,0,0
0.9874798,0,0
0.9999966,0,0
0.9999962,0,0
0.99402857,0,0
0.96390736,0,0
0.93852895,0,0
0.89139324,0,0
0.9900631,0,0
0.98342425,0,0
0.9027889,0,0
0.83508766,0,0
0.9068207,0,0
0.8087579,0,0
0.9335085,0,0
0.9170046,0,0
0.84297764,0,0
0.7785738,0,0
0.997716,0,0
0.9931119,0,0
0.95534635,0,0
0.98684853,0,0
0.9511305,0,0
0.96648,0,0
0.7190639,0,0
0.67553556,0,0
0.6737204,0,0
0.65846205,0,0
0.7377356,0,0
0.65650356,0,0
0.7339596,0,0
0.93132436,0,0
0.9852013,0,0
0.9928588,0,0
0.9846266,0,0
0.837857,0,0
0.79864746,0,0
0.72067636,0,0
0.9884299,0,0
0.99251014,0,0
0.8616253,0,0
0.7338836,0,0
0.9124838,0,0
0.9774786,0,0
0.9357184,0,0
0.9776471,0,0
0.99382967,0,0
0.90459657,0,0
0.75933826,0,0
0.8463294,0,0
0.9998206,0,0
0.99995124,0,0
0.9975387,0,0
0.9968308,0,0
0.9510607,0,0
0.99652624,0,0
0.97783023,0,0
0.92000043,0,0
0.9912244,0,0
0.9921626,0,0
0.95795554,0,0
0.96162987,0,0
0.9912828,0,0
0.9996941,0,0
0.9476291,0,0
0.746488,0,0
0.67142254,0,0
0.6671481,0,0
0.75304705,0,0
0.96823204,0,0
0.77506864,0,0
0.9236321,0,0
0.79664946,0,0
0.90172,0,0
0.95957685,0,0
0.8466593,0,0
0.95876694,0,0
0.83907473,0,0
0.7389358,0,0
0.878668,0,0
0.9932306,0,0
0.88288856,0,0
0.9491611,0,0
0.80621326,0,0
0.7217835,0,0
0.83554375,0,0
0.9962906,0,0
0.99864715,0,0
0.9784227,0,0
0.9042138,0,0
0.88159096,0,0
0.92311925,0,0
0.9867635,0,0
0.6770309,0,0
0.95611215,0,0
0.9603772,0,0
0.7592378,0,0
0.84816134,0,0
0.86789775,0,0
0.9933696,0,0
0.98495567,0,0
0.9166565,0,0
0.8450613,0,0
0.9773344,0,0
0.97766364,0,0
0.77540004,0,0
0.80864406,0,0
0.93414205,0,0
0.99020064,0,0
0.98709905,0,0
0.9098816,0,0
0.9471345,0,0
0.96619105,0,0
0.93307835,0,0
0.9546722,0,0
0.85924065,0,0
0.88650876,0,0
0.9821094,0,0
0.9875506,0,0
0.8911947,0,0
0.8480377,0,0
0.88195086,0,0
0.7798304,0,0
0.77994543,0,0
0.84454143,0,0
0.9529927,0,0
0.9812142,0,0
0.8298678,0,0
0.7982408,0,0
0.81009275,0,0
0.77247447,0,0
0.8468071,0,0
0.7761475,0,0
0.82034814,0,0
0.99750316,0,0
0.9953421,0,0
0.82971334,0,0
0.88293,0,0
0.8131775,0,0
0.7949505,0,0
0.99508154,0,0
0.9255515,0,0
0.82226694,0,0
0.99789065,0,0
0.99014246,0,0
0.9454086,0,0
0.99967533,0,0
0.9608739,0,0
0.7896502,0,0
0.69673973,0,0
0.76342016,0,0
0.84665453,0,0
0.8719399,0,0
0.8019216,0,0
0.9987513,0,0
0.9524426,0,0
0.70798767,0,0
0.9661308,0,0
0.97290075,0,0
0.9330386,0,0
0.98038876,0,0
0.9996632,0,0
0.9813872,0,0
0.9234062,0,0
0.90812874,0,0
0.9810453,0,0
0.9517838,0,0
0.96129787,0,0
0.97696275,0,0
0.94808316,0,0
0.8123956,0,0
0.91160667,0,0
0.6855016,0,0
0.92880064,0,0
0.9985477,0,0
0.99667484,0,0
0.86339974,0,0
0.96706986,0,0
0.9365163,0,0
0.8025601,0,0
0.99559987,0,0
0.99999887,0,0
0.9999163,0,0
0.82320976,0,0
0.97091824,0,0
0.9629861,0,0
0.8312452,0,0
0.94052774,0,0
0.9646872,0,0
0.93102497,0,0
0.9331537,0,0
0.84137845,0,0
0.8294749,0,0
0.96910286,0,0
0.99950385,0,0
0.9223681,0,0
0.8537028,0,0
0.79787695,0,0
0.9341427,0,0
0.90817827,0,0
0.6756679,0,0
0.96616596,0,0
0.9679837,0,0
0.927072,0,0
0.9971355,0,0
0.9578765,0,0
0.8774739,0,0
0.99639887,0,0
0.95951545,0,0
0.84375525,0,0
0.87705773,0,0
0.93045306,0,0
0.80973417,0,0
0.88618696,0,0
0.9432156,0,0
0.87961894,0,0
0.7142539,0,0
0.70483553,0,0
0.6623018,0,0
0.70975304,0,0
0.72613025,0,0
0.7958536,0,0
0.8742112,0,0
0.9914678,0,0
0.9240873,0,0
0.86263585,0,0
0.8864854,0,0
0.68974763,0,0
0.8475743,0,0
0.9934382,0,0
0.9947404,0,0
0.9813762,0,0
0.96951026,0,0
0.9919792,0,0
0.9215652,0,0
0.99264747,0,0
0.9639323,0,0
0.8668803,0,0
0.9607571,0,0
0.9089568,0,0
0.9998764,0,0
0.990859,0,0
0.97042257,0,0
0.9991481,0,0
0.9998362,0,0
0.9968946,0,0
0.99349254,0,0
0.8537897,0,0
0.80070126,0,0
0.96504253,0,0
0.9983566,0,0
0.98693204,0,0
0.9790031,0,0
0.9800089,0,0
0.92344135,0,0
0.8313381,0,0
0.84865886,0,0
0.98500675,0,0
0.9938658,0,0
0.8154864,0,0
0.88801026,0,0
0.91672677,0,0
0.99785393,0,0
0.9956126,0,0
0.7529446,0,0
0.81621087,0,0
0.8052736,0,0
0.89829874,0,0
0.9712293,0,0
0.98205996,0,0
0.96200866,0,0
0.9223392,0,0
0.9993974,0,0
0.9999264,0,0
0.9998426,0,0
0.99999195,0,0
0.9994885,0,0
0.95065707,0,0
0.85136294,0,0
0.82671475,0,0
0.7728069,0,0
0.9992777,0,0
0.99980336,0,0
0.9981846,0,0
0.99951106,0,0
0.98758084,0,0
0.9834847,0,0
0.9038129,0,0
0.9591663,0,0
0.9679347,0,0
0.89360905,0,0
0.784303,0,0
0.8699288,0,0
0.996516,0,0
0.9999412,0,0
0.9980518,0,0
0.995471,0,0
0.89780587,0,0
0.76054716,0,0
0.81174654,0,0
0.9481617,0,0
0.99985427,0,0
0.99737406,0,0
0.968201,0,0
0.76003337,0,0
0.8677867,0,0
0.89291906,0,0
0.8524895,0,0
0.861842,0,0
0.7992784,0,0
0.7896628,0,0
0.8924148,0,0
0.9767637,0,0
0.9983916,0,0
0.9998722,0,0
0.84278375,0,0
0.92151284,0,0
0.9962777,0,0
0.98838717,0,0
0.8441763,0,0
0.9699321,0,0
0.97512853,0,0
0.97317666,0,0
0.93873036,0,0
0.9070622,0,0
0.99743146,0,0
0.999962,0,0
0.99745303,0,0
0.9414307,0,0
0.85766095,0,0
0.7435881,0,0
0.9335514,0,0
0.8830018,0,0
0.94982505,0,0
0.9956127,0,0
0.8956999,0,0
0.9202346,0,0
0.9813228,0,0
0.8414329,0,0
0.7078201,0,0
0.9501253,0,0
0.9009698,0,0
0.982773,0,0
0.9966842,0,0
0.9997349,0,0
0.9990678,0,0
0.99613106,0,0
0.995016,0,0
0.97708243,0,0
0.9956748,0,0
0.9985024,0,0
0.9890945,0,0
0.99664915,0,0
0.98876786,0,0
0.9916157,0,0
0.96267444,0,0
0.9065907,0,0
0.9762988,0,0
0.99738437,0,0
0.970742,0,0
0.8751623,0,0
0.920118,0,0
0.82285905,0,0
0.86426747,0,0
0.92621744,0,0
0.9888789,0,0
0.9300383,0,0
0.8580173,0,0
0.84626514,0,0
0.95428985,0,0
0.941643,0,0
0.86437756,0,0
0.9121737,0,0
0.93973315,0,0
0.99980193,0,0
0.99999493,0,0
0.9887172,0,0
0.9397908,0,0
0.9965842,0,0
0.99964803,0,0
0.9917734,0,0
0.93937737,0,0
0.84205943,0,0
0.8758432,0,0
0.99658775,0,0
0.97078806,0,0
0.6358916,0,0
0.9131873,0,0
0.87565225,0,0
0.70603454,0,0
0.84236896,0,0
0.81990635,0,0
0.82123744,0,0
0.8833376,0,0
0.77928793,0,0
0.9102183,0,0
0.99992883,0,0
0.99869937,0,0
0.75212944,0,0
0.65295243,0,0
0.70975786,0,0
0.7276092,0,0
0.79155064,0,0
0.95575935,0,0
0.99702036,0,0
0.91799456,0,0
0.8082631,0,0
0.9889914,0,0
0.91861516,0,0
0.9943346,0,0
0.96901655,0,0
0.9226896,0,0
0.8586054,0,0
0.9326098,0,0
0.9557209,0,0
0.9628011,0,0
0.9838436,0,0
0.9187111,0,0
0.8294905,0,0
0.7527437,0,0
0.99811584,0,0
0.9999995,0,0
0.99406606,0,0
0.96558344,0,0
0.998103,0,0
0.9607926,0,0
0.81715596,0,0
0.9050849,0,0
0.85629493,0,0
0.9001926,0,0
0.9978526,0,0
0.9825057,0,0
0.91459215,0,0
0.9358786,0,0
0.88315177,0,0
0.8416896,0,0
0.82826865,0,0
0.7916881,0,0
0.87577826,0,0
0.9052433,0,0
0.9207771,0,0
0.85456276,0,0
0.9000045,0,0
0.830441,0,0
0.95771986,0,0
0.7652216,0,0
0.99909216,0,0
0.99999106,0,0
0.9836049,0,0
0.83181196,0,0
0.86897075,0,0
0.84342015,0,0
0.94344836,0,0
0.94514024,0,0
0.7909137,0,0
0.981824,0,0
0.94275475,0,0
0.93942755,0,0
0.9847114,0,0
0.80278105,0,0
0.88638365,0,0
0.99984187,0,0
0.99984,0,0
0.94663024,0,0
0.9567582,0,0
0.8616483,0,0
0.9754235,0,0
0.84075314,0,0
0.8935157,0,0
0.8594515,0,0
0.7895465,0,0
0.94358754,0,0
0.9752164,0,0
0.999656,0,0
0.9998023,0,0
0.9941512,0,0
0.9999747,0,0
0.99998015,0,0
0.99009955,0,0
0.8682722,0,0
0.86150414,0,0
0.86374086,0,0
0.95228565,0,0
0.89046794,0,0
0.9113704,0,0
0.9999792,0,0
0.9994373,0,0
0.99415576,0,0
0.9946822,0,0
0.96319747,0,0
0.9756857,0,0
0.9902514,0,0
0.9796815,0,0
0.7646604,0,0
0.7520567,0,0
0.999639,0,0
0.83383036,0,0
0.85696816,0,0
0.9279653,0,0
0.98186004,0,0
0.99995285,0,0
0.9999793,0,0
0.999218,0,0
0.9998119,0,0
0.9996251,0,0
0.96508867,0,0
0.99602634,0,0
0.95234406,0,0
0.9091717,0,0
0.8734269,0,0
0.87337697,0,0
0.93663913,0,0
0.76868796,0,0
0.648975,0,0
0.7193249,0,0
0.6709086,0,0
0.7337048,0,0
0.71077275,0,0
0.9048901,0,0
0.99974537,0,0
0.9877302,0,0
0.7326257,0,0
0.94306344,0,0
0.9357579,0,0
0.9989554,0,0
0.9920383,0,0
0.96982425,0,0
0.83970404,0,0
0.9893323,0,0
0.99881226,0,0
0.9981429,0,0
0.9999356,0,0
0.9991629,0,0
0.83007324,0,0
0.6445466,0,0
0.6810426,0,0
0.9180551,0,0
0.9425288,0,0
0.9406783,0,0
0.9666503,0,0
0.9999397,0,0
0.99999464,0,0
0.9995219,0,0
0.9929938,0,0
0.8734915,0,0
0.8738834,0,0
0.8609392,0,0
0.8576158,0,0
0.792676,0,0
0.95833504,0,0
0.9565853,0,0
0.9989413,0,0
0.9999683,0,0
0.7732432,0,0
0.9287608,0,0
0.9702096,0,0
0.9265039,0,0
0.79316235,0,0
0.746552,0,0
0.94472337,0,0
0.95343983,0,0
0.99978,0,0
0.99989086,0,0
0.9933415,0,0
0.97550946,0,0
0.9452225,0,0
0.82866967,0,0
0.7792449,0,0
0.9234788,0,0
0.7982979,0,0
0.87202543,0,0
0.71088445,0,0
0.8940964,0,0
0.8985825,0,0
0.82958287,0,0
0.994884,0,0
0.99998635,0,0
0.9998057,0,0
0.85077465,0,0
0.7168726,0,0
0.92645776,0,0
0.99871254,0,0
0.9982191,0,0
0.8562442,0,0
0.9167051,0,0
0.96409,0,0
0.9924699,0,0
0.9959185,0,0
0.9657473,0,0
0.9216844,0,0
0.99023354,0,0
0.89113027,0,0
0.8494493,0,0
0.9091229,0,0
0.90777224,0,0
0.96215844,0,0
0.89279014,0,0
0.96298677,0,0
0.9310072,0,0
0.97348106,0,0
0.96531785,0,0
0.8432627,0,0
0.8386698,0,0
0.8125943,0,0
0.86115026,0,0
0.8304071,0,0
0.74689823,0,0
0.95970535,0,0
0.99340755,0,0
0.8856991,0,0
0.724804,0,0
0.8932669,0,0
0.80562437,0,0
0.8013633,0,0
0.83102715,0,0
0.97457284,0,0
0.9577941,0,0
0.99749786,0,0
0.99781036,0,0
0.9935065,0,0
0.9999237,0,0
0.9999283,0,0
0.9883265,0,0
0.85224295,0,0
0.91760653,0,0
0.7811782,0,0
0.7768022,0,0
0.9740791,0,0
0.9829782,0,0
0.94055796,0,0
0.97276515,0,0
0.7883518,0,0
0.7956031,0,0
0.6141416,0,0
0.76315904,0,0
0.99209255,0,0
0.9554664,0,0
0.8253429,0,0
0.91533726,0,0
0.9992653,0,0
0.99911577,0,0
0.8312679,0,0
0.9791387,0,0
0.8964553,0,0
0.74089134,0,0
0.87923515,0,0
0.9912451,0,0
0.95696527,0,0
0.79563004,0,0
0.8411867,0,0
0.99830204,0,0
0.8230696,0,0
0.95568717,0,0
0.9729904,0,0
0.74387026,0,0
0.7964547,0,0
0.9201602,0,0
0.9927085,0,0
0.9952396,0,0
0.9459487,0,0
0.6666525,0,0
0.8051416,0,0
0.9951338,0,0
0.98338264,0,0
0.97336054,0,0
0.9672374,0,0
0.9551727,0,0
0.9103804,0,0
0.8626131,0,0
0.90027535,0,0
0.96708375,0,0
0.99112946,0,0
0.98082656,0,0
0.9953625,0,0
0.7362938,0,0
0.6645591,0,0
0.926387,0,0
0.99147683,0,0
0.7631192,0,0
0.8352507,0,0
0.8085279,0,0
0.6750462,0,0
0.9884259,0,0
0.9997799,0,0
0.9976146,0,0
0.99310124,0,0
0.99900454,0,0
0.97131497,0,0
0.8707709,0,0
0.9612859,0,0
0.96620595,0,0
0.9188956,0,0
0.73342115,0,0
0.7226717,0,0
0.71903974,0,0
0.82556033,0,0
0.7864857,0,0
0.88708264,0,0
0.99418396,0,0
0.99512327,0,0
0.9002632,0,0
0.5567131,0,0
0.5726502,0,0
0.78916115,0,0
0.86841625,0,0
0.98239064,0,0
0.93197054,0,0
0.9985794,0,0
0.9998556,0,0
0.96790385,0,0
0.95992684,0,0
0.841179,0,0
0.7577954,0,0
0.7594798,0,0
0.88659835,0,0
0.99381065,0,0
0.97734743,0,0
0.90427077,0,0
0.8199503,0,0
0.9957334,0,0
0.9042937,0,0
0.9588461,0,0
0.98662007,0,0
0.9891362,0,0
0.99384767,0,0
0.7947984,0,0
0.6097243,0,0
0.7148007,0,0
0.7065696,0,0
0.7569914,0,0
0.8817962,0,0
0.99438304,0,0
0.9980575,0,0
0.9903988,0,0
0.95030814,0,0
0.9841207,0,0
0.9956231,0,0
0.98597354,0,0
0.78582877,0,0
0.7355192,0,0
0.9451059,0,0
0.96222264,0,0
0.87547815,0,0
0.9539276,0,0
0.6953387,0,0
0.60295606,0,0
0.98812777,0,0
0.98738205,0,0
0.9590656,0,0
0.8261908,0,0
0.84321356,0,0
0.98095244,0,0
0.8621312,0,0
0.8282762,0,0
0.9260354,0,0
0.9796958,0,0
0.9994372,0,0
0.9613801,0,0
0.987085,0,0
0.9996515,0,0
0.99982977,0,0
0.7374288,0,0
0.7145395,0,0
0.8312725,0,0
0.99689937,0,0
0.9930841,0,0
0.7813829,0,0
0.87806994,0,0
0.9650276,0,0
0.85400665,0,0
0.7685113,0,0
0.8416109,0,0
0.96168214,0,0
0.9959064,0,0
0.98905784,0,0
0.8012129,0,0
0.99798346,0,0
0.98652005,0,0
0.8787627,0,0
0.8261663,0,0
0.75735277,0,0
0.78034705,0,0
0.79903364,0,0
0.81598276,0,0
0.9005119,0,0
0.9167829,0,0
0.96038914,0,0
0.9323792,0,0
0.9714337,0,0
0.9897539,0,0
0.9986528,0,0
0.9206201,0,0
0.69144946,0,0
0.9208818,0,0
0.9906135,0,0
0.9785978,0,0
0.9418495,0,0
0.7211827,0,0
0.83164275,0,0
0.923229,0,0
0.95769316,0,0
0.9749104,0,0
0.96238273,0,0
0.9606854,0,0
0.7855711,0,0
0.9246273,0,0
0.9759585,0,0
0.9993666,0,0
0.99852264,0,0
0.96851414,0,0
0.95803916,0,0
0.9245918,0,0
0.8638654,0,0
0.79439616,0,0
0.96853477,0,0
0.999876,0,0
0.99568564,0,0
0.9954185,0,0
0.92840695,0,0
0.7138618,0,0
0.92779696,0,0
0.97561914,0,0
0.96229726,0,0
0.8504597,0,0
0.86126006,0,0
0.74505645,0,0
0.98070127,0,0
0.9979079,0,0
0.83236665,0,0
0.7210857,0,0
0.81571275,0,0
0.9161519,0,0
0.9481225,0,0
0.8291819,0,0
0.8168502,0,0
0.77088296,0,0
0.95260614,0,0
0.9794421,0,0
0.95100385,0,0
0.90415204,0,0
0.8357416,0,0
0.9800662,0,0
0.990032,0,0
0.933713,0,0
0.90680504,0,0
0.99952507,0,0
0.991006,0,0
0.8836749,0,0
0.99700356,0,0
0.9981404,0,0
0.76341903,0,0
0.8224543,0,0
0.7370231,0,0
0.87393284,0,0
0.9017494,0,0
0.9745333,0,0
0.8994553,0,0
0.95290095,0,0
0.9985832,0,0
0.9037852,0,0
0.8904044,0,0
0.94389266,0,0
0.87951905,0,0
0.80254954,0,0
0.9923595,0,0
0.9982294,0,0
0.8852192,0,0
0.9603218,0,0
0.9530054,0,0
0.843303,0,0
0.9964294,0,0
0.9924029,0,0
0.97030914,0,0
0.97350746,0,0
0.844671,0,0
0.754638,0,0
0.87052643,0,0
0.950419,0,0
0.9111391,0,0
0.8187835,0,0
0.9904262,0,0
0.97738063,0,0
0.9934661,0,0
0.99134165,0,0
0.857114,0,0
0.96532214,0,0
0.9813698,0,0
0.7931709,0,0
0.83494985,0,0
0.91829467,0,0
0.90404594,0,0
0.7782587,0,0
0.88597333,0,0
0.8148215,0,0
0.9038946,0,0
0.86390376,0,0
0.9939832,0,0
0.983629,0,0
0.9090098,0,0
0.9992303,0,0
0.9998119,0,0
0.864635,0,0
0.9548683,0,0
0.9392008,0,0
0.9937762,0,0
0.99989283,0,0
0.99277455,0,0
0.78743416,0,0
0.7163285,0,0
0.75086254,0,0
0.99772596,0,0
0.9994021,0,0
0.7706537,0,0
0.77071965,0,0
0.84900934,0,0
0.96133226,0,0
0.9264544,0,0
0.872708,0,0
0.9917851,0,0
0.99878794,0,0
0.95341533,0,0
0.9775357,0,0
0.9985646,0,0
0.99720615,0,0
0.9754129,0,0
0.9452828,0,0
0.7814896,0,0
0.9359343,0,0
0.9463351,0,0
0.99718297,0,0
0.9977127,0,0
0.9740093,0,0
0.8273618,0,0
0.95556533,0,0
0.98795605,0,0
0.9987734,0,0
0.91433287,0,0
0.96970946,0,0
0.93826383,0,0
0.95533276,0,0
0.95427835,0,0
0.88511103,0,0
0.93323153,0,0
0.99962306,0,0
0.9969438,0,0
0.8360231,0,0
0.96586454,0,0
0.9986312,0,0
0.8458106,0,0
0.84424794,0,0
0.9650613,0,0
0.9422552,0,0
0.9035257,0,0
0.78427887,0,0
0.8448478,0,0
0.91797906,0,0
0.7935544,0,0
0.9037248,0,0
0.8961325,0,0
0.8775897,0,0
0.9763493,0,0
0.806121,0,0
0.93214387,0,0
0.989232,0,0
0.98023623,0,0
0.99898505,0,0
0.9861419,0,0
0.9584796,0,0
0.96280265,0,0
0.99730664,0,0
0.9396027,0,0
0.7753793,0,0
0.99994826,0,0
0.99999994,0,0
0.9992378,0,0
0.89556205,0,0
0.86270654,0,0
0.88776517,0,0
0.9360176,0,0
0.76810074,0,0
0.8118539,0,0
0.9141601,0,0
0.85736483,0,0
0.74187434,0,0
0.9555173,0,0
0.90921724,0,0
0.8842953,0,0
0.90957177,0,0
0.95358574,0,0
0.9676524,0,0
0.92564964,0,0
0.8884197,0,0
0.97417855,0,0
0.7423097,0,0
0.76910526,0,0
0.806283,0,0
0.9736885,0,0
0.9992807,0,0
0.9900356,0,0
0.97664654,0,0
0.9553877,0,0
0.865761,0,0
0.80994517,0,0
0.8596268,0,0
0.84051144,0,0
0.8200183,0,0
0.90314656,0,0
0.7246686,0,0
0.85195905,0,0
0.88867486,0,0
0.86940587,0,0
0.7699441,0,0
0.82854617,0,0
0.988272,0,0
0.9909674,0,0
0.9999437,0,0
0.99999374,0,0
0.99919134,0,0
0.9128749,0,0
0.7229906,0,0
0.8140382,0,0
0.97827715,0,0
0.85887605,0,0
0.758909,0,0
0.79170084,0,0
0.9665432,0,0
0.9903646,0,0
0.986483,0,0
0.93157256,0,0
0.94185287,0,0
0.98408633,0,0
0.9599942,0,0
0.9309849,0,0
0.95064706,0,0
0.7069515,0,0
0.8150435,0,0
0.96788156,0,0
0.92121124,0,0
0.8154814,0,0
0.92641383,0,0
0.9740439,0,0
0.78154683,0,0
0.7920584,0,0
0.9779881,0,0
0.82048017,0,0
0.79653555,0,0
0.8253807,0,0
0.998485,0,0
0.99717546,0,0
0.9293603,0,0
0.80883074,0,0
0.7280662,0,0
0.8089901,0,0
0.9819612,0,0
0.7956786,0,0
0.8672313,0,0
0.8706722,0,0
0.95967126,0,0
0.98418486,0,0
0.9944399,0,0
0.78554827,0,0
0.93622816,0,0
0.8656811,0,0
0.8416213,0,0
0.83691406,0,0
0.880739,0,0
0.9954248,0,0
0.88451135,0,0
0.7445197,0,0
0.73742735,0,0
0.9419651,0,0
0.9890748,0,0
0.8720028,0,0
0.8792717,0,0
0.8933147,0,0
0.97041947,0,0
0.97870505,0,0
0.95965147,0,0
0.9962516,0,0
0.9948897,0,0
0.8737589,0,0
0.6640582,0,0
0.7415548,0,0
0.815286,0,0
0.99344265,0,0
0.95337856,0,0
0.8608989,0,0
0.9379602,0,0
0.86804265,0,0
0.9301682,0,0
0.9798817,0,0
0.8622891,0,0
0.73482674,0,0
0.9987073,0,0
0.99987066,0,0
0.94347227,0,0
0.8092641,0,0
0.93037564,0,0
0.96725434,0,0
0.89955735,0,0
0.6710526,0,0
0.78837556,0,0
0.80351925,0,0
0.68749493,0,0
0.7922689,0,0
0.79536295,0,0
0.9726449,0,0
0.9832283,0,0
0.9172019,0,0
0.8714067,0,0
0.8988802,0,0
0.9493411,0,0
0.80341935,0,0
0.99822855,0,0
0.99988174,0,0
0.88708174,0,0
0.8256353,0,0
0.9116957,0,0
0.99391115,0,0
0.89778924,0,0
0.85521483,0,0
0.99833757,0,0
0.99982995,0,0
0.8472938,0,0
0.8634729,0,0
0.93738186,0,0
0.9940855,0,0
0.9967354,0,0
0.9398793,0,0
0.80533606,0,0
0.83518994,0,0
0.94530237,0,0
0.9808358,0,0
0.8414339,0,0
0.78283817,0,0
0.74146676,0,0
0.9507596,0,0
0.91310525,0,0
0.92524725,0,0
0.95838875,0,0
0.7991453,0,0
0.7164023,0,0
0.94645244,0,0
0.9989848,0,0
0.9994464,0,0
0.9678797,0,0
0.9884462,0,0
0.8189067,0,0
0.8783309,0,0
0.9236808,0,0
0.8683263,0,0
0.9998357,0,0
0.99316514,0,0
0.9607723,0,0
0.98379296,0,0
0.9448947,0,0
0.99594706,0,0
0.99776363,0,0
0.9679457,0,0
0.9299288,0,0
0.82018733,0,0
0.93479097,0,0
0.85038424,0,0
0.936154,0,0
0.79387736,0,0
0.7419143,0,0
0.9953343,0,0
0.8923105,0,0
0.7774225,0,0
0.8396123,0,0
0.6678466,0,0
0.9195498,0,0
0.96357226,0,0
0.86648524,0,0
0.8845589,0,0
0.93018425,0,0
0.8717414,0,0
0.99469244,0,0
0.98986334,0,0
0.7045449,0,0
0.81176627,0,0
0.8847317,0,0
0.946508,0,0
0.685719,0,0
0.6619568,0,0
0.7785797,0,0
0.9439635,0,0
0.91969943,0,0
0.78345376,0,0
0.92955273,0,0
0.955921,0,0
0.86582184,0,0
0.9857727,0,0
0.91879267,0,0
0.9925885,0,0
0.9988864,0,0
0.9854374,0,0
0.9874125,0,0
0.96069133,0,0
0.9818498,0,0
0.97581446,0,0
0.81145537,0,0
0.89274126,0,0
0.9933245,0,0
0.99792546,0,0
0.8038777,0,0
0.99414235,0,0
0.99940777,0,0
0.9196004,0,0
0.9813907,0,0
0.9185381,0,0
0.86867166,0,0
0.79860055,0,0
0.7425368,0,0
0.77753323,0,0
0.7312232,0,0
0.9944464,0,0
0.99898034,0,0
0.8359667,0,0
0.97022974,0,0
0.9817213,0,0
0.998671,0,0
0.95611763,0,0
0.8712,0,0
0.9316849,0,0
0.9024457,0,0
0.953511,0,0
0.99994916,0,0
0.99907726,0,0
0.99258137,0,0
0.966673,0,0
0.9709456,0,0
0.8784537,0,0
0.8612641,0,0
0.7970689,0,0
0.75514424,0,0
0.9579165,0,0
0.98697287,0,0
0.97560304,0,0
0.9694467,0,0
0.8722131,0,0
0.7163867,0,0
0.99865544,0,0
1.0,0,0
0.99999994,0,0
0.8803084,0,0
0.8284613,0,0
0.9441112,0,0
0.8985333,0,0
0.8452218,0,0
0.9970322,0,0
0.99367553,0,0
0.9949784,0,0
0.90382797,0,0
0.9688752,0,0
0.96457356,0,0
0.947789,0,0
0.9709698,0,0
0.97945344,0,0
0.97302914,0,0
0.99428415,0,0
0.817697,0,0
0.99062914,0,0
0.9575601,0,0
0.84888315,0,0
0.97098935,0,0
0.9754442,0,0
0.7109425,0,0
0.6807474,0,0
0.78570235,0,0
0.76461333,0,0
0.9613446,0,0
0.99807715,0,0
0.99952763,0,0
0.9916339,0,0
0.9963936,0,0
0.9641913,0,0
0.96951944,0,0
0.9508061,0,0
0.9341678,0,0
0.89192545,0,0
0.991503,0,0
0.9999674,0,0
0.99989986,0,0
0.983629,0,0
0.8308453,0,0
0.70507646,0,0
0.80360633,0,0
0.9549778,0,0
0.9943936,0,0
0.9823268,0,0
0.8626533,0,0
0.80140364,0,0
0.95163363,0,0
0.9051572,0,0
0.67152274,0,0
0.87234986,0,0
0.9890743,0,0
0.9922423,0,0
0.99949,0,0
0.99652785,0,0
0.9984389,0,0
0.92273104,0,0
0.9659175,0,0
0.995498,0,0
0.9999955,0,0
0.9998982,0,0
0.98231626,0,0
0.97280604,0,0
0.9761835,0,0
0.99816453,0,0
0.99975026,0,0
0.99992365,0,0
0.9993481,0,0
0.7470145,0,0
0.9626492,0,0
0.998745,0,0
0.97867084,0,0
0.90870494,0,0
0.947367,0,0
0.9703528,0,0
0.8196483,0,0
0.8485941,0,0
0.9352267,0,0
0.980774,0,0
0.9507436,0,0
0.90829915,0,0
0.9553961,0,0
0.8643645,0,0
0.9147428,0,0
0.99896234,0,0
0.9729168,0,0
0.9401817,0,0
0.8713438,0,0
0.7097619,0,0
0.73104787,0,0
0.83157945,0,0
0.9289864,0,0
0.9089729,0,0
0.98732513,0,0
0.7722033,0,0
0.6804048,0,0
0.9591933,0,0
0.89210135,0,0
0.9335566,0,0
0.9933308,0,0
0.9898352,0,0
0.9730346,0,0
0.6668297,0,0
0.7409807,0,0
0.9463519,0,0
0.67687213,0,0
0.75192153,0,0
0.916736,0,0
0.76122755,0,0
0.851596,0,0
0.92928886,0,0
0.74445385,0,0
0.9998912,0,0
0.99981713,0,0
0.92260075,0,0
0.95579636,0,0
0.8949101,0,0
0.9246709,0,0
0.7755677,0,0
0.9596169,0,0
0.99316925,0,0
0.8307071,0,0
0.9916754,0,0
0.9024776,0,0
0.8189216,0,0
0.9514295,0,0
0.99922556,0,0
0.9963878,0,0
0.9394903,0,0
0.9452004,0,0
0.94966274,0,0
0.99700534,0,0
0.7917361,0,0
0.91431314,0,0
0.9781505,0,0
0.9953849,0,0
0.9975294,0,0
0.99521554,0,0
0.9790189,0,0
0.9992855,0,0
0.98335314,0,0
0.866323,0,0
0.85522956,0,0
0.9792508,0,0
0.9911317,0,0
0.9914693,0,0
0.99992067,0,0
0.9888704,0,0
0.9358079,0,0
0.65980107,0,0
0.9121388,0,0
0.90260535,0,0
0.8755683,0,0
0.6666112,0,0
0.70005774,0,0
0.8016869,0,0
0.931834,0,0
0.99997693,0,0
0.9999986,0,0
0.9997603,0,0
0.8788286,0,0
0.93446296,0,0
0.98027784,0,0
0.97911644,0,0
0.91293174,0,0
0.98382205,0,0
0.98839736,0,0
0.97468865,0,0
0.7718981,0,0
0.8024442,0,0
0.7242491,0,0
0.90459514,0,0
0.9999888,0,0
0.9999606,0,0
0.98192835,0,0
0.80291355,0,0
0.7064959,0,0
0.9256804,0,0
0.9520235,0,0
0.947561,0,0
0.81164193,0,0
0.9998762,0,0
1.0,0,0
1.0,0,0
1.0,0,0
1.0,0,0
1.0,0,0
1.0,0,0
1.0,0,0
1.0,0,0
1.0,0,0
1.0,0,0
1.0,0,0
1.0,0,0
1.0,0,0
1.0,0,0
1.0,0,0
1.0,0,0
1.0,0,0
1.0,0,0
1.0,0,0
1.0,0,0
1.0,0,0
1.0,0,0
1.0,0,0
1.0,0,0
1.0,0,0
1.0,0,0
1.0,0,0
1.0,0,0
1.0,0,0
1.0,0,0
1.0,0,0
1.0,0,0
1.0,0,0
1.0,0,0
1.0,0,0
1.0,0,0
1.0,0,0
1.0,0,0
1.0,0,0
1.0,0,0
1.0,0,0
1.0,0,0
1.0,0,0
1.0,0,0
1.0,0,0
1.0,0,0
1.0,0,0
1.0,0,0
1.0,0,0
1.0,0,0
1.0,0,0
1.0,0,0
1.0,0,0
1.0,0,0
1.0,0,0
1.0,0,0
1.0,0,0
1.0,0,0
1.0,0,0
1.0,0,0
1.0,0,0
1.0,0,0
1.0,0,0
1.0,0,0
1.0,0,0
1.0,0,0
1.0,0,0
1.0,0,0
1.0,0,0
1.0,0,0
1.0,0,0
1.0,0,0
1.0,0,0
1.0,0,0
1.0,0,0
1.0,0,0
1.0,0,0
1.0,0,0
1.0,0,0
1.0,0,0
1.0,0,0
1.0,0,0
1.0,0,0
1.0,0,0
1.0,0,0
1.0,0,0
1.0,0,0
1.0,0,0
1.0,0,0
1.0,0,0
1.0,0,0
0.63704705,0,0
1.0,0,0
1.0,0,0
1.0,0,0
1.0,0,0
1.0,0,0
1.0,0,0
1.0,0,0
1.0,0,0
1.0,0,0
1.0,0,0
1.0,0,0
1.0,0,0
1.0,0,0
1.0,0,0
1.0,0,0
1.0,0,0
1.0,0,0
1.0,0,0
1.0,0,0
1.0,0,0
1.0,0,0
1.0,0,0
1.0,0,0
1.0,0,0
1.0,0,0
1.0,0,0
1.0,0,0
1.0,0,0
1.0,0,0
1.0,0,0
1.0,0,0
1.0,0,0
1.0,0,0
1.0,0,0
1.0,0,0
1.0,0,0
1.0,0,0
1.0,0,0
1.0,0,0
1.0,0,0
1.0,0,0
1.0,0,0
1.0,0,0
1.0,0,0
1.0,0,0
1.0,0,0
1.0,0,0
1.0,0,0
1.0,0,0
1.0,0,0
1.0,0,0
1.0,0,0
1.0,0,0
1.0,0,0
1.0,0,0
1.0,0,0
1.0,0,0
1.0,0,0
1.0,0,0
1.0,0,0
1.0,0,0
1.0,0,0
1.0,0,0
1.0,0,0
1.0,0,0
1.0,0,0
1.0,0,0
1.0,0,0
1.0,0,0
1.0,0,0
1.0,0,0
1.0,0,0
1.0,0,0
1.0,0,0
1.0,0,0
1.0,0,0
1.0,0,0
1.0,0,0
1.0,0,0
1.0,0,0
1.0,0,0
1.0,0,0
1.0,0,0
1.0,0,0
1.0,0,0
1.0,0,0
1.0,0,0
1.0,0,0
1.0,0,0
1.0,0,0
1.0,0,0
1.0,0,0
1.0,0,0
1.0,0,0
1.0,0,0
1.0,0,0
1.0,0,0
1.0,0,0
1.0,0,0
1.0,0,0
1.0,0,0
1.0,0,0
1.0,0,0
1.0,0,0
1.0,0,0
1.0,0,0
1.0,0,0
1.0,0,0
1.0,0,0
1.0,0,0
1.0,0,0
1.0,0,0
1.0,0,0
1.0,0,0
1.0,0,0
1.0,0,0
1.0,0,0
1.0,0,0
1.0,0,0
1.0,0,0
1.0,0,0
1.0,0,0
1.0,0,0
1.0,0,0
1.0,0,0
1.0,0,0
1.0,0,0
1.0,0,0
1.0,0,0
1.0,0,0
1.0,0,0
1.0,0,0
1.0,0,0
1.0,0,0
1.0,0,0
1.0,0,0
1.0,0,0
1.0,0,0
1.0,0,0
1.0,0,0
1.0,0,0
1.0,0,0
1.0,0,0
1.0,0,0
1.0,0,0
1.0,0,0
1.0,0,0
1.0,0,0
1.0,0,0
1.0,0,0
1.0,0,0
1.0,0,0
1.0,0,0
1.0,0,0
1.0,0,0
1.0,0,0
1.0,0,0
1.0,0,0
1.0,0,0
1.0,0,0
1.0,0,0
1.0,0,0
1.0,0,0
1.0,0,0
1.0,0,0
1.0,0,0
1.0,0,0
1.0,0,0
1.0,0,0
1.0,0,0
1.0,0,0
1.0,0,0
1.0,0,0
1.0,0,0
1.0,0,0
1.0,0,0
1.0,0,0
1.0,0,0
1.0,0,0
1.0,0,0
1.0,0,0
1.0,0,0
1.0,0,0
1.0,0,0
1.0,0,0
1.0,0,0
1.0,0,0
1.0,0,0
1.0,0,0
1.0,0,0
1.0,0,0
1.0,0,0
1.0,0,0
1.0,0,0
1.0,0,0
1.0,0,0
1.0,0,0
1.0,0,0
1.0,0,0
1.0,0,0
1.0,0,0
1.0,0,0
1.0,0,0
1.0,0,0
1.0,0,0
1.0,0,0
1.0,0,0
1.0,0,0
1.0,0,0
1.0,0,0
1.0,0,0
1.0,0,0
1.0,0,0
1.0,0,0
1.0,0,0
1.0,0,0
1.0,0,0
1.0,0,0
1.0,0,0
1.0,0,0
1.0,0,0
1.0,0,0
1.0,0,0
1.0,0,0
1.0,0,0
1.0,0,0
1.0,0,0
1.0,0,0
1.0,0,0
1.0,0,0
1.0,0,0
1.0,0,0
1.0,0,0
1.0,0,0
1.0,0,0
1.0,0,0
1.0,0,0
1.0,0,0
1.0,0,0
1.0,0,0
1.0,0,0
1.0,0,0
1.0,0,0
1.0,0,0
1.0,0,0
1.0,0,0
1.0,0,0
1.0,0,0
1.0,0,0
1.0,0,0
1.0,0,0
1.0,0,0
1.0,0,0
1.0,0,0
1.0,0,0
1.0,0,0
1.0,0,0
1.0,0,0
1.0,0,0
1.0,0,0
1.0,0,0
1.0,0,0
1.0,0,0
1.0,0,0
1.0,0,0
1.0,0,0
1.0,0,0
1.0,0,0
1.0,0,0
1.0,0,0
1.0,0,0
1.0,0,0
1.0,0,0
1.0,0,0
1.0,0,0
1.0,0,0
1.0,0,0
1.0,0,0
1.0,0,0
1.0,0,0
1.0,0,0
1.0,0,0
1.0,0,0
1.0,0,0
1.0,0,0
1.0,0,0
1.0,0,0
1.0,0,0
1.0,0,0
1.0,0,0
1.0,0,0
1.0,0,0
1.0,0,0
1.0,0,0
1.0,0,0
1.0,0,0
1.0,0,0
1.0,0,0
1.0,0,0
1.0,0,0
1.0,0,0
1.0,0,0
1.0,0,0
1.0,0,0
1.0,0,0
1.0,0,0
1.0,0,0
1.0,0,0
1.0,0,0
1.0,0,0
1.0,0,0
1.0,0,0
1.0,0,0
1.0,0,0
1.0,0,0
1.0,0,0
1.0,0,0
1.0,0,0
1.0,0,0
1.0,0,0
1.0,0,0
1.0,0,0
1.0,0,0
1.0,0,0
1.0,0,0
1.0,0,0
1.0,0,0
1.0,0,0
1.0,0,0
1.0,0,0
1.0,0,0
1.0,0,0
1.0,0,0
1.0,0,0
1.0,0,0
1.0,0,0
1.0,0,0
1.0,0,0
1.0,0,0
1.0,0,0
0.9117309,0,0
1.0,0,0
1.0,0,0
1.0,0,0
1.0,0,0
1.0,0,0
1.0,0,0
1.0,0,0
1.0,0,0
1.0,0,0
1.0,0,0
1.0,0,0
1.0,0,0
1.0,0,0
1.0,0,0
1.0,0,0
1.0,0,0
1.0,0,0
1.0,0,0
1.0,0,0
1.0,0,0
1.0,0,0
1.0,0,0
1.0,0,0
1.0,0,0
1.0,0,0
1.0,0,0
1.0,0,0
1.0,0,0
1.0,0,0
1.0,0,0
0.9908326,0,0
1.0,0,0
1.0,0,0
1.0,0,0
1.0,0,0
1.0,0,0
1.0,0,0
1.0,0,0
1.0,0,0
1.0,0,0
1.0,0,0
1.0,0,0
1.0,0,0
1.0,0,0
1.0,0,0
1.0,0,0
1.0,0,0
1.0,0,0
1.0,0,0
1.0,0,0
1.0,0,0
1.0,0,0
1.0,0,0
1.0,0,0
1.0,0,0
1.0,0,0
1.0,0,0
1.0,0,0
1.0,0,0
1.0,0,0
1.0,0,0
1.0,0,0
1.0,0,0
1.0,0,0
1.0,0,0
1.0,0,0
1.0,0,0
1.0,0,0
1.0,0,0
1.0,0,0
1.0,0,0
1.0,0,0
1.0,0,0
1.0,0,0
1.0,0,0
1.0,0,0
1.0,0,0
1.0,0,0
1.0,0,0
1.0,0,0
1.0,0,0
1.0,0,0
1.0,0,0
1.0,0,0
1.0,0,0
1.0,0,0
1.0,0,0
1.0,0,0
1.0,0,0
1.0,0,0
1.0,0,0
1.0,0,0
1.0,0,0
1.0,0,0
1.0,0,0
1.0,0,0
1.0,0,0
1.0,0,0
1.0,0,0
1.0,0,0
1.0,0,0
1.0,0,0
1.0,0,0
1.0,0,0
1.0,0,0
1.0,0,0
1.0,0,0
1.0,0,0
1.0,0,0
1.0,0,0
1.0,0,0
1.0,0,0
1.0,0,0
1.0,0,0
1.0,0,0
1.0,0,0
1.0,0,0
1.0,0,0
1.0,0,0
1.0,0,0
1.0,0,0
1.0,0,0
1.0,0,0
1.0,0,0
1.0,0,0
1.0,0,0
1.0,0,0
1.0,0,0
1.0,0,0
1.0,0,0
1.0,0,0
1.0,0,0
1.0,0,0
1.0,0,0
1.0,0,0
1.0,0,0
1.0,0,0
1.0,0,0
1.0,0,0
1.0,0,0
1.0,0,0
1.0,0,0
1.0,0,0
1.0,0,0
1.0,0,0
1.0,0,0
1.0,0,0
1.0,0,0
1.0,0,0
1.0,0,0
1.0,0,0
1.0,0,0
1.0,0,0
1.0,0,0
0.9183239,0,0
1.0,0,0
1.0,0,0
1.0,0,0
1.0,0,0
1.0,0,0
1.0,0,0
1.0,0,0
1.0,0,0
1.0,0,0
1.0,0,0
1.0,0,0
1.0,0,0
1.0,0,0
1.0,0,0
1.0,0,0
1.0,0,0
1.0,0,0
1.0,0,0
1.0,0,0
1.0,0,0
1.0,0,0
1.0,0,0
1.0,0,0
1.0,0,0
1.0,0,0
1.0,0,0
1.0,0,0
1.0,0,0
1.0,0,0
1.0,0,0
1.0,0,0
1.0,0,0
1.0,0,0
1.0,0,0
1.0,0,0
1.0,0,0
1.0,0,0
1.0,0,0
1.0,0,0
1.0,0,0
1.0,0,0
1.0,0,0
1.0,0,0
1.0,0,0
1.0,0,0
1.0,0,0
1.0,0,0
1.0,0,0
1.0,0,0
1.0,0,0
1.0,0,0
1.0,0,0
1.0,0,0
1.0,0,0
1.0,0,0
1.0,0,0
1.0,0,0
1.0,0,0
1.0,0,0
1.0,0,0
1.0,0,0
0.99999976,0,0
1.0,0,0
1.0,0,0
1.0,0,0
1.0,0,0
1.0,0,0
1.0,0,0
1.0,0,0
1.0,0,0
1.0,0,0
1.0,0,0
1.0,0,0
1.0,0,0
1.0,0,0
1.0,0,0
1.0,0,0
1.0,0,0
1.0,0,0
1.0,0,0
1.0,0,0
1.0,0,0
1.0,0,0
1.0,0,0
1.0,0,0
1.0,0,0
1.0,0,0
1.0,0,0
1.0,0,0
1.0,0,0
1.0,0,0
1.0,0,0
1.0,0,0
1.0,0,0
1.0,0,0
1.0,0,0
1.0,0,0
1.0,0,0
1.0,0,0
1.0,0,0
1.0,0,0
1.0,0,0
1.0,0,0
1.0,0,0
1.0,0,0
1.0,0,0
1.0,0,0
1.0,0,0
1.0,0,0
1.0,0,0
1.0,0,0
1.0,0,0
1.0,0,0
1.0,0,0
1.0,0,0
1.0,0,0
1.0,0,0
1.0,0,0
1.0,0,0
1.0,0,0
1.0,0,0
1.0,0,0
1.0,0,0
1.0,0,0
1.0,0,0
1.0,0,0
1.0,0,0
1.0,0,0
1.0,0,0
1.0,0,0
1.0,0,0
1.0,0,0
1.0,0,0
1.0,0,0
1.0,0,0
1.0,0,0
1.0,0,0
1.0,0,0
1.0,0,0
1.0,0,0
1.0,0,0
1.0,0,0
1.0,0,0
1.0,0,0
1.0,0,0
1.0,0,0
1.0,0,0
1.0,0,0
1.0,0,0
1.0,0,0
1.0,0,0
1.0,0,0
1.0,0,0
1.0,0,0
1.0,0,0
1.0,0,0
1.0,0,0
1.0,0,0
1.0,0,0
1.0,0,0
1.0,0,0
1.0,0,0
1.0,0,0
1.0,0,0
1.0,0,0
1.0,0,0
1.0,0,0
1.0,0,0
1.0,0,0
1.0,0,0
1.0,0,0
1.0,0,0
1.0,0,0
1.0,0,0
1.0,0,0
1.0,0,0
1.0,0,0
1.0,0,0
1.0,0,0
1.0,0,0
1.0,0,0
1.0,0,0
1.0,0,0
1.0,0,0
1.0,0,0
0.9975762,0,0
1.0,0,0
1.0,0,0
1.0,0,0
1.0,0,0
1.0,0,0
1.0,0,0
1.0,0,0
1.0,0,0
1.0,0,0
1.0,0,0
1.0,0,0
1.0,0,0
1.0,0,0
1.0,0,0
1.0,0,0
1.0,0,0
1.0,0,0
1.0,0,0
1.0,0,0
1.0,0,0
1.0,0,0
1.0,0,0
1.0,0,0
1.0,0,0
1.0,0,0
1.0,0,0
1.0,0,0
1.0,0,0
1.0,0,0
1.0,0,0
0.9986659,0,0
1.0,0,0
1.0,0,0
1.0,0,0
1.0,0,0
1.0,0,0
1.0,0,0
1.0,0,0
1.0,0,0
1.0,0,0
1.0,0,0
1.0,0,0
1.0,0,0
1.0,0,0
1.0,0,0
1.0,0,0
1.0,0,0
1.0,0,0
1.0,0,0
1.0,0,0
1.0,0,0
1.0,0,0
1.0,0,0
1.0,0,0
1.0,0,0
1.0,0,0
1.0,0,0
1.0,0,0
1.0,0,0
1.0,0,0
1.0,0,0
1.0,0,0
1.0,0,0
1.0,0,0
1.0,0,0
1.0,0,0
1.0,0,0
1.0,0,0
1.0,0,0
1.0,0,0
1.0,0,0
1.0,0,0
1.0,0,0
1.0,0,0
1.0,0,0
1.0,0,0
1.0,0,0
1.0,0,0
1.0,0,0
1.0,0,0
1.0,0,0
1.0,0,0
1.0,0,0
1.0,0,0
1.0,0,0
1.0,0,0
1.0,0,0
1.0,0,0
1.0,0,0
1.0,0,0
1.0,0,0
1.0,0,0
1.0,0,0
1.0,0,0
1.0,0,0
1.0,0,0
1.0,0,0
1.0,0,0
1.0,0,0
1.0,0,0
1.0,0,0
1.0,0,0
1.0,0,0
1.0,0,0
1.0,0,0
1.0,0,0
1.0,0,0
1.0,0,0
1.0,0,0
1.0,0,0
1.0,0,0
1.0,0,0
1.0,0,0
1.0,0,0
1.0,0,0
1.0,0,0
1.0,0,0
1.0,0,0
1.0,0,0
1.0,0,0
1.0,0,0
1.0,0,0
1.0,0,0
0.9994845,0,0
1.0,0,0
1.0,0,0
1.0,0,0
1.0,0,0
1.0,0,0
1.0,0,0
1.0,0,0
1.0,0,0
1.0,0,0
1.0,0,0
1.0,0,0
1.0,0,0
1.0,0,0
1.0,0,0
1.0,0,0
1.0,0,0
1.0,0,0
1.0,0,0
1.0,0,0
1.0,0,0
1.0,0,0
1.0,0,0
1.0,0,0
1.0,0,0
1.0,0,0
1.0,0,0
1.0,0,0
1.0,0,0
1.0,0,0
1.0,0,0
1.0,0,0
1.0,0,0
1.0,0,0
1.0,0,0
1.0,0,0
1.0,0,0
1.0,0,0
1.0,0,0
1.0,0,0
1.0,0,0
1.0,0,0
1.0,0,0
1.0,0,0
1.0,0,0
1.0,0,0
1.0,0,0
1.0,0,0
1.0,0,0
1.0,0,0
1.0,0,0
1.0,0,0
1.0,0,0
1.0,0,0
1.0,0,0
1.0,0,0
1.0,0,0
1.0,0,0
1.0,0,0
1.0,0,0
1.0,0,0
1.0,0,0
0.7295548,0,0
1.0,0,0
1.0,0,0
1.0,0,0
1.0,0,0
1.0,0,0
1.0,0,0
1.0,0,0
1.0,0,0
1.0,0,0
1.0,0,0
1.0,0,0
1.0,0,0
1.0,0,0
1.0,0,0
1.0,0,0
1.0,0,0
1.0,0,0
1.0,0,0
1.0,0,0
1.0,0,0
1.0,0,0
1.0,0,0
1.0,0,0
1.0,0,0
1.0,0,0
1.0,0,0
1.0,0,0
1.0,0,0
1.0,0,0
1.0,0,0
1.0,0,0
1.0,0,0
1.0,0,0
1.0,0,0
1.0,0,0
1.0,0,0
1.0,0,0
1.0,0,0
1.0,0,0
1.0,0,0
1.0,0,0
1.0,0,0
1.0,0,0
1.0,0,0
1.0,0,0
1.0,0,0
1.0,0,0
1.0,0,0
1.0,0,0
1.0,0,0
1.0,0,0
1.0,0,0
1.0,0,0
1.0,0,0
1.0,0,0
1.0,0,0
1.0,0,0
1.0,0,0
1.0,0,0
1.0,0,0
1.0,0,0
1.0,0,0
1.0,0,0
1.0,0,0
1.0,0,0
1.0,0,0
1.0,0,0
1.0,0,0
1.0,0,0
1.0,0,0
1.0,0,0
1.0,0,0
1.0,0,0
1.0,0,0
1.0,0,0
1.0,0,0
1.0,0,0
1.0,0,0
1.0,0,0
1.0,0,0
1.0,0,0
1.0,0,0
1.0,0,0
1.0,0,0
1.0,0,0
1.0,0,0
1.0,0,0
1.0,0,0
1.0,0,0
1.0,0,0
1.0,0,0
1.0,0,0
1.0,0,0
1.0,0,0
1.0,0,0
1.0,0,0
1.0,0,0
1.0,0,0
1.0,0,0
1.0,0,0
1.0,0,0
1.0,0,0
1.0,0,0
1.0,0,0
1.0,0,0
1.0,0,0
1.0,0,0
1.0,0,0
1.0,0,0
1.0,0,0
1.0,0,0
1.0,0,0
1.0,0,0
1.0,0,0
1.0,0,0
1.0,0,0
1.0,0,0
1.0,0,0
1.0,0,0
1.0,0,0
1.0,0,0
1.0,0,0
1.0,0,0
1.0,0,0
1.0,0,0
1.0,0,0
1.0,0,0
1.0,0,0
1.0,0,0
1.0,0,0
1.0,0,0
1.0,0,0
1.0,0,0
1.0,0,0
1.0,0,0
1.0,0,0
1.0,0,0
1.0,0,0
1.0,0,0
1.0,0,0
1.0,0,0
1.0,0,0
1.0,0,0
1.0,0,0
1.0,0,0
1.0,0,0
1.0,0,0
1.0,0,0
1.0,0,0
1.0,0,0
1.0,0,0
1.0,0,0
1.0,0,0
1.0,0,0
0.9678362,0,0
1.0,0,0
1.0,0,0
1.0,0,0
1.0,0,0
1.0,0,0
1.0,0,0
1.0,0,0
1.0,0,0
1.0,0,0
1.0,0,0
1.0,0,0
1.0,0,0
1.0,0,0
1.0,0,0
1.0,0,0
1.0,0,0
1.0,0,0
1.0,0,0
1.0,0,0
1.0,0,0
1.0,0,0
1.0,0,0
1.0,0,0
1.0,0,0
1.0,0,0
1.0,0,0
1.0,0,0
1.0,0,0
1.0,0,0
1.0,0,0
1.0,0,0
1.0,0,0
1.0,0,0
1.0,0,0
1.0,0,0
1.0,0,0
1.0,0,0
1.0,0,0
1.0,0,0
1.0,0,0
1.0,0,0
1.0,0,0
1.0,0,0
1.0,0,0
1.0,0,0
1.0,0,0
1.0,0,0
1.0,0,0
1.0,0,0
1.0,0,0
1.0,0,0
1.0,0,0
1.0,0,0
1.0,0,0
1.0,0,0
1.0,0,0
1.0,0,0
1.0,0,0
1.0,0,0
1.0,0,0
1.0,0,0
0.9999193,0,0
1.0,0,0
1.0,0,0
1.0,0,0
1.0,0,0
1.0,0,0
1.0,0,0
1.0,0,0
1.0,0,0
1.0,0,0
1.0,0,0
1.0,0,0
1.0,0,0
1.0,0,0
1.0,0,0
1.0,0,0
1.0,0,0
1.0,0,0
1.0,0,0
1.0,0,0
1.0,0,0
1.0,0,0
1.0,0,0
1.0,0,0
1.0,0,0
1.0,0,0
1.0,0,0
1.0,0,0
1.0,0,0
1.0,0,0
1.0,0,0
1.0,0,0
1.0,0,0
1.0,0,0
1.0,0,0
1.0,0,0
1.0,0,0
1.0,0,0
1.0,0,0
1.0,0,0
1.0,0,0
1.0,0,0
1.0,0,0
1.0,0,0
1.0,0,0
1.0,0,0
1.0,0,0
1.0,0,0
1.0,0,0
1.0,0,0
1.0,0,0
1.0,0,0
1.0,0,0
1.0,0,0
1.0,0,0
1.0,0,0
1.0,0,0
1.0,0,0
1.0,0,0
1.0,0,0
1.0,0,0
1.0,0,0
1.0,0,0
1.0,0,0
1.0,0,0
1.0,0,0
1.0,0,0
1.0,0,0
1.0,0,0
1.0,0,0
1.0,0,0
1.0,0,0
1.0,0,0
1.0,0,0
1.0,0,0
1.0,0,0
1.0,0,0
1.0,0,0
1.0,0,0
1.0,0,0
1.0,0,0
1.0,0,0
1.0,0,0
1.0,0,0
1.0,0,0
1.0,0,0
1.0,0,0
1.0,0,0
1.0,0,0
1.0,0,0
1.0,0,0
1.0,0,0
1.0,0,0
1.0,0,0
1.0,0,0
1.0,0,0
1.0,0,0
1.0,0,0
1.0,0,0
1.0,0,0
1.0,0,0
1.0,0,0
1.0,0,0
1.0,0,0
1.0,0,0
1.0,0,0
1.0,0,0
1.0,0,0
1.0,0,0
1.0,0,0
1.0,0,0
1.0,0,0
1.0,0,0
1.0,0,0
1.0,0,0
1.0,0,0
1.0,0,0
1.0,0,0
1.0,0,0
1.0,0,0
1.0,0,0
1.0,0,0
1.0,0,0
1.0,0,0
1.0,0,0
1.0,0,0
1.0,0,0
1.0,0,0
1.0,0,0
1.0,0,0
1.0,0,0
1.0,0,0
1.0,0,0
1.0,0,0
1.0,0,0
1.0,0,0
1.0,0,0
1.0,0,0
1.0,0,0
1.0,0,0
1.0,0,0
1.0,0,0
1.0,0,0
1.0,0,0
1.0,0,0
1.0,0,0
1.0,0,0
1.0,0,0
1.0,0,0
1.0,0,0
1.0,0,0
1.0,0,0
1.0,0,0
1.0,0,0
1.0,0,0
1.0,0,0
1.0,0,0
1.0,0,0
1.0,0,0
1.0,0,0
1.0,0,0
1.0,0,0
1.0,0,0
1.0,0,0
1.0,0,0
1.0,0,0
1.0,0,0
1.0,0,0
1.0,0,0
1.0,0,0
1.0,0,0
1.0,0,0
1.0,0,0
1.0,0,0
1.0,0,0
1.0,0,0
1.0,0,0
1.0,0,0
1.0,0,0
1.0,0,0
1.0,0,0
1.0,0,0
1.0,0,0
1.0,0,0
1.0,0,0
1.0,0,0
1.0,0,0
1.0,0,0
1.0,0,0
1.0,0,0
1.0,0,0
1.0,0,0
1.0,0,0
1.0,0,0
1.0,0,0
1.0,0,0
1.0,0,0
1.0,0,0
1.0,0,0
1.0,0,0
1.0,0,0
1.0,0,0
1.0,0,0
1.0,0,0
1.0,0,0
1.0,0,0
1.0,0,0
1.0,0,0
1.0,0,0
1.0,0,0
1.0,0,0
1.0,0,0
1.0,0,0
1.0,0,0
1.0,0,0
1.0,0,0
1.0,0,0
1.0,0,0
1.0,0,0
1.0,0,0
1.0,0,0
1.0,0,0
1.0,0,0
1.0,0,0
1.0,0,0
1.0,0,0
1.0,0,0
1.0,0,0
1.0,0,0
1.0,0,0
1.0,0,0
1.0,0,0
1.0,0,0
1.0,0,0
1.0,0,0
1.0,0,0
1.0,0,0
1.0,0,0
1.0,0,0
1.0,0,0
1.0,0,0
1.0,0,0
1.0,0,0
1.0,0,0
1.0,0,0
1.0,0,0
1.0,0,0
1.0,0,0
1.0,0,0
1.0,0,0
1.0,0,0
1.0,0,0
1.0,0,0
1.0,0,0
1.0,0,0
1.0,0,0
1.0,0,0
1.0,0,0
1.0,0,0
1.0,0,0
1.0,0,0
1.0,0,0
1.0,0,0
1.0,0,0
1.0,0,0
1.0,0,0
1.0,0,0
1.0,0,0
1.0,0,0
1.0,0,0
1.0,0,0
1.0,0,0
1.0,0,0
1.0,0,0
1.0,0,0
1.0,0,0
1.0,0,0
1.0,0,0
1.0,0,0
0.9999996,0,0
1.0,0,0
1.0,0,0
1.0,0,0
1.0,0,0
1.0,0,0
1.0,0,0
1.0,0,0
1.0,0,0
1.0,0,0
1.0,0,0
1.0,0,0
1.0,0,0
1.0,0,0
1.0,0,0
1.0,0,0
1.0,0,0
1.0,0,0
1.0,0,0
1.0,0,0
1.0,0,0
1.0,0,0
1.0,0,0
1.0,0,0
1.0,0,0
1.0,0,0
1.0,0,0
1.0,0,0
1.0,0,0
1.0,0,0
1.0,0,0
1.0,0,0
1.0,0,0
1.0,0,0
1.0,0,0
1.0,0,0
1.0,0,0
1.0,0,0
1.0,0,0
1.0,0,0
1.0,0,0
1.0,0,0
1.0,0,0
1.0,0,0
1.0,0,0
1.0,0,0
1.0,0,0
1.0,0,0
1.0,0,0
1.0,0,0
1.0,0,0
1.0,0,0
1.0,0,0
1.0,0,0
1.0,0,0
1.0,0,0
1.0,0,0
1.0,0,0
1.0,0,0
1.0,0,0
1.0,0,0
1.0,0,0
1.0,0,0
1.0,0,0
1.0,0,0
1.0,0,0
1.0,0,0
1.0,0,0
1.0,0,0
1.0,0,0
1.0,0,0
1.0,0,0
1.0,0,0
1.0,0,0
1.0,0,0
1.0,0,0
1.0,0,0
1.0,0,0
1.0,0,0
1.0,0,0
1.0,0,0
1.0,0,0
1.0,0,0
1.0,0,0
1.0,0,0
1.0,0,0
1.0,0,0
1.0,0,0
1.0,0,0
1.0,0,0
1.0,0,0
1.0,0,0
1.0,0,0
0.8380097,0,0
0.99203146,0,0
1.0,0,0
1.0,0,0
1.0,0,0
1.0,0,0
1.0,0,0
1.0,0,0
1.0,0,0
1.0,0,0
1.0,0,0
1.0,0,0
1.0,0,0
1.0,0,0
1.0,0,0
1.0,0,0
1.0,0,0
1.0,0,0
1.0,0,0
1.0,0,0
1.0,0,0
1.0,0,0
1.0,0,0
1.0,0,0
1.0,0,0
1.0,0,0
1.0,0,0
1.0,0,0
1.0,0,0
1.0,0,0
1.0,0,0
0.9736478,0,0
0.99833703,0,0
1.0,0,0
1.0,0,0
1.0,0,0
1.0,0,0
1.0,0,0
1.0,0,0
1.0,0,0
1.0,0,0
1.0,0,0
1.0,0,0
1.0,0,0
1.0,0,0
1.0,0,0
1.0,0,0
1.0,0,0
1.0,0,0
1.0,0,0
1.0,0,0
1.0,0,0
1.0,0,0
1.0,0,0
1.0,0,0
1.0,0,0
1.0,0,0
1.0,0,0
1.0,0,0
1.0,0,0
1.0,0,0
1.0,0,0
0.67967314,0,0
1.0,0,0
1.0,0,0
1.0,0,0
1.0,0,0
1.0,0,0
1.0,0,0
1.0,0,0
1.0,0,0
1.0,0,0
1.0,0,0
1.0,0,0
1.0,0,0
1.0,0,0
1.0,0,0
1.0,0,0
1.0,0,0
1.0,0,0
1.0,0,0
1.0,0,0
1.0,0,0
1.0,0,0
1.0,0,0
1.0,0,0
1.0,0,0
1.0,0,0
1.0,0,0
1.0,0,0
1.0,0,0
1.0,0,0
1.0,0,0
0.9972713,0,0
1.0,0,0
1.0,0,0
1.0,0,0
1.0,0,0
1.0,0,0
1.0,0,0
1.0,0,0
1.0,0,0
1.0,0,0
1.0,0,0
1.0,0,0
1.0,0,0
1.0,0,0
1.0,0,0
1.0,0,0
1.0,0,0
1.0,0,0
1.0,0,0
1.0,0,0
1.0,0,0
1.0,0,0
1.0,0,0
1.0,0,0
1.0,0,0
1.0,0,0
1.0,0,0
1.0,0,0
1.0,0,0
1.0,0,0
1.0,0,0
1.0,0,0
1.0,0,0
1.0,0,0
1.0,0,0
1.0,0,0
1.0,0,0
1.0,0,0
1.0,0,0
1.0,0,0
1.0,0,0
1.0,0,0
1.0,0,0
1.0,0,0
1.0,0,0
1.0,0,0
1.0,0,0
1.0,0,0
1.0,0,0
1.0,0,0
1.0,0,0
1.0,0,0
1.0,0,0
1.0,0,0
1.0,0,0
1.0,0,0
1.0,0,0
1.0,0,0
1.0,0,0
1.0,0,0
1.0,0,0
1.0,0,0
0.9762412,0,0
0.9998125,0,0
1.0,0,0
1.0,0,0
1.0,0,0
1.0,0,0
1.0,0,0
1.0,0,0
1.0,0,0
1.0,0,0
1.0,0,0
1.0,0,0
1.0,0,0
1.0,0,0
1.0,0,0
1.0,0,0
1.0,0,0
1.0,0,0
1.0,0,0
1.0,0,0
1.0,0,0
1.0,0,0
1.0,0,0
1.0,0,0
1.0,0,0
1.0,0,0
1.0,0,0
1.0,0,0
1.0,0,0
1.0,0,0
1.0,0,0
0.9626493,0,0
1.0,0,0
1.0,0,0
1.0,0,0
1.0,0,0
1.0,0,0
1.0,0,0
1.0,0,0
1.0,0,0
1.0,0,0
1.0,0,0
1.0,0,0
1.0,0,0
1.0,0,0
1.0,0,0
1.0,0,0
1.0,0,0
1.0,0,0
1.0,0,0
1.0,0,0
1.0,0,0
1.0,0,0
1.0,0,0
1.0,0,0
1.0,0,0
1.0,0,0
1.0,0,0
1.0,0,0
1.0,0,0
1.0,0,0
1.0,0,0
0.76233906,0,0
0.99968255,0,0
1.0,0,0
1.0,0,0
1.0,0,0
1.0,0,0
1.0,0,0
1.0,0,0
1.0,0,0
1.0,0,0
1.0,0,0
1.0,0,0
1.0,0,0
1.0,0,0
1.0,0,0
1.0,0,0
1.0,0,0
1.0,0,0
1.0,0,0
1.0,0,0
1.0,0,0
1.0,0,0
1.0,0,0
1.0,0,0
1.0,0,0
1.0,0,0
1.0,0,0
1.0,0,0
1.0,0,0
1.0,0,0
1.0,0,0
0.9503375,0,0
1.0,0,0
1.0,0,0
1.0,0,0
1.0,0,0
1.0,0,0
1.0,0,0
1.0,0,0
1.0,0,0
1.0,0,0
1.0,0,0
1.0,0,0
1.0,0,0
1.0,0,0
1.0,0,0
1.0,0,0
1.0,0,0
1.0,0,0
1.0,0,0
1.0,0,0
1.0,0,0
1.0,0,0
1.0,0,0
1.0,0,0
1.0,0,0
1.0,0,0
1.0,0,0
1.0,0,0
1.0,0,0
1.0,0,0
1.0,0,0
0.9672049,0,0
0.80244845,0,0
0.99523467,0,0
1.0,0,0
1.0,0,0
1.0,0,0
1.0,0,0
1.0,0,0
1.0,0,0
1.0,0,0
1.0,0,0
1.0,0,0
1.0,0,0
1.0,0,0
1.0,0,0
1.0,0,0
1.0,0,0
1.0,0,0
1.0,0,0
1.0,0,0
1.0,0,0
1.0,0,0
1.0,0,0
1.0,0,0
1.0,0,0
1.0,0,0
1.0,0,0
1.0,0,0
1.0,0,0
1.0,0,0
1.0,0,0
0.84919375,0,0
0.95628077,0,0
0.9998687,0,0
1.0,0,0
1.0,0,0
1.0,0,0
1.0,0,0
1.0,0,0
1.0,0,0
1.0,0,0
1.0,0,0
1.0,0,0
1.0,0,0
1.0,0,0
1.0,0,0
1.0,0,0
1.0,0,0
1.0,0,0
1.0,0,0
1.0,0,0
1.0,0,0
1.0,0,0
1.0,0,0
1.0,0,0
1.0,0,0
1.0,0,0
1.0,0,0
1.0,0,0
1.0,0,0
1.0,0,0
1.0,0,0
0.69358325,0,0
0.6329018,0,0
1.0,0,0
1.0,0,0
1.0,0,0
1.0,0,0
1.0,0,0
1.0,0,0
1.0,0,0
1.0,0,0
1.0,0,0
1.0,0,0
1.0,0,0
1.0,0,0
1.0,0,0
1.0,0,0
1.0,0,0
1.0,0,0
1.0,0,0
1.0,0,0
1.0,0,0
1.0,0,0
1.0,0,0
1.0,0,0
1.0,0,0
1.0,0,0
1.0,0,0
1.0,0,0
1.0,0,0
1.0,0,0
1.0,0,0
0.99990433,0,0
1.0,0,0
1.0,0,0
1.0,0,0
1.0,0,0
1.0,0,0
1.0,0,0
1.0,0,0
1.0,0,0
1.0,0,0
1.0,0,0
1.0,0,0
1.0,0,0
1.0,0,0
1.0,0,0
1.0,0,0
1.0,0,0
1.0,0,0
1.0,0,0
1.0,0,0
1.0,0,0
1.0,0,0
1.0,0,0
1.0,0,0
1.0,0,0
1.0,0,0
1.0,0,0
1.0,0,0
1.0,0,0
1.0,0,0
1.0,0,0
0.9804128,0,0
0.9999428,0,0
1.0,0,0
1.0,0,0
1.0,0,0
1.0,0,0
1.0,0,0
1.0,0,0
1.0,0,0
1.0,0,0
1.0,0,0
1.0,0,0
1.0,0,0
1.0,0,0
1.0,0,0
1.0,0,0
1.0,0,0
1.0,0,0
1.0,0,0
1.0,0,0
1.0,0,0
1.0,0,0
1.0,0,0
1.0,0,0
1.0,0,0
1.0,0,0
1.0,0,0
1.0,0,0
1.0,0,0
1.0,0,0
1.0,0,0
0.70969814,0,0
0.99884707,0,0
1.0,0,0
1.0,0,0
1.0,0,0
1.0,0,0
1.0,0,0
1.0,0,0
1.0,0,0
1.0,0,0
1.0,0,0
1.0,0,0
1.0,0,0
1.0,0,0
1.0,0,0
1.0,0,0
1.0,0,0
1.0,0,0
1.0,0,0
1.0,0,0
1.0,0,0
1.0,0,0
1.0,0,0
1.0,0,0
1.0,0,0
1.0,0,0
1.0,0,0
1.0,0,0
1.0,0,0
1.0,0,0
1.0,0,0
0.9615077,0,0
0.99955213,0,0
1.0,0,0
1.0,0,0
1.0,0,0
1.0,0,0
1.0,0,0
1.0,0,0
1.0,0,0
1.0,0,0
1.0,0,0
1.0,0,0
1.0,0,0
1.0,0,0
1.0,0,0
1.0,0,0
1.0,0,0
1.0,0,0
1.0,0,0
1.0,0,0
1.0,0,0
1.0,0,0
1.0,0,0
1.0,0,0
1.0,0,0
1.0,0,0
1.0,0,0
1.0,0,0
1.0,0,0
1.0,0,0
1.0,0,0
0.80797285,0,0
0.9999995,0,0
1.0,0,0
1.0,0,0
1.0,0,0
1.0,0,0
1.0,0,0
1.0,0,0
1.0,0,0
1.0,0,0
1.0,0,0
1.0,0,0
1.0,0,0
1.0,0,0
1.0,0,0
1.0,0,0
1.0,0,0
1.0,0,0
1.0,0,0
1.0,0,0
1.0,0,0
1.0,0,0
1.0,0,0
1.0,0,0
1.0,0,0
1.0,0,0
1.0,0,0
1.0,0,0
1.0,0,0
1.0,0,0
1.0,0,0
1.0,0,0
1.0,0,0
1.0,0,0
1.0,0,0
1.0,0,0
1.0,0,0
1.0,0,0
1.0,0,0
1.0,0,0
1.0,0,0
1.0,0,0
1.0,0,0
1.0,0,0
1.0,0,0
1.0,0,0
1.0,0,0
1.0,0,0
1.0,0,0
1.0,0,0
1.0,0,0
1.0,0,0
1.0,0,0
1.0,0,0
1.0,0,0
1.0,0,0
1.0,0,0
1.0,0,0
1.0,0,0
1.0,0,0
1.0,0,0
1.0,0,0
0.99950665,0,0
1.0,0,0
1.0,0,0
1.0,0,0
1.0,0,0
1.0,0,0
1.0,0,0
1.0,0,0
1.0,0,0
1.0,0,0
1.0,0,0
1.0,0,0
1.0,0,0
1.0,0,0
1.0,0,0
1.0,0,0
1.0,0,0
1.0,0,0
1.0,0,0
1.0,0,0
1.0,0,0
1.0,0,0
1.0,0,0
1.0,0,0
1.0,0,0
1.0,0,0
1.0,0,0
1.0,0,0
1.0,0,0
1.0,0,0
1.0,0,0
0.9358514,0,0
0.99955195,0,0
1.0,0,0
1.0,0,0
1.0,0,0
1.0,0,0
1.0,0,0
1.0,0,0
1.0,0,0
1.0,0,0
1.0,0,0
1.0,0,0
1.0,0,0
1.0,0,0
1.0,0,0
1.0,0,0
1.0,0,0
1.0,0,0
1.0,0,0
1.0,0,0
1.0,0,0
1.0,0,0
1.0,0,0
1.0,0,0
1.0,0,0
1.0,0,0
1.0,0,0
1.0,0,0
1.0,0,0
1.0,0,0
1.0,0,0
0.82607377,0,0
0.98710704,0,0
1.0,0,0
1.0,0,0
1.0,0,0
1.0,0,0
1.0,0,0
1.0,0,0
1.0,0,0
1.0,0,0
1.0,0,0
1.0,0,0
1.0,0,0
1.0,0,0
1.0,0,0
1.0,0,0
1.0,0,0
1.0,0,0
1.0,0,0
1.0,0,0
1.0,0,0
1.0,0,0
1.0,0,0
1.0,0,0
1.0,0,0
1.0,0,0
1.0,0,0
1.0,0,0
1.0,0,0
1.0,0,0
1.0,0,0
0.99897295,0,0
1.0,0,0
1.0,0,0
1.0,0,0
1.0,0,0
1.0,0,0
1.0,0,0
1.0,0,0
1.0,0,0
1.0,0,0
1.0,0,0
1.0,0,0
1.0,0,0
1.0,0,0
1.0,0,0
1.0,0,0
1.0,0,0
1.0,0,0
1.0,0,0
1.0,0,0
1.0,0,0
1.0,0,0
1.0,0,0
1.0,0,0
1.0,0,0
1.0,0,0
1.0,0,0
1.0,0,0
1.0,0,0
1.0,0,0
1.0,0,0
0.99997157,0,0
1.0,0,0
1.0,0,0
1.0,0,0
1.0,0,0
1.0,0,0
1.0,0,0
1.0,0,0
1.0,0,0
1.0,0,0
1.0,0,0
1.0,0,0
1.0,0,0
1.0,0,0
1.0,0,0
1.0,0,0
1.0,0,0
1.0,0,0
1.0,0,0
1.0,0,0
1.0,0,0
1.0,0,0
1.0,0,0
1.0,0,0
1.0,0,0
1.0,0,0
1.0,0,0
1.0,0,0
1.0,0,0
1.0,0,0
1.0,0,0
0.9999519,0,0
1.0,0,0
1.0,0,0
1.0,0,0
1.0,0,0
1.0,0,0
1.0,0,0
1.0,0,0
1.0,0,0
1.0,0,0
1.0,0,0
1.0,0,0
1.0,0,0
1.0,0,0
1.0,0,0
1.0,0,0
1.0,0,0
1.0,0,0
1.0,0,0
1.0,0,0
1.0,0,0
1.0,0,0
1.0,0,0
1.0,0,0
1.0,0,0
1.0,0,0
1.0,0,0
1.0,0,0
1.0,0,0
1.0,0,0
1.0,0,0
0.95012605,0,0
1.0,0,0
1.0,0,0
1.0,0,0
1.0,0,0
1.0,0,0
1.0,0,0
1.0,0,0
1.0,0,0
1.0,0,0
1.0,0,0
1.0,0,0
1.0,0,0
1.0,0,0
1.0,0,0
1.0,0,0
1.0,0,0
1.0,0,0
1.0,0,0
1.0,0,0
1.0,0,0
1.0,0,0
1.0,0,0
1.0,0,0
1.0,0,0
1.0,0,0
1.0,0,0
1.0,0,0
1.0,0,0
1.0,0,0
1.0,0,0
0.5382686,0,0
0.9401396,0,0
0.99955946,0,0
1.0,0,0
1.0,0,0
1.0,0,0
1.0,0,0
1.0,0,0
1.0,0,0
1.0,0,0
1.0,0,0
1.0,0,0
1.0,0,0
1.0,0,0
1.0,0,0
1.0,0,0
1.0,0,0
1.0,0,0
1.0,0,0
1.0,0,0
1.0,0,0
1.0,0,0
1.0,0,0
1.0,0,0
1.0,0,0
1.0,0,0
1.0,0,0
1.0,0,0
1.0,0,0
1.0,0,0
1.0,0,0
0.8343798,0,0
0.96793365,0,0
1.0,0,0
1.0,0,0
1.0,0,0
1.0,0,0
1.0,0,0
1.0,0,0
1.0,0,0
1.0,0,0
1.0,0,0
1.0,0,0
1.0,0,0
1.0,0,0
1.0,0,0
1.0,0,0
1.0,0,0
1.0,0,0
1.0,0,0
1.0,0,0
1.0,0,0
1.0,0,0
1.0,0,0
1.0,0,0
1.0,0,0
1.0,0,0
1.0,0,0
1.0,0,0
1.0,0,0
1.0,0,0
1.0,0,0
0.99999154,0,0
1.0,0,0
1.0,0,0
1.0,0,0
1.0,0,0
1.0,0,0
1.0,0,0
1.0,0,0
1.0,0,0
1.0,0,0
1.0,0,0
1.0,0,0
1.0,0,0
1.0,0,0
1.0,0,0
1.0,0,0
1.0,0,0
1.0,0,0
1.0,0,0
1.0,0,0
1.0,0,0
1.0,0,0
1.0,0,0
1.0,0,0
1.0,0,0
1.0,0,0
1.0,0,0
1.0,0,0
1.0,0,0
1.0,0,0
1.0,0,0
0.8494132,0,0
0.99995756,0,0
1.0,0,0
1.0,0,0
1.0,0,0
1.0,0,0
1.0,0,0
1.0,0,0
1.0,0,0
1.0,0,0
1.0,0,0
1.0,0,0
1.0,0,0
1.0,0,0
1.0,0,0
1.0,0,0
1.0,0,0
1.0,0,0
1.0,0,0
1.0,0,0
1.0,0,0
1.0,0,0
1.0,0,0
1.0,0,0
1.0,0,0
1.0,0,0
1.0,0,0
1.0,0,0
1.0,0,0
1.0,0,0
1.0,0,0
0.958889,0,0
1.0,0,0
1.0,0,0
1.0,0,0
1.0,0,0
1.0,0,0
1.0,0,0
1.0,0,0
1.0,0,0
1.0,0,0
1.0,0,0
1.0,0,0
1.0,0,0
1.0,0,0
1.0,0,0
1.0,0,0
1.0,0,0
1.0,0,0
1.0,0,0
1.0,0,0
1.0,0,0
1.0,0,0
1.0,0,0
1.0,0,0
1.0,0,0
1.0,0,0
1.0,0,0
1.0,0,0
1.0,0,0
1.0,0,0
1.0,0,0
0.92832696,0,0
0.99999976,0,0
1.0,0,0
1.0,0,0
1.0,0,0
1.0,0,0
1.0,0,0
1.0,0,0
1.0,0,0
1.0,0,0
1.0,0,0
1.0,0,0
1.0,0,0
1.0,0,0
1.0,0,0
1.0,0,0
1.0,0,0
1.0,0,0
1.0,0,0
1.0,0,0
1.0,0,0
1.0,0,0
1.0,0,0
1.0,0,0
1.0,0,0
1.0,0,0
1.0,0,0
1.0,0,0
1.0,0,0
1.0,0,0
1.0,0,0
0.74761474,0,0
0.99834013,0,0
1.0,0,0
1.0,0,0
1.0,0,0
1.0,0,0
1.0,0,0
1.0,0,0
1.0,0,0
1.0,0,0
1.0,0,0
1.0,0,0
1.0,0,0
1.0,0,0
1.0,0,0
1.0,0,0
1.0,0,0
1.0,0,0
1.0,0,0
1.0,0,0
1.0,0,0
1.0,0,0
1.0,0,0
1.0,0,0
1.0,0,0
1.0,0,0
1.0,0,0
1.0,0,0
1.0,0,0
1.0,0,0
1.0,0,0
0.94970036,0,0
0.8793905,0,0
0.9628373,0,0
0.99993867,0,0
1.0,0,0
1.0,0,0
1.0,0,0
1.0,0,0
1.0,0,0
1.0,0,0
1.0,0,0
1.0,0,0
1.0,0,0
1.0,0,0
1.0,0,0
1.0,0,0
1.0,0,0
1.0,0,0
1.0,0,0
1.0,0,0
1.0,0,0
1.0,0,0
1.0,0,0
1.0,0,0
1.0,0,0
1.0,0,0
1.0,0,0
1.0,0,0
1.0,0,0
1.0,0,0
1.0,0,0
1.0,0,0
1.0,0,0
1.0,0,0
1.0,0,0
1.0,0,0
1.0,0,0
1.0,0,0
1.0,0,0
1.0,0,0
1.0,0,0
1.0,0,0
1.0,0,0
1.0,0,0
1.0,0,0
1.0,0,0
1.0,0,0
1.0,0,0
1.0,0,0
1.0,0,0
1.0,0,0
1.0,0,0
1.0,0,0
1.0,0,0
1.0,0,0
1.0,0,0
1.0,0,0
1.0,0,0
1.0,0,0
1.0,0,0
1.0,0,0
1.0,0,0
0.9509655,0,0
0.9829378,0,0
1.0,0,0
1.0,0,0
1.0,0,0
1.0,0,0
1.0,0,0
1.0,0,0
1.0,0,0
1.0,0,0
1.0,0,0
1.0,0,0
1.0,0,0
1.0,0,0
1.0,0,0
1.0,0,0
1.0,0,0
1.0,0,0
1.0,0,0
1.0,0,0
1.0,0,0
1.0,0,0
1.0,0,0
1.0,0,0
1.0,0,0
1.0,0,0
1.0,0,0
1.0,0,0
1.0,0,0
1.0,0,0
1.0,0,0
0.7288941,0,0
0.9570452,0,0
0.9999661,0,0
1.0,0,0
1.0,0,0
1.0,0,0
1.0,0,0
1.0,0,0
1.0,0,0
1.0,0,0
1.0,0,0
1.0,0,0
1.0,0,0
1.0,0,0
1.0,0,0
1.0,0,0
1.0,0,0
1.0,0,0
1.0,0,0
1.0,0,0
1.0,0,0
1.0,0,0
1.0,0,0
1.0,0,0
1.0,0,0
1.0,0,0
1.0,0,0
1.0,0,0
1.0,0,0
1.0,0,0
1.0,0,0
0.9677419,0,0
0.74385864,0,0
0.913123,0,0
1.0,0,0
1.0,0,0
1.0,0,0
1.0,0,0
1.0,0,0
1.0,0,0
1.0,0,0
1.0,0,0
1.0,0,0
1.0,0,0
1.0,0,0
1.0,0,0
1.0,0,0
1.0,0,0
1.0,0,0
1.0,0,0
1.0,0,0
1.0,0,0
1.0,0,0
1.0,0,0
1.0,0,0
1.0,0,0
1.0,0,0
1.0,0,0
1.0,0,0
1.0,0,0
1.0,0,0
1.0,0,0
0.84259856,0,0
1.0,0,0
1.0,0,0
1.0,0,0
1.0,0,0
1.0,0,0
1.0,0,0
1.0,0,0
1.0,0,0
1.0,0,0
1.0,0,0
1.0,0,0
1.0,0,0
1.0,0,0
1.0,0,0
1.0,0,0
1.0,0,0
1.0,0,0
1.0,0,0
1.0,0,0
1.0,0,0
1.0,0,0
1.0,0,0
1.0,0,0
1.0,0,0
1.0,0,0
1.0,0,0
1.0,0,0
1.0,0,0
1.0,0,0
1.0,0,0
0.99998367,0,0
1.0,0,0
1.0,0,0
1.0,0,0
1.0,0,0
1.0,0,0
1.0,0,0
1.0,0,0
1.0,0,0
1.0,0,0
1.0,0,0
1.0,0,0
1.0,0,0
1.0,0,0
1.0,0,0
1.0,0,0
1.0,0,0
1.0,0,0
1.0,0,0
1.0,0,0
1.0,0,0
1.0,0,0
1.0,0,0
1.0,0,0
1.0,0,0
1.0,0,0
1.0,0,0
1.0,0,0
1.0,0,0
1.0,0,0
1.0,0,0
0.72693104,0,0
0.99864554,0,0
1.0,0,0
1.0,0,0
1.0,0,0
1.0,0,0
1.0,0,0
1.0,0,0
1.0,0,0
1.0,0,0
1.0,0,0
1.0,0,0
1.0,0,0
1.0,0,0
1.0,0,0
1.0,0,0
1.0,0,0
1.0,0,0
1.0,0,0
1.0,0,0
1.0,0,0
1.0,0,0
1.0,0,0
1.0,0,0
1.0,0,0
1.0,0,0
1.0,0,0
1.0,0,0
1.0,0,0
1.0,0,0
1.0,0,0
0.99922186,0,0
1.0,0,0
1.0,0,0
1.0,0,0
1.0,0,0
1.0,0,0
1.0,0,0
1.0,0,0
1.0,0,0
1.0,0,0
1.0,0,0
1.0,0,0
1.0,0,0
1.0,0,0
1.0,0,0
1.0,0,0
1.0,0,0
1.0,0,0
1.0,0,0
1.0,0,0
1.0,0,0
1.0,0,0
1.0,0,0
1.0,0,0
1.0,0,0
1.0,0,0
1.0,0,0
1.0,0,0
1.0,0,0
1.0,0,0
1.0,0,0
0.8597,0,0
0.95243716,0,0
0.99992245,0,0
1.0,0,0
1.0,0,0
1.0,0,0
1.0,0,0
1.0,0,0
1.0,0,0
1.0,0,0
1.0,0,0
1.0,0,0
1.0,0,0
1.0,0,0
1.0,0,0
1.0,0,0
1.0,0,0
1.0,0,0
1.0,0,0
1.0,0,0
1.0,0,0
1.0,0,0
1.0,0,0
1.0,0,0
1.0,0,0
1.0,0,0
1.0,0,0
1.0,0,0
1.0,0,0
1.0,0,0
1.0,0,0
1.0,0,0
1.0,0,0
1.0,0,0
1.0,0,0
1.0,0,0
1.0,0,0
1.0,0,0
1.0,0,0
1.0,0,0
1.0,0,0
1.0,0,0
1.0,0,0
1.0,0,0
1.0,0,0
1.0,0,0
1.0,0,0
1.0,0,0
1.0,0,0
1.0,0,0
1.0,0,0
1.0,0,0
1.0,0,0
1.0,0,0
1.0,0,0
1.0,0,0
1.0,0,0
1.0,0,0
1.0,0,0
1.0,0,0
1.0,0,0
1.0,0,0
0.9999918,0,0
1.0,0,0
1.0,0,0
1.0,0,0
1.0,0,0
1.0,0,0
1.0,0,0
1.0,0,0
1.0,0,0
1.0,0,0
1.0,0,0
1.0,0,0
1.0,0,0
1.0,0,0
1.0,0,0
1.0,0,0
1.0,0,0
1.0,0,0
1.0,0,0
1.0,0,0
1.0,0,0
1.0,0,0
1.0,0,0
1.0,0,0
1.0,0,0
1.0,0,0
1.0,0,0
1.0,0,0
1.0,0,0
1.0,0,0
1.0,0,0
0.99969965,0,0
1.0,0,0
1.0,0,0
1.0,0,0
1.0,0,0
1.0,0,0
1.0,0,0
1.0,0,0
1.0,0,0
1.0,0,0
1.0,0,0
1.0,0,0
1.0,0,0
1.0,0,0
1.0,0,0
1.0,0,0
1.0,0,0
1.0,0,0
1.0,0,0
1.0,0,0
1.0,0,0
1.0,0,0
1.0,0,0
1.0,0,0
1.0,0,0
1.0,0,0
1.0,0,0
1.0,0,0
1.0,0,0
1.0,0,0
1.0,0,0
1.0,0,0
1.0,0,0
1.0,0,0
1.0,0,0
1.0,0,0
1.0,0,0
1.0,0,0
1.0,0,0
1.0,0,0
1.0,0,0
1.0,0,0
1.0,0,0
1.0,0,0
1.0,0,0
1.0,0,0
1.0,0,0
1.0,0,0
1.0,0,0
1.0,0,0
1.0,0,0
1.0,0,0
1.0,0,0
1.0,0,0
1.0,0,0
1.0,0,0
1.0,0,0
1.0,0,0
1.0,0,0
1.0,0,0
1.0,0,0
1.0,0,0
0.9999906,0,0
1.0,0,0
1.0,0,0
1.0,0,0
1.0,0,0
1.0,0,0
1.0,0,0
1.0,0,0
1.0,0,0
1.0,0,0
1.0,0,0
1.0,0,0
1.0,0,0
1.0,0,0
1.0,0,0
1.0,0,0
1.0,0,0
1.0,0,0
1.0,0,0
1.0,0,0
1.0,0,0
1.0,0,0
1.0,0,0
1.0,0,0
1.0,0,0
1.0,0,0
1.0,0,0
1.0,0,0
1.0,0,0
1.0,0,0
1.0,0,0
0.6546591,0,0
0.621737,0,0
0.99848914,0,0
1.0,0,0
1.0,0,0
1.0,0,0
1.0,0,0
1.0,0,0
1.0,0,0
1.0,0,0
1.0,0,0
1.0,0,0
1.0,0,0
1.0,0,0
1.0,0,0
1.0,0,0
1.0,0,0
1.0,0,0
1.0,0,0
1.0,0,0
1.0,0,0
1.0,0,0
1.0,0,0
1.0,0,0
1.0,0,0
1.0,0,0
1.0,0,0
1.0,0,0
1.0,0,0
1.0,0,0
1.0,0,0
0.9941489,0,0
1.0,0,0
1.0,0,0
1.0,0,0
1.0,0,0
1.0,0,0
1.0,0,0
1.0,0,0
1.0,0,0
1.0,0,0
1.0,0,0
1.0,0,0
1.0,0,0
1.0,0,0
1.0,0,0
1.0,0,0
1.0,0,0
1.0,0,0
1.0,0,0
1.0,0,0
1.0,0,0
1.0,0,0
1.0,0,0
1.0,0,0
1.0,0,0
1.0,0,0
1.0,0,0
1.0,0,0
1.0,0,0
1.0,0,0
1.0,0,0
0.998792,0,0
1.0,0,0
1.0,0,0
1.0,0,0
1.0,0,0
1.0,0,0
1.0,0,0
1.0,0,0
1.0,0,0
1.0,0,0
1.0,0,0
1.0,0,0
1.0,0,0
1.0,0,0
1.0,0,0
1.0,0,0
1.0,0,0
1.0,0,0
1.0,0,0
1.0,0,0
1.0,0,0
1.0,0,0
1.0,0,0
1.0,0,0
1.0,0,0
1.0,0,0
1.0,0,0
1.0,0,0
1.0,0,0
1.0,0,0
1.0,0,0
1.0,0,1
0.9999995,0,1
0.9999998,0,1
1.0,0,1
1.0,0,1
0.99999994,0,1
0.99998635,0,1
0.9999999,0,1
0.999999,0,1
0.9999935,0,1
0.99999946,0,1
0.9999998,0,1
0.99999976,0,1
0.9999999,0,1
1.0,0,1
0.9999994,0,1
0.99999917,0,1
0.9999979,0,1
0.9999986,0,1
1.0,0,1
1.0,0,1
0.99994016,0,1
0.99999654,0,1
1.0,0,1
0.9999999,0,1
0.99999803,0,1
1.0,0,1
1.0,0,1
0.9999988,0,1
0.99968904,0,1
0.9999954,0,1
1.0,0,1
0.999999,0,1
0.9986107,0,1
0.9999903,0,1
1.0,0,1
1.0,0,1
0.99999964,0,1
0.9999994,0,1
1.0,0,1
0.99999934,0,1
0.9999943,0,1
0.99999887,0,1
1.0,0,1
1.0,0,1
0.99999964,0,1
0.9999998,0,1
1.0,0,1
0.999999,0,1
0.999999,0,1
0.9999987,0,1
0.99999374,0,1
1.0,0,1
1.0,0,1
0.99998486,0,1
1.0,0,1
1.0,0,1
0.99999994,0,1
0.99999946,0,1
1.0,0,1
1.0,0,1
0.9999878,0,1
0.99998856,0,1
0.9999998,0,1
0.9999998,0,1
0.9999977,0,1
0.99999964,0,1
0.9999995,0,1
0.99999994,0,1
1.0,0,1
1.0,0,1
1.0,0,1
1.0,0,1
0.99999976,0,1
0.99999994,0,1
1.0,0,1
0.99999994,0,1
0.9999891,0,1
0.99999994,0,1
0.99996,0,1
0.9999999,0,1
1.0,0,1
1.0,0,1
0.9999962,0,1
0.99999326,0,1
0.99999547,0,1
0.9999883,0,1
0.9999473,0,1
0.97270304,0,1
0.99755716,0,1
0.9999803,0,1
0.9999952,0,1
0.9999215,0,1
0.9067028,0,1
0.99961025,0,1
1.0,0,1
0.99999994,0,1
0.9999979,0,1
0.9999922,0,1
0.99999976,0,1
1.0,0,1
1.0,0,1
0.99999994,0,1
0.9999999,0,1
0.99997747,0,1
0.99999994,0,1
1.0,0,1
1.0,0,1
0.99999994,0,1
0.9999955,0,1
1.0,0,1
0.99999994,0,1
0.99999994,0,1
1.0,0,1
0.9999999,0,1
0.99999994,0,1
1.0,0,1
0.99999774,0,1
0.9999946,0,1
0.99999946,0,1
1.0,0,1
1.0,0,1
0.99879,0,1
0.99999994,0,1
0.9998047,0,1
0.99999565,0,1
1.0,0,1
1.0,0,1
1.0,0,1
1.0,0,1
0.99999976,0,1
1.0,0,1
1.0,0,1
1.0,0,1
0.9999958,0,1
0.9999539,0,1
0.99999404,0,1
0.999899,0,1
0.99998516,0,1
0.9999997,0,1
1.0,0,1
0.9999998,0,1
0.99997085,0,1
1.0,0,1
1.0,0,1
0.99999934,0,1
0.99999994,0,1
0.99999976,0,1
0.99999994,0,1
0.99999994,0,1
0.99999976,0,1
0.99999976,0,1
0.9999999,0,1
1.0,0,1
1.0,0,1
0.99999166,0,1
0.9942917,0,1
0.9999901,0,1
1.0,0,1
0.999993,0,1
0.99999964,0,1
0.9999997,0,1
0.999902,0,1
0.9995415,0,1
0.99999994,0,1
1.0,0,1
1.0,0,1
1.0,0,1
1.0,0,1
0.9999997,0,1
0.999951,0,1
0.9989377,0,1
0.9999357,0,1
1.0,0,1
1.0,0,1
0.9999996,0,1
0.99999994,0,1
0.9999997,0,1
0.99989,0,1
0.9999271,0,1
0.9998101,0,1
0.9999992,0,1
0.99999994,0,1
1.0,0,1
0.99999315,0,1
0.9991238,0,1
0.9999988,0,1
0.9999813,0,1
0.9999941,0,1
1.0,0,1
1.0,0,1
0.99999994,0,1
0.9999953,0,1
0.8340847,0,1
0.94492006,0,1
0.99893177,0,1
1.0,0,1
1.0,0,1
1.0,0,1
1.0,0,1
0.9999998,0,1
0.9999997,0,1
0.9998274,0,1
0.9999996,0,1
0.99999994,0,1
0.99995553,0,1
0.99999976,0,1
1.0,0,1
1.0,0,1
0.9999979,0,1
0.99983644,0,1
0.99999994,0,1
1.0,0,1
0.9999947,0,1
0.9999994,0,1
0.9999999,0,1
0.9999993,0,1
0.9999997,0,1
1.0,0,1
0.99999994,0,1
0.99999994,0,1
0.99999994,0,1
1.0,0,1
1.0,0,1
1.0,0,1
1.0,0,1
0.99999994,0,1
0.99958676,0,1
0.99994147,0,1
0.9999115,0,1
0.99899465,0,1
1.0,0,1
1.0,0,1
0.9999989,0,1
1.0,0,1
1.0,0,1
0.99999875,0,1
0.9999977,0,1
1.0,0,1
0.99999994,0,1
0.99999756,0,1
0.9999768,0,1
0.9999998,0,1
1.0,0,1
0.99999994,0,1
0.999973,0,1
0.9999949,0,1
0.9999913,0,1
1.0,0,1
0.99999934,0,1
0.99364984,0,1
0.99999994,0,1
1.0,0,1
1.0,0,1
0.99999994,0,1
0.9999999,0,1
0.99999875,0,1
0.9998453,0,1
0.99993926,0,1
0.99999577,0,1
0.9999996,0,1
0.99999696,0,1
1.0,0,1
1.0,0,1
0.99999905,0,1
0.99895453,0,1
0.99835485,0,1
0.99999875,0,1
1.0,0,1
0.9999996,0,1
0.99997556,0,1
0.99995685,0,1
0.9999984,0,1
0.99999994,0,1
1.0,0,1
1.0,0,1
1.0,0,1
1.0,0,1
0.99999994,0,1
0.9999934,0,1
0.9999998,0,1
0.99972296,0,1
0.99999255,0,1
1.0,0,1
1.0,0,1
1.0,0,1
0.9980384,0,1
0.9994844,0,1
0.9999986,0,1
1.0,0,1
1.0,0,1
0.9999998,0,1
0.9999999,0,1
1.0,0,1
0.9999999,0,1
0.99999946,0,1
0.9999805,0,1
0.9999998,0,1
1.0,0,1
0.99999833,0,1
0.99999976,0,1
1.0,0,1
1.0,0,1
0.99999547,0,1
0.9998402,0,1
0.99999934,0,1
0.99999934,0,1
0.99995285,0,1
0.9999822,0,1
0.99999845,0,1
0.99996823,0,1
1.0,0,1
1.0,0,1
0.99999994,0,1
0.999987,0,1
0.99998975,0,1
0.9996258,0,1
0.9999895,0,1
0.99999994,0,1
0.99999857,0,1
0.99998224,0,1
0.9999487,0,1
0.9999974,0,1
0.9999961,0,1
0.999993,0,1
0.99999905,0,1
0.9999986,0,1
1.0,0,1
1.0,0,1
0.99999946,0,1
0.99999726,0,1
0.99999964,0,1
1.0,0,1
0.9999999,0,1
0.9999997,0,1
0.9999997,0,1
0.9999998,0,1
0.9999997,0,1
0.99999774,0,1
0.99999374,0,1
0.99999964,0,1
0.9999999,0,1
0.99999994,0,1
1.0,0,1
1.0,0,1
0.99980116,0,1
0.9999877,0,1
0.99999875,0,1
0.99941945,0,1
0.99999994,0,1
1.0,0,1
1.0,0,1
0.99999976,0,1
0.99999994,0,1
1.0,0,1
1.0,0,1
0.9999996,0,1
1.0,0,1
0.9999996,0,1
0.9999973,0,1
1.0,0,1
1.0,0,1
0.9999977,0,1
0.9927811,0,1
0.99979776,0,1
1.0,0,1
0.9999948,0,1
0.9999861,0,1
0.99999994,0,1
0.999925,0,1
0.9996167,0,1
0.9999999,0,1
0.9999996,0,1
1.0,0,1
1.0,0,1
0.9999959,0,1
0.99996316,0,1
0.99998754,0,1
0.99999934,0,1
0.9999971,0,1
0.9999982,0,1
0.9997521,0,1
0.998454,0,1
1.0,0,1
1.0,0,1
0.99999976,0,1
0.9999898,0,1
0.99998814,0,1
0.9999998,0,1
1.0,0,1
0.9998976,0,1
0.9999961,0,1
0.9999999,0,1
0.999541,0,1
0.99076176,0,1
0.9999999,0,1
1.0,0,1
0.9999999,0,1
0.9999921,0,1
1.0,0,1
0.99999994,0,1
0.9999955,0,1
1.0,0,1
1.0,0,1
0.9999999,0,1
0.9999987,0,1
0.99999994,0,1
1.0,0,1
0.99999404,0,1
0.999993,0,1
0.99984896,0,1
0.99457854,0,1
0.97466075,0,1
0.954521,0,1
0.9751711,0,1
0.99465877,0,1
0.9968205,0,1
0.9999982,0,1
1.0,0,1
1.0,0,1
1.0,0,1
1.0,0,1
1.0,0,1
0.99999994,0,1
0.99999976,0,1
1.0,0,1
0.9998962,0,1
0.9999779,0,1
0.99975234,0,1
0.99700373,0,1
0.99999505,0,1
1.0,0,1
0.99997187,0,1
0.99999714,0,1
0.9999998,0,1
0.99997807,0,1
0.9991592,0,1
0.9999313,0,1
1.0,0,1
0.99999994,0,1
0.99999726,0,1
0.99994326,0,1
0.9999991,0,1
0.99999654,0,1
1.0,0,1
1.0,0,1
1.0,0,1
0.99999744,0,1
0.9999856,0,1
0.99999976,0,1
0.9999998,0,1
0.99953955,0,1
0.999943,0,1
1.0,0,1
1.0,0,1
0.99999994,0,1
0.99999994,0,1
0.9999998,0,1
0.99999905,0,1
0.9994594,0,1
0.99438477,0,1
0.9999603,0,1
0.9999999,0,1
0.9999999,0,1
0.9999986,0,1
1.0,0,1
1.0,0,1
0.9999999,0,1
0.99999934,0,1
0.99999994,0,1
1.0,0,1
1.0,0,1
1.0,0,1
0.99999964,0,1
1.0,0,1
0.99988174,0,1
0.7622584,0,1
0.99986494,0,1
0.9999999,0,1
0.9999988,0,1
0.99067384,0,1
0.9976937,0,1
0.99999994,0,1
1.0,0,1
1.0,0,1
0.99999714,0,1
0.99999416,0,1
0.9999147,0,1
0.99988514,0,1
0.9963973,0,1
0.9990809,0,1
1.0,0,1
1.0,0,1
0.99999994,0,1
0.99999976,0,1
0.99999976,0,1
0.9994235,0,1
0.99997693,0,1
0.9999355,0,1
0.99980086,0,1
0.99998116,0,1
0.99999845,0,1
1.0,0,1
0.99999994,0,1
0.99998134,0,1
1.0,0,1
1.0,0,1
1.0,0,1
0.99999994,0,1
0.99999994,0,1
0.99999994,0,1
0.9999968,0,1
1.0,0,1
1.0,0,1
1.0,0,1
1.0,0,1
0.99999994,0,1
0.9999822,0,1
1.0,0,1
1.0,0,1
0.999999,0,1
0.99999976,0,1
0.9999996,0,1
0.9999998,0,1
0.9999999,0,1
0.999998,0,1
0.9999997,0,1
0.9981481,0,1
0.99999976,0,1
1.0,0,1
1.0,0,1
1.0,0,1
1.0,0,1
1.0,0,1
1.0,0,1
0.9999999,0,1
0.99996746,0,1
0.9999926,0,1
0.99999934,0,1
0.99999815,0,1
1.0,0,1
1.0,0,1
1.0,0,1
1.0,0,1
0.99999994,0,1
0.9999997,0,1
0.99976707,0,1
1.0,0,1
1.0,0,1
1.0,0,1
1.0,0,1
0.9999997,0,1
0.99999756,0,1
1.0,0,1
1.0,0,1
1.0,0,1
1.0,0,1
1.0,0,1
0.9999988,0,1
1.0,0,1
1.0,0,1
1.0,0,1
0.99999726,0,1
0.9999992,0,1
0.999995,0,1
0.9999957,0,1
0.9999822,0,1
0.99888563,0,1
0.9999938,0,1
0.99991846,0,1
1.0,0,1
0.99999994,0,1
0.9999907,0,1
0.9999997,0,1
0.9999997,0,1
0.9999986,0,1
0.9999999,0,1
0.9999999,0,1
0.9999904,0,1
0.9999574,0,1
0.9999886,0,1
0.9999654,0,1
1.0,0,1
1.0,0,1
0.99999994,0,1
0.99999994,0,1
1.0,0,1
0.9999997,0,1
0.9999992,0,1
0.99996406,0,1
0.99999994,0,1
0.99999964,0,1
0.9996289,0,1
0.99520195,0,1
0.9999845,0,1
1.0,0,1
1.0,0,1
0.9999996,0,1
0.9999354,0,1
0.99999964,0,1
1.0,0,1
1.0,0,1
0.99966073,0,1
0.99999994,0,1
0.99999994,0,1
0.9999954,0,1
0.99999946,0,1
0.9999988,0,1
1.0,0,1
1.0,0,1
0.9999995,0,1
1.0,0,1
1.0,0,1
0.99999994,0,1
0.99999887,0,1
0.99996734,0,1
0.99999994,0,1
0.99999994,0,1
0.9999949,0,1
0.99999833,0,1
0.99996805,0,1
0.99999976,0,1
1.0,0,1
1.0,0,1
0.99999994,0,1
0.99999523,0,1
0.9999999,0,1
0.9999996,0,1
0.9999991,0,1
0.9999998,0,1
0.99999964,0,1
0.99996775,0,1
0.9999716,0,1
0.9999998,0,1
0.9999999,0,1
1.0,0,1
1.0,0,1
1.0,0,1
1.0,0,1
0.99999994,0,1
1.0,0,1
0.99999934,0,1
0.9999997,0,1
0.9999994,0,1
0.99995124,0,1
0.99936604,0,1
0.998756,0,1
0.9999994,0,1
1.0,0,1
1.0,0,1
1.0,0,1
1.0,0,1
1.0,0,1
0.99999964,0,1
0.9999886,0,1
0.999994,0,1
0.99999124,0,1
0.99999905,0,1
0.99999326,0,1
0.9999966,0,1
0.9999998,0,1
0.9999933,0,1
0.9999978,0,1
1.0,0,1
1.0,0,1
0.99999446,0,1
0.9999153,0,1
0.9999849,0,1
1.0,0,1
1.0,0,1
0.999723,0,1
0.9997741,0,1
0.9999993,0,1
0.9999997,0,1
1.0,0,1
0.99999684,0,1
0.9999952,0,1
0.9999977,0,1
0.99999994,0,1
0.9999811,0,1
0.99987483,0,1
0.99999267,0,1
0.9999971,0,1
0.9999991,0,1
0.99999934,0,1
0.99999493,0,1
0.99999994,0,1
1.0,0,1
1.0,0,1
0.99999946,0,1
0.9999998,0,1
0.9999624,0,1
0.9999903,0,1
0.9999998,0,1
0.9999999,0,1
1.0,0,1
1.0,0,1
0.9999881,0,1
1.0,0,1
1.0,0,1
1.0,0,1
0.99999905,0,1
0.9999992,0,1
0.99999,0,1
0.9996548,0,1
0.99991935,0,1
0.99999815,0,1
0.9999661,0,1
0.999872,0,1
0.9995155,0,1
0.9999962,0,1
0.99999917,0,1
0.9902496,0,1
0.99999535,0,1
0.99999994,0,1
1.0,0,1
0.9999998,0,1
1.0,0,1
0.99999917,0,1
0.99332166,0,1
1.0,0,1
0.9999999,0,1
0.9999723,0,1
0.9999573,0,1
0.9947107,0,1
0.99999994,0,1
1.0,0,1
0.9999998,0,1
0.9999769,0,1
0.99999964,0,1
0.99999994,0,1
0.9999966,0,1
0.9999857,0,1
0.9999589,0,1
0.99998325,0,1
0.9999921,0,1
0.999954,0,1
0.99999017,0,1
0.9999997,0,1
1.0,0,1
1.0,0,1
1.0,0,1
1.0,0,1
0.99999523,0,1
0.9999969,0,1
0.9999627,0,1
0.99999994,0,1
0.99999994,0,1
0.999998,0,1
0.9999992,0,1
1.0,0,1
0.99999994,0,1
1.0,0,1
1.0,0,1
1.0,0,1
0.99999887,0,1
0.99999875,0,1
1.0,0,1
0.99999857,0,1
0.99999964,0,1
0.99999994,0,1
0.99998814,0,1
0.9999999,0,1
0.99999994,0,1
0.9999592,0,1
0.9999936,0,1
0.9999983,0,1
1.0,0,1
1.0,0,1
1.0,0,1
0.99999994,0,1
0.9999992,0,1
1.0,0,1
0.9999995,0,1
0.9999939,0,1
0.9999253,0,1
0.9999945,0,1
1.0,0,1
0.9999697,0,1
0.99999267,0,1
0.9999799,0,1
0.9999999,0,1
0.99999976,0,1
0.9999989,0,1
1.0,0,1
1.0,0,1
0.9999996,0,1
0.9999955,0,1
0.99999994,0,1
1.0,0,1
1.0,0,1
0.99999994,0,1
0.9990167,0,1
0.99763334,0,1
0.9999998,0,1
1.0,0,1
1.0,0,1
0.99999917,0,1
0.9999976,0,1
0.999437,0,1
0.99999976,0,1
0.9999998,0,1
0.9999166,0,1
0.9999887,0,1
0.99998057,0,1
1.0,0,1
0.9996792,0,1
1.0,0,1
0.99999994,0,1
0.99999964,0,1
1.0,0,1
1.0,0,1
0.99999726,0,1
0.99999875,0,1
1.0,0,1
1.0,0,1
1.0,0,1
0.9999994,0,1
1.0,0,1
1.0,0,1
0.99999994,0,1
0.999999,0,1
0.9997628,0,1
0.9999965,0,1
1.0,0,1
0.9999991,0,1
0.98860914,0,1
0.9990009,0,1
0.99999994,0,1
1.0,0,1
1.0,0,1
1.0,0,1
0.9999974,0,1
1.0,0,1
1.0,0,1
0.9999997,0,1
0.99995905,0,1
0.99999803,0,1
0.9999815,0,1
0.99999934,0,1
1.0,0,1
1.0,0,1
0.999972,0,1
0.99891335,0,1
0.99996287,0,1
0.9999903,0,1
0.999996,0,1
0.99998206,0,1
0.9991285,0,1
0.99995095,0,1
0.9999989,0,1
0.9999992,0,1
0.99999875,0,1
0.9999999,0,1
1.0,0,1
0.99999994,0,1
0.99998933,0,1
0.9999819,0,1
0.9999994,0,1
0.9999986,0,1
0.9999922,0,1
0.9999988,0,1
0.9999983,0,1
1.0,0,1
0.9999978,0,1
0.9999865,0,1
0.99999905,0,1
0.9999999,0,1
0.9999999,0,1
0.999978,0,1
1.0,0,1
1.0,0,1
1.0,0,1
0.99999994,0,1
1.0,0,1
0.99999994,0,1
0.9999969,0,1
0.99999696,0,1
0.9999998,0,1
1.0,0,1
0.9999999,0,1
0.99999976,0,1
1.0,0,1
1.0,0,1
0.9999995,0,1
0.9999984,0,1
0.99999934,0,1
0.9999998,0,1
1.0,0,1
0.99999815,0,1
0.99998873,0,1
0.99999994,0,1
0.9999998,0,1
0.99999994,0,1
1.0,0,1
0.9999995,0,1
0.99999,0,1
0.9999993,0,1
1.0,0,1
0.99999994,0,1
0.9999998,0,1
0.99983525,0,1
0.999997,0,1
0.99999374,0,1
0.9999994,0,1
0.99999994,0,1
0.9999997,0,1
0.99998087,0,1
0.9999997,0,1
1.0,0,1
0.99999994,0,1
1.0,0,1
1.0,0,1
0.99999696,0,1
1.0,0,1
1.0,0,1
1.0,0,1
1.0,0,1
0.9999821,0,1
0.9999963,0,1
0.99999994,0,1
0.9999922,0,1
0.9957086,0,1
0.99875504,0,1
1.0,0,1
1.0,0,1
1.0,0,1
1.0,0,1
1.0,0,1
0.9999998,0,1
0.99959797,0,1
1.0,0,1
0.99999994,0,1
0.99999464,0,1
0.9999995,0,1
0.99999994,0,1
0.999981,0,1
0.9999986,0,1
1.0,0,1
0.99999994,0,1
1.0,0,1
1.0,0,1
0.99999917,0,1
0.9999902,0,1
0.99991363,0,1
0.99985415,0,1
0.9999934,0,1
0.99999756,0,1
0.9999518,0,1
0.9995302,0,1
0.99999976,0,1
0.9999996,0,1
0.99999887,0,1
1.0,0,1
1.0,0,1
0.99999803,0,1
0.99933404,0,1
0.99950457,0,1
1.0,0,1
1.0,0,1
0.9999999,0,1
0.9999985,0,1
0.99973756,0,1
0.9999981,0,1
1.0,0,1
1.0,0,1
0.9991512,0,1
0.99940044,0,1
0.9999999,0,1
1.0,0,1
0.9999997,0,1
1.0,0,1
0.9999997,0,1
0.9988638,0,1
0.9999459,0,1
0.99995524,0,1
0.99999994,0,1
1.0,0,1
1.0,0,1
1.0,0,1
0.99999994,0,1
0.99999875,0,1
0.99999255,0,1
1.0,0,1
1.0,0,1
0.99999875,0,1
0.9998959,0,1
0.9998043,0,1
0.99999946,0,1
1.0,0,1
0.9999739,0,1
0.9969779,0,1
1.0,0,1
0.99999994,0,1
1.0,0,1
1.0,0,1
1.0,0,1
0.99998814,0,1
0.9999996,0,1
1.0,0,1
0.99999774,0,1
0.9999999,0,1
1.0,0,1
0.99998885,0,1
0.9999285,0,1
0.99999994,0,1
0.99999815,0,1
0.9999993,0,1
1.0,0,1
0.9999999,0,1
0.9999991,0,1
0.9999992,0,1
0.99999964,0,1
1.0,0,1
0.99997973,0,1
0.99880236,0,1
0.99999994,0,1
1.0,0,1
0.9999975,0,1
0.99951154,0,1
0.99997944,0,1
0.9999449,0,1
0.99975646,0,1
0.99999624,0,1
0.99994284,0,1
1.0,0,1
1.0,0,1
1.0,0,1
1.0,0,1
0.9999847,0,1
0.99999994,0,1
1.0,0,1
1.0,0,1
1.0,0,1
1.0,0,1
1.0,0,1
1.0,0,1
0.9999978,0,1
0.9999996,0,1
0.9999952,0,1
0.999994,0,1
1.0,0,1
0.9999999,0,1
0.9999983,0,1
1.0,0,1
1.0,0,1
1.0,0,1
0.9999989,0,1
1.0,0,1
0.99999994,0,1
0.99999833,0,1
0.99999976,0,1
0.9999998,0,1
0.99999994,0,1
0.9999982,0,1
0.99999547,0,1
0.9999991,0,1
0.99999994,0,1
0.99999994,0,1
0.999999,0,1
0.99998724,0,1
0.9999993,0,1
0.9999998,0,1
0.9999784,0,1
0.9997102,0,1
0.99999994,0,1
1.0,0,1
0.9999998,0,1
0.999998,0,1
0.9997111,0,1
1.0,0,1
1.0,0,1
1.0,0,1
1.0,0,1
0.9999994,0,1
0.99996144,0,1
0.9999971,0,1
0.9999999,0,1
1.0,0,1
1.0,0,1
0.99999815,0,1
0.99999976,0,1
0.99999875,0,1
0.99999225,0,1
0.9999999,0,1
0.99999374,0,1
0.9999986,0,1
1.0,0,1
1.0,0,1
1.0,0,1
0.99999994,0,1
1.0,0,1
0.99999994,0,1
0.99999994,0,1
0.99999774,0,1
0.99918294,0,1
0.99999624,0,1
1.0,0,1
1.0,0,1
1.0,0,1
1.0,0,1
0.99999946,0,1
0.9999995,0,1
0.9999952,0,1
0.99989456,0,1
0.99999976,0,1
0.99999964,0,1
1.0,0,1
0.99999994,0,1
0.9999999,0,1
1.0,0,1
0.99999994,0,1
1.0,0,1
1.0,0,1
0.9999951,0,1
0.9999992,0,1
0.99999213,0,1
1.0,0,1
1.0,0,1
1.0,0,1
1.0,0,1
0.99999994,0,1
0.99996656,0,1
0.9997322,0,1
1.0,0,1
1.0,0,1
0.9999909,0,1
0.9999984,0,1
0.99999565,0,1
0.99999243,0,1
0.9999983,0,1
1.0,0,1
1.0,0,1
1.0,0,1
1.0,0,1
1.0,0,1
0.9999595,0,1
0.9999991,0,1
0.9999995,0,1
0.9999965,0,1
0.9999992,0,1
0.9999995,0,1
0.9999988,0,1
1.0,0,1
1.0,0,1
0.99999976,0,1
0.9999992,0,1
1.0,0,1
1.0,0,1
0.9999995,0,1
0.99970835,0,1
0.9999997,0,1
1.0,0,1
0.99999964,0,1
0.99999976,0,1
0.9999996,0,1
0.9999636,0,1
1.0,0,1
1.0,0,1
0.9999996,0,1
0.9999907,0,1
0.9999013,0,1
0.99999905,0,1
0.99999946,0,1
1.0,0,1
1.0,0,1
1.0,0,1
0.99999964,0,1
1.0,0,1
1.0,0,1
1.0,0,1
0.99999994,0,1
0.99999994,0,1
0.9999987,0,1
0.9999919,0,1
0.9999722,0,1
0.9999676,0,1
1.0,0,1
0.9995223,0,1
0.99997985,0,1
1.0,0,1
0.99999994,0,1
0.9999896,0,1
0.99999976,0,1
0.99999994,0,1
0.99999964,0,1
0.99999994,0,1
1.0,0,1
1.0,0,1
0.9999607,0,1
0.999999,0,1
0.99988866,0,1
0.99199855,0,1
0.9670239,0,1
0.99988645,0,1
0.99999964,0,1
0.99995375,0,1
0.9999916,0,1
0.99999934,0,1
0.99999964,0,1
0.999995,0,1
0.9998943,0,1
0.99998987,0,1
1.0,0,1
1.0,0,1
0.99999917,0,1
0.99998474,0,1
0.99999577,0,1
0.9999998,0,1
0.99999934,0,1
1.0,0,1
0.99999994,0,1
0.9999998,0,1
0.9999997,0,1
0.9999999,0,1
1.0,0,1
1.0,0,1
1.0,0,1
0.9999996,0,1
0.99969715,0,1
0.99999946,0,1
0.9999987,0,1
0.9999999,0,1
0.9999999,0,1
0.9999873,0,1
0.9999994,0,1
1.0,0,1
1.0,0,1
0.99999976,0,1
0.99986476,0,1
0.9999989,0,1
0.99981475,0,1
0.99947804,0,1
0.9999997,0,1
0.99999994,0,1
1.0,0,1
1.0,0,1
0.99999106,0,1
0.99999976,0,1
0.99995536,0,1
1.0,0,1
1.0,0,1
0.99999803,0,1
0.9997058,0,1
0.99997395,0,1
0.99999934,0,1
0.99999666,0,1
0.99992204,0,1
0.9999925,0,1
1.0,0,1
0.99999774,0,1
0.99999994,0,1
1.0,0,1
1.0,0,1
0.99999994,0,1
0.99998724,0,1
1.0,0,1
1.0,0,1
0.9999956,0,1
0.9999766,0,1
0.999996,0,1
0.9999997,0,1
0.9999484,0,1
0.9999778,0,1
0.9999996,0,1
0.9999916,0,1
0.9999994,0,1
0.9999729,0,1
0.99992675,0,1
0.9999998,0,1
1.0,0,1
1.0,0,1
1.0,0,1
1.0,0,1
1.0,0,1
1.0,0,1
1.0,0,1
1.0,0,1
1.0,0,1
1.0,0,1
0.99999964,0,1
0.99999267,0,1
0.9999994,0,1
0.9998566,0,1
0.99996245,0,1
0.9999999,0,1
0.99999654,0,1
0.9999998,0,1
0.99999994,0,1
0.99998623,0,1
0.99922335,0,1
0.9999976,0,1
0.9999998,0,1
1.0,0,1
0.99999994,0,1
0.99957377,0,1
0.9999977,0,1
0.9999998,0,1
0.99999994,0,1
1.0,0,1
1.0,0,1
1.0,0,1
1.0,0,1
0.99999774,0,1
0.99997985,0,1
0.99999267,0,1
0.99988,0,1
0.9993768,0,1
0.99922955,0,1
0.999987,0,1
0.99999905,0,1
1.0,0,1
1.0,0,1
0.9999985,0,1
0.99999994,0,1
0.99997085,0,1
0.9999946,0,1
0.99999374,0,1
0.99999905,0,1
0.99999255,0,1
0.9999999,0,1
0.99999976,0,1
0.9999968,0,1
1.0,0,1
1.0,0,1
1.0,0,1
1.0,0,1
1.0,0,1
1.0,0,1
0.99999666,0,1
0.99999994,0,1
0.9999996,0,1
0.9974832,0,1
0.9999954,0,1
0.99998164,0,1
0.999996,0,1
1.0,0,1
0.9999996,0,1
0.99994504,0,1
0.9999995,0,1
0.99999934,0,1
0.99999774,0,1
0.9999891,0,1
0.9999997,0,1
1.0,0,1
0.9999968,0,1
0.99999964,0,1
1.0,0,1
1.0,0,1
1.0,0,1
0.9999887,0,1
0.99999607,0,1
0.9999577,0,1
0.9985922,0,1
0.99985117,0,1
0.9999999,0,1
1.0,0,1
0.99999547,0,1
0.9999952,0,1
1.0,0,1
1.0,0,1
1.0,0,1
1.0,0,1
0.99999994,0,1
0.9999998,0,1
0.99999994,0,1
1.0,0,1
1.0,0,1
1.0,0,1
0.9999998,0,1
0.9999892,0,1
0.9999813,0,1
0.9979894,0,1
0.9998035,0,1
0.9999929,0,1
0.9999987,0,1
1.0,0,1
1.0,0,1
0.99997926,0,1
0.99974597,0,1
0.9999995,0,1
0.99999964,0,1
0.99999696,0,1
0.99999917,0,1
0.99999994,0,1
1.0,0,1
1.0,0,1
0.99999994,0,1
0.9999997,0,1
0.999999,0,1
0.9999998,0,1
0.9999991,0,1
0.9999626,0,1
0.99996984,0,1
0.9999985,0,1
1.0,0,1
0.9999987,0,1
0.9999997,0,1
0.9999812,0,1
1.0,0,1
1.0,0,1
0.99999994,0,1
0.9999992,0,1
0.99997634,0,1
0.99129754,0,1
0.9996778,0,1
0.9999999,0,1
1.0,0,1
1.0,0,1
1.0,0,1
0.99998224,0,1
0.99999815,0,1
0.99999905,0,1
0.9999276,0,1
0.99992794,0,1
1.0,0,1
0.9999999,0,1
0.9999996,0,1
0.99999726,0,1
0.9998431,0,1
0.9999994,0,1
0.9999997,0,1
1.0,0,1
1.0,0,1
1.0,0,1
1.0,0,1
0.99983853,0,1
1.0,0,1
1.0,0,1
0.99999976,0,1
0.9999932,0,1
0.9991877,0,1
0.98962975,0,1
0.99882454,0,1
0.99999636,0,1
0.99999994,0,1
0.9999974,0,1
0.99999994,0,1
1.0,0,1
0.9999982,0,1
1.0,0,1
0.99999994,0,1
1.0,0,1
1.0,0,1
0.99999386,0,1
0.9999358,0,1
0.99994886,0,1
0.99999917,0,1
0.99999726,0,1
0.9999906,0,1
0.99999976,0,1
0.99997056,0,1
0.999979,0,1
1.0,0,1
1.0,0,1
0.9999977,0,1
1.0,0,1
0.9999806,0,1
1.0,0,1
0.99999976,0,1
0.9999884,0,1
0.9999999,0,1
1.0,0,1
0.9999978,0,1
0.9999898,0,1
0.9999972,0,1
1.0,0,1
1.0,0,1
1.0,0,1
1.0,0,1
1.0,0,1
1.0,0,1
0.9999377,0,1
1.0,0,1
1.0,0,1
0.99913394,0,1
0.99889714,0,1
1.0,0,1
1.0,0,1
0.99999964,0,1
0.99999994,0,1
1.0,0,1
0.99999887,0,1
0.9999722,0,1
0.9999984,0,1
0.99996495,0,1
0.9989414,0,1
0.9999981,0,1
0.99999714,0,1
0.9999774,0,1
0.99999917,0,1
0.99999994,0,1
1.0,0,1
0.9999999,0,1
1.0,0,1
1.0,0,1
0.99999976,0,1
0.99996674,0,1
0.9999627,0,1
0.99999994,0,1
1.0,0,1
0.99999946,0,1
0.99999565,0,1
0.99999934,0,1
1.0,0,1
1.0,0,1
0.9999995,0,1
0.9999944,0,1
0.9999998,0,1
1.0,0,1
1.0,0,1
0.99999946,0,1
0.99999833,0,1
0.9999998,0,1
0.9999996,0,1
1.0,0,1
0.9999998,0,1
0.9999946,0,1
1.0,0,1
0.9974237,0,1
0.99999547,0,1
0.999996,0,1
0.99976385,0,1
0.9999814,0,1
0.9987834,0,1
0.99995655,0,1
1.0,0,1
0.99999994,0,1
0.9999918,0,1
0.9998067,0,1
0.86814404,0,1
0.9999738,0,1
1.0,0,1
0.99999624,0,1
1.0,0,1
1.0,0,1
0.9999998,0,1
0.9999999,0,1
0.9999164,0,1
0.99987125,0,1
0.9998238,0,1
0.9990393,0,1
0.9999245,0,1
0.99999994,0,1
0.99999994,0,1
0.9999939,0,1
0.9999989,0,1
0.9999961,0,1
0.9999999,0,1
1.0,0,1
0.9788425,0,1
1.0,0,1
1.0,0,1
1.0,0,1
1.0,0,1
1.0,0,1
1.0,0,1
1.0,0,1
1.0,0,1
1.0,0,1
1.0,0,1
1.0,0,1
1.0,0,1
1.0,0,1
1.0,0,1
1.0,0,1
1.0,0,1
1.0,0,1
1.0,0,1
1.0,0,1
1.0,0,1
1.0,0,1
1.0,0,1
1.0,0,1
1.0,0,1
0.9999955,0,1
1.0,0,1
1.0,0,1
1.0,0,1
1.0,0,1
1.0,0,1
1.0,0,1
1.0,0,1
1.0,0,1
1.0,0,1
1.0,0,1
1.0,0,1
1.0,0,1
1.0,0,1
1.0,0,1
1.0,0,1
0.99999994,0,1
1.0,0,1
1.0,0,1
1.0,0,1
1.0,0,1
1.0,0,1
1.0,0,1
1.0,0,1
1.0,0,1
1.0,0,1
1.0,0,1
1.0,0,1
1.0,0,1
1.0,0,1
1.0,0,1
1.0,0,1
1.0,0,1
1.0,0,1
1.0,0,1
1.0,0,1
1.0,0,1
1.0,0,1
0.99999994,0,1
1.0,0,1
1.0,0,1
1.0,0,1
1.0,0,1
1.0,0,1
1.0,0,1
1.0,0,1
1.0,0,1
1.0,0,1
1.0,0,1
1.0,0,1
1.0,0,1
1.0,0,1
1.0,0,1
1.0,0,1
1.0,0,1
1.0,0,1
1.0,0,1
1.0,0,1
1.0,0,1
1.0,0,1
1.0,0,1
1.0,0,1
1.0,0,1
1.0,0,1
1.0,0,1
1.0,0,1
1.0,0,1
1.0,0,1
0.9998158,0,1
1.0,0,1
1.0,0,1
1.0,0,1
1.0,0,1
1.0,0,1
1.0,0,1
1.0,0,1
1.0,0,1
1.0,0,1
1.0,0,1
1.0,0,1
1.0,0,1
1.0,0,1
1.0,0,1
1.0,0,1
1.0,0,1
1.0,0,1
1.0,0,1
1.0,0,1
1.0,0,1
1.0,0,1
1.0,0,1
1.0,0,1
1.0,0,1
1.0,0,1
1.0,0,1
1.0,0,1
1.0,0,1
1.0,0,1
1.0,0,1
0.89278847,0,1
0.9997842,0,1
1.0,0,1
1.0,0,1
1.0,0,1
1.0,0,1
1.0,0,1
1.0,0,1
1.0,0,1
1.0,0,1
1.0,0,1
1.0,0,1
1.0,0,1
1.0,0,1
1.0,0,1
1.0,0,1
1.0,0,1
1.0,0,1
1.0,0,1
1.0,0,1
1.0,0,1
1.0,0,1
1.0,0,1
1.0,0,1
1.0,0,1
1.0,0,1
1.0,0,1
1.0,0,1
1.0,0,1
1.0,0,1
1.0,0,1
1.0,0,1
1.0,0,1
1.0,0,1
1.0,0,1
1.0,0,1
1.0,0,1
1.0,0,1
1.0,0,1
1.0,0,1
1.0,0,1
1.0,0,1
1.0,0,1
1.0,0,1
1.0,0,1
1.0,0,1
1.0,0,1
1.0,0,1
1.0,0,1
1.0,0,1
1.0,0,1
1.0,0,1
1.0,0,1
1.0,0,1
1.0,0,1
1.0,0,1
1.0,0,1
1.0,0,1
1.0,0,1
1.0,0,1
1.0,0,1
1.0,0,1
0.9186413,0,1
1.0,0,1
1.0,0,1
1.0,0,1
1.0,0,1
1.0,0,1
1.0,0,1
1.0,0,1
1.0,0,1
1.0,0,1
1.0,0,1
1.0,0,1
1.0,0,1
1.0,0,1
1.0,0,1
1.0,0,1
1.0,0,1
1.0,0,1
1.0,0,1
1.0,0,1
1.0,0,1
1.0,0,1
1.0,0,1
1.0,0,1
1.0,0,1
1.0,0,1
1.0,0,1
1.0,0,1
1.0,0,1
1.0,0,1
1.0,0,1
0.8882084,0,1
1.0,0,1
1.0,0,1
1.0,0,1
1.0,0,1
1.0,0,1
1.0,0,1
1.0,0,1
1.0,0,1
1.0,0,1
1.0,0,1
1.0,0,1
1.0,0,1
1.0,0,1
1.0,0,1
1.0,0,1
1.0,0,1
1.0,0,1
1.0,0,1
1.0,0,1
1.0,0,1
1.0,0,1
1.0,0,1
1.0,0,1
1.0,0,1
1.0,0,1
1.0,0,1
1.0,0,1
1.0,0,1
1.0,0,1
1.0,0,1
0.9999443,0,1
1.0,0,1
1.0,0,1
1.0,0,1
1.0,0,1
1.0,0,1
1.0,0,1
1.0,0,1
1.0,0,1
1.0,0,1
1.0,0,1
1.0,0,1
1.0,0,1
1.0,0,1
1.0,0,1
1.0,0,1
1.0,0,1
1.0,0,1
1.0,0,1
1.0,0,1
1.0,0,1
1.0,0,1
1.0,0,1
1.0,0,1
1.0,0,1
0.9999999,0,1
1.0,0,1
1.0,0,1
1.0,0,1
1.0,0,1
1.0,0,1
0.9994316,0,1
1.0,0,1
1.0,0,1
1.0,0,1
1.0,0,1
1.0,0,1
1.0,0,1
1.0,0,1
1.0,0,1
1.0,0,1
1.0,0,1
1.0,0,1
1.0,0,1
1.0,0,1
1.0,0,1
1.0,0,1
1.0,0,1
1.0,0,1
1.0,0,1
1.0,0,1
1.0,0,1
1.0,0,1
1.0,0,1
1.0,0,1
1.0,0,1
1.0,0,1
1.0,0,1
1.0,0,1
1.0,0,1
1.0,0,1
1.0,0,1
0.9999439,0,1
1.0,0,1
1.0,0,1
1.0,0,1
1.0,0,1
1.0,0,1
1.0,0,1
1.0,0,1
1.0,0,1
1.0,0,1
1.0,0,1
1.0,0,1
1.0,0,1
1.0,0,1
1.0,0,1
1.0,0,1
1.0,0,1
1.0,0,1
1.0,0,1
1.0,0,1
1.0,0,1
1.0,0,1
1.0,0,1
1.0,0,1
1.0,0,1
1.0,0,1
1.0,0,1
1.0,0,1
1.0,0,1
1.0,0,1
0.99999994,0,1
0.84804654,0,1
1.0,0,1
1.0,0,1
1.0,0,1
1.0,0,1
1.0,0,1
1.0,0,1
1.0,0,1
1.0,0,1
1.0,0,1
1.0,0,1
1.0,0,1
1.0,0,1
1.0,0,1
1.0,0,1
1.0,0,1
1.0,0,1
1.0,0,1
1.0,0,1
1.0,0,1
1.0,0,1
1.0,0,1
1.0,0,1
1.0,0,1
1.0,0,1
1.0,0,1
1.0,0,1
1.0,0,1
1.0,0,1
1.0,0,1
1.0,0,1
1.0,0,1
1.0,0,1
1.0,0,1
1.0,0,1
1.0,0,1
1.0,0,1
1.0,0,1
1.0,0,1
1.0,0,1
1.0,0,1
1.0,0,1
1.0,0,1
1.0,0,1
1.0,0,1
1.0,0,1
1.0,0,1
1.0,0,1
1.0,0,1
1.0,0,1
1.0,0,1
1.0,0,1
1.0,0,1
1.0,0,1
1.0,0,1
1.0,0,1
1.0,0,1
1.0,0,1
1.0,0,1
1.0,0,1
1.0,0,1
1.0,0,1
0.99999964,0,1
1.0,0,1
1.0,0,1
1.0,0,1
1.0,0,1
1.0,0,1
1.0,0,1
1.0,0,1
1.0,0,1
1.0,0,1
1.0,0,1
1.0,0,1
1.0,0,1
1.0,0,1
1.0,0,1
1.0,0,1
1.0,0,1
1.0,0,1
1.0,0,1
0.99999976,0,1
1.0,0,1
1.0,0,1
1.0,0,1
1.0,0,1
1.0,0,1
1.0,0,1
1.0,0,1
1.0,0,1
1.0,0,1
1.0,0,1
1.0,0,1
0.6451733,0,1
0.9947499,0,1
1.0,0,1
1.0,0,1
1.0,0,1
1.0,0,1
1.0,0,1
1.0,0,1
1.0,0,1
1.0,0,1
1.0,0,1
1.0,0,1
1.0,0,1
1.0,0,1
1.0,0,1
1.0,0,1
1.0,0,1
1.0,0,1
1.0,0,1
1.0,0,1
1.0,0,1
1.0,0,1
1.0,0,1
1.0,0,1
1.0,0,1
1.0,0,1
1.0,0,1
1.0,0,1
1.0,0,1
1.0,0,1
1.0,0,1
0.99999344,0,1
1.0,0,1
1.0,0,1
1.0,0,1
1.0,0,1
1.0,0,1
1.0,0,1
1.0,0,1
1.0,0,1
1.0,0,1
1.0,0,1
1.0,0,1
1.0,0,1
1.0,0,1
1.0,0,1
1.0,0,1
1.0,0,1
1.0,0,1
1.0,0,1
1.0,0,1
1.0,0,1
1.0,0,1
1.0,0,1
1.0,0,1
1.0,0,1
1.0,0,1
1.0,0,1
1.0,0,1
1.0,0,1
1.0,0,1
1.0,0,1
0.9999994,0,1
1.0,0,1
1.0,0,1
1.0,0,1
1.0,0,1
1.0,0,1
1.0,0,1
1.0,0,1
1.0,0,1
1.0,0,1
1.0,0,1
1.0,0,1
1.0,0,1
1.0,0,1
1.0,0,1
1.0,0,1
1.0,0,1
1.0,0,1
1.0,0,1
1.0,0,1
1.0,0,1
1.0,0,1
1.0,0,1
1.0,0,1
1.0,0,1
1.0,0,1
1.0,0,1
1.0,0,1
1.0,0,1
1.0,0,1
1.0,0,1
1.0,0,1
1.0,0,1
1.0,0,1
1.0,0,1
1.0,0,1
1.0,0,1
1.0,0,1
1.0,0,1
1.0,0,1
1.0,0,1
1.0,0,1
1.0,0,1
1.0,0,1
1.0,0,1
1.0,0,1
1.0,0,1
1.0,0,1
1.0,0,1
1.0,0,1
1.0,0,1
1.0,0,1
1.0,0,1
1.0,0,1
1.0,0,1
1.0,0,1
1.0,0,1
1.0,0,1
1.0,0,1
1.0,0,1
1.0,0,1
1.0,0,1
0.9999943,0,1
1.0,0,1
1.0,0,1
1.0,0,1
1.0,0,1
1.0,0,1
1.0,0,1
1.0,0,1
1.0,0,1
1.0,0,1
1.0,0,1
1.0,0,1
1.0,0,1
1.0,0,1
1.0,0,1
1.0,0,1
1.0,0,1
1.0,0,1
1.0,0,1
1.0,0,1
1.0,0,1
1.0,0,1
1.0,0,1
1.0,0,1
1.0,0,1
1.0,0,1
1.0,0,1
1.0,0,1
1.0,0,1
1.0,0,1
1.0,0,1
0.9183239,0,1
0.9698084,0,1
1.0,0,1
1.0,0,1
1.0,0,1
1.0,0,1
1.0,0,1
1.0,0,1
1.0,0,1
1.0,0,1
1.0,0,1
1.0,0,1
1.0,0,1
1.0,0,1
1.0,0,1
1.0,0,1
1.0,0,1
1.0,0,1
1.0,0,1
1.0,0,1
1.0,0,1
1.0,0,1
1.0,0,1
1.0,0,1
1.0,0,1
0.9999999,0,1
1.0,0,1
1.0,0,1
1.0,0,1
1.0,0,1
1.0,0,1
0.99999994,0,1
1.0,0,1
1.0,0,1
1.0,0,1
1.0,0,1
1.0,0,1
1.0,0,1
1.0,0,1
1.0,0,1
1.0,0,1
1.0,0,1
1.0,0,1
1.0,0,1
1.0,0,1
1.0,0,1
1.0,0,1
1.0,0,1
1.0,0,1
1.0,0,1
1.0,0,1
1.0,0,1
1.0,0,1
1.0,0,1
1.0,0,1
1.0,0,1
1.0,0,1
1.0,0,1
1.0,0,1
1.0,0,1
1.0,0,1
1.0,0,1
0.58289737,0,1
0.9234015,0,1
1.0,0,1
1.0,0,1
1.0,0,1
1.0,0,1
1.0,0,1
1.0,0,1
1.0,0,1
1.0,0,1
1.0,0,1
1.0,0,1
1.0,0,1
1.0,0,1
1.0,0,1
1.0,0,1
1.0,0,1
1.0,0,1
1.0,0,1
1.0,0,1
1.0,0,1
1.0,0,1
1.0,0,1
1.0,0,1
1.0,0,1
1.0,0,1
1.0,0,1
1.0,0,1
1.0,0,1
1.0,0,1
1.0,0,1
0.9214473,0,1
1.0,0,1
1.0,0,1
1.0,0,1
1.0,0,1
1.0,0,1
1.0,0,1
1.0,0,1
1.0,0,1
1.0,0,1
1.0,0,1
1.0,0,1
1.0,0,1
1.0,0,1
1.0,0,1
1.0,0,1
1.0,0,1
1.0,0,1
1.0,0,1
1.0,0,1
1.0,0,1
1.0,0,1
1.0,0,1
1.0,0,1
1.0,0,1
1.0,0,1
1.0,0,1
1.0,0,1
1.0,0,1
1.0,0,1
1.0,0,1
0.78334177,0,1
0.9540679,0,1
1.0,0,1
1.0,0,1
1.0,0,1
1.0,0,1
1.0,0,1
1.0,0,1
1.0,0,1
1.0,0,1
1.0,0,1
1.0,0,1
1.0,0,1
1.0,0,1
1.0,0,1
1.0,0,1
1.0,0,1
1.0,0,1
1.0,0,1
1.0,0,1
1.0,0,1
1.0,0,1
1.0,0,1
1.0,0,1
1.0,0,1
1.0,0,1
1.0,0,1
1.0,0,1
1.0,0,1
1.0,0,1
1.0,0,1
1.0,0,1
1.0,0,1
1.0,0,1
1.0,0,1
1.0,0,1
1.0,0,1
1.0,0,1
1.0,0,1
1.0,0,1
1.0,0,1
1.0,0,1
1.0,0,1
1.0,0,1
1.0,0,1
1.0,0,1
1.0,0,1
1.0,0,1
1.0,0,1
1.0,0,1
1.0,0,1
1.0,0,1
1.0,0,1
1.0,0,1
1.0,0,1
1.0,0,1
1.0,0,1
1.0,0,1
1.0,0,1
1.0,0,1
1.0,0,1
1.0,0,1
0.5987008,0,1
1.0,0,1
1.0,0,1
1.0,0,1
1.0,0,1
1.0,0,1
1.0,0,1
1.0,0,1
1.0,0,1
1.0,0,1
1.0,0,1
1.0,0,1
1.0,0,1
1.0,0,1
1.0,0,1
1.0,0,1
1.0,0,1
1.0,0,1
1.0,0,1
1.0,0,1
1.0,0,1
1.0,0,1
1.0,0,1
1.0,0,1
1.0,0,1
1.0,0,1
1.0,0,1
1.0,0,1
1.0,0,1
1.0,0,1
1.0,0,1
0.9998901,0,1
1.0,0,1
1.0,0,1
1.0,0,1
1.0,0,1
1.0,0,1
1.0,0,1
1.0,0,1
1.0,0,1
1.0,0,1
1.0,0,1
1.0,0,1
1.0,0,1
1.0,0,1
1.0,0,1
1.0,0,1
1.0,0,1
1.0,0,1
1.0,0,1
1.0,0,1
1.0,0,1
1.0,0,1
1.0,0,1
1.0,0,1
1.0,0,1
1.0,0,1
1.0,0,1
1.0,0,1
1.0,0,1
1.0,0,1
1.0,0,1
1.0,0,1
1.0,0,1
0.99999994,0,1
1.0,0,1
1.0,0,1
1.0,0,1
1.0,0,1
1.0,0,1
1.0,0,1
1.0,0,1
1.0,0,1
1.0,0,1
1.0,0,1
1.0,0,1
1.0,0,1
1.0,0,1
1.0,0,1
1.0,0,1
1.0,0,1
1.0,0,1
1.0,0,1
1.0,0,1
1.0,0,1
1.0,0,1
1.0,0,1
1.0,0,1
1.0,0,1
1.0,0,1
1.0,0,1
1.0,0,1
1.0,0,1
0.6972194,0,1
1.0,0,1
1.0,0,1
1.0,0,1
1.0,0,1
1.0,0,1
1.0,0,1
1.0,0,1
1.0,0,1
1.0,0,1
1.0,0,1
1.0,0,1
1.0,0,1
1.0,0,1
1.0,0,1
1.0,0,1
1.0,0,1
1.0,0,1
1.0,0,1
1.0,0,1
1.0,0,1
1.0,0,1
1.0,0,1
1.0,0,1
1.0,0,1
1.0,0,1
1.0,0,1
1.0,0,1
1.0,0,1
1.0,0,1
1.0,0,1
1.0,0,1
1.0,0,1
1.0,0,1
1.0,0,1
1.0,0,1
1.0,0,1
1.0,0,1
1.0,0,1
1.0,0,1
1.0,0,1
1.0,0,1
1.0,0,1
1.0,0,1
1.0,0,1
1.0,0,1
1.0,0,1
1.0,0,1
1.0,0,1
1.0,0,1
1.0,0,1
1.0,0,1
1.0,0,1
1.0,0,1
1.0,0,1
1.0,0,1
1.0,0,1
1.0,0,1
1.0,0,1
1.0,0,1
1.0,0,1
1.0,0,1
0.9689424,0,1
1.0,0,1
1.0,0,1
1.0,0,1
1.0,0,1
1.0,0,1
1.0,0,1
1.0,0,1
1.0,0,1
1.0,0,1
1.0,0,1
1.0,0,1
0.99999845,0,1
1.0,0,1
1.0,0,1
1.0,0,1
1.0,0,1
1.0,0,1
1.0,0,1
1.0,0,1
1.0,0,1
1.0,0,1
1.0,0,1
1.0,0,1
1.0,0,1
1.0,0,1
1.0,0,1
1.0,0,1
1.0,0,1
1.0,0,1
1.0,0,1
1.0,0,1
1.0,0,1
1.0,0,1
1.0,0,1
1.0,0,1
1.0,0,1
1.0,0,1
1.0,0,1
1.0,0,1
1.0,0,1
1.0,0,1
1.0,0,1
1.0,0,1
1.0,0,1
1.0,0,1
1.0,0,1
1.0,0,1
1.0,0,1
1.0,0,1
1.0,0,1
1.0,0,1
1.0,0,1
1.0,0,1
1.0,0,1
1.0,0,1
1.0,0,1
1.0,0,1
1.0,0,1
1.0,0,1
1.0,0,1
1.0,0,1
0.99999994,0,1
1.0,0,1
1.0,0,1
1.0,0,1
1.0,0,1
1.0,0,1
1.0,0,1
1.0,0,1
1.0,0,1
1.0,0,1
1.0,0,1
1.0,0,1
1.0,0,1
1.0,0,1
1.0,0,1
1.0,0,1
1.0,0,1
1.0,0,1
1.0,0,1
1.0,0,1
1.0,0,1
1.0,0,1
1.0,0,1
1.0,0,1
1.0,0,1
1.0,0,1
1.0,0,1
1.0,0,1
1.0,0,1
1.0,0,1
1.0,0,1
1.0,0,1
1.0,0,1
1.0,0,1
1.0,0,1
1.0,0,1
1.0,0,1
1.0,0,1
1.0,0,1
1.0,0,1
1.0,0,1
1.0,0,1
1.0,0,1
1.0,0,1
1.0,0,1
1.0,0,1
1.0,0,1
1.0,0,1
1.0,0,1
1.0,0,1
1.0,0,1
1.0,0,1
1.0,0,1
1.0,0,1
1.0,0,1
1.0,0,1
1.0,0,1
1.0,0,1
1.0,0,1
1.0,0,1
1.0,0,1
1.0,0,1
0.9999593,0,1
1.0,0,1
1.0,0,1
1.0,0,1
1.0,0,1
1.0,0,1
1.0,0,1
1.0,0,1
1.0,0,1
1.0,0,1
1.0,0,1
1.0,0,1
1.0,0,1
1.0,0,1
1.0,0,1
1.0,0,1
1.0,0,1
1.0,0,1
1.0,0,1
1.0,0,1
1.0,0,1
1.0,0,1
1.0,0,1
1.0,0,1
1.0,0,1
1.0,0,1
0.99999994,0,1
1.0,0,1
1.0,0,1
1.0,0,1
1.0,0,1
1.0,0,1
1.0,0,1
1.0,0,1
1.0,0,1
1.0,0,1
1.0,0,1
1.0,0,1
1.0,0,1
1.0,0,1
1.0,0,1
1.0,0,1
1.0,0,1
1.0,0,1
1.0,0,1
1.0,0,1
1.0,0,1
1.0,0,1
1.0,0,1
1.0,0,1
1.0,0,1
1.0,0,1
1.0,0,1
1.0,0,1
1.0,0,1
1.0,0,1
1.0,0,1
1.0,0,1
1.0,0,1
1.0,0,1
1.0,0,1
1.0,0,1
0.967867,0,1
0.9969052,0,1
1.0,0,1
1.0,0,1
1.0,0,1
1.0,0,1
1.0,0,1
1.0,0,1
1.0,0,1
1.0,0,1
1.0,0,1
1.0,0,1
1.0,0,1
1.0,0,1
1.0,0,1
1.0,0,1
1.0,0,1
1.0,0,1
1.0,0,1
1.0,0,1
1.0,0,1
1.0,0,1
1.0,0,1
1.0,0,1
1.0,0,1
1.0,0,1
1.0,0,1
1.0,0,1
1.0,0,1
1.0,0,1
1.0,0,1
0.99999344,0,1
1.0,0,1
1.0,0,1
1.0,0,1
1.0,0,1
1.0,0,1
1.0,0,1
1.0,0,1
1.0,0,1
1.0,0,1
1.0,0,1
1.0,0,1
1.0,0,1
1.0,0,1
1.0,0,1
1.0,0,1
1.0,0,1
1.0,0,1
1.0,0,1
1.0,0,1
1.0,0,1
1.0,0,1
1.0,0,1
1.0,0,1
1.0,0,1
1.0,0,1
1.0,0,1
1.0,0,1
1.0,0,1
1.0,0,1
1.0,0,1
1.0,0,1
1.0,0,1
1.0,0,1
1.0,0,1
1.0,0,1
1.0,0,1
1.0,0,1
1.0,0,1
1.0,0,1
1.0,0,1
1.0,0,1
1.0,0,1
1.0,0,1
1.0,0,1
1.0,0,1
1.0,0,1
1.0,0,1
1.0,0,1
1.0,0,1
1.0,0,1
1.0,0,1
1.0,0,1
1.0,0,1
1.0,0,1
1.0,0,1
1.0,0,1
1.0,0,1
1.0,0,1
1.0,0,1
1.0,0,1
1.0,0,1
0.66970193,0,1
1.0,0,1
1.0,0,1
1.0,0,1
1.0,0,1
1.0,0,1
1.0,0,1
1.0,0,1
1.0,0,1
1.0,0,1
1.0,0,1
1.0,0,1
1.0,0,1
1.0,0,1
1.0,0,1
1.0,0,1
1.0,0,1
1.0,0,1
1.0,0,1
1.0,0,1
1.0,0,1
1.0,0,1
1.0,0,1
1.0,0,1
1.0,0,1
1.0,0,1
1.0,0,1
1.0,0,1
1.0,0,1
1.0,0,1
1.0,0,1
0.79952663,0,1
0.9999937,0,1
1.0,0,1
1.0,0,1
1.0,0,1
1.0,0,1
1.0,0,1
1.0,0,1
1.0,0,1
1.0,0,1
1.0,0,1
1.0,0,1
1.0,0,1
1.0,0,1
1.0,0,1
1.0,0,1
1.0,0,1
1.0,0,1
1.0,0,1
1.0,0,1
1.0,0,1
1.0,0,1
1.0,0,1
1.0,0,1
1.0,0,1
1.0,0,1
1.0,0,1
1.0,0,1
1.0,0,1
1.0,0,1
1.0,0,1
0.85970175,0,1
0.9889412,0,1
1.0,0,1
1.0,0,1
1.0,0,1
1.0,0,1
1.0,0,1
1.0,0,1
1.0,0,1
1.0,0,1
1.0,0,1
1.0,0,1
1.0,0,1
1.0,0,1
1.0,0,1
1.0,0,1
1.0,0,1
1.0,0,1
1.0,0,1
1.0,0,1
1.0,0,1
1.0,0,1
1.0,0,1
1.0,0,1
0.99999994,0,1
1.0,0,1
1.0,0,1
1.0,0,1
1.0,0,1
1.0,0,1
1.0,0,1
0.98103184,0,1
0.6398232,0,1
0.95104516,0,1
1.0,0,1
1.0,0,1
1.0,0,1
1.0,0,1
1.0,0,1
1.0,0,1
1.0,0,1
1.0,0,1
1.0,0,1
1.0,0,1
1.0,0,1
1.0,0,1
1.0,0,1
1.0,0,1
1.0,0,1
1.0,0,1
1.0,0,1
1.0,0,1
1.0,0,1
1.0,0,1
1.0,0,1
1.0,0,1
1.0,0,1
1.0,0,1
0.9999942,0,1
1.0,0,1
1.0,0,1
1.0,0,1
0.9996149,0,1
1.0,0,1
1.0,0,1
1.0,0,1
1.0,0,1
1.0,0,1
1.0,0,1
1.0,0,1
1.0,0,1
1.0,0,1
1.0,0,1
1.0,0,1
1.0,0,1
1.0,0,1
1.0,0,1
1.0,0,1
1.0,0,1
1.0,0,1
1.0,0,1
1.0,0,1
1.0,0,1
1.0,0,1
1.0,0,1
1.0,0,1
1.0,0,1
1.0,0,1
1.0,0,1
1.0,0,1
1.0,0,1
1.0,0,1
1.0,0,1
0.99999267,0,1
1.0,0,1
1.0,0,1
1.0,0,1
1.0,0,1
1.0,0,1
1.0,0,1
1.0,0,1
1.0,0,1
1.0,0,1
1.0,0,1
1.0,0,1
1.0,0,1
1.0,0,1
1.0,0,1
1.0,0,1
1.0,0,1
1.0,0,1
1.0,0,1
1.0,0,1
1.0,0,1
1.0,0,1
1.0,0,1
1.0,0,1
1.0,0,1
1.0,0,1
1.0,0,1
1.0,0,1
1.0,0,1
1.0,0,1
1.0,0,1
0.99999994,0,1
1.0,0,1
1.0,0,1
1.0,0,1
1.0,0,1
1.0,0,1
1.0,0,1
1.0,0,1
1.0,0,1
1.0,0,1
1.0,0,1
1.0,0,1
1.0,0,1
1.0,0,1
1.0,0,1
1.0,0,1
0.9999994,0,1
1.0,0,1
1.0,0,1
1.0,0,1
1.0,0,1
1.0,0,1
1.0,0,1
1.0,0,1
1.0,0,1
1.0,0,1
1.0,0,1
1.0,0,1
1.0,0,1
1.0,0,1
1.0,0,1
0.9478522,0,1
1.0,0,1
1.0,0,1
1.0,0,1
1.0,0,1
1.0,0,1
1.0,0,1
1.0,0,1
1.0,0,1
1.0,0,1
1.0,0,1
1.0,0,1
1.0,0,1
1.0,0,1
1.0,0,1
1.0,0,1
1.0,0,1
1.0,0,1
1.0,0,1
1.0,0,1
1.0,0,1
1.0,0,1
1.0,0,1
1.0,0,1
1.0,0,1
1.0,0,1
1.0,0,1
1.0,0,1
1.0,0,1
1.0,0,1
1.0,0,1
1.0,0,1
1.0,0,1
1.0,0,1
1.0,0,1
1.0,0,1
1.0,0,1
1.0,0,1
1.0,0,1
1.0,0,1
1.0,0,1
1.0,0,1
1.0,0,1
1.0,0,1
1.0,0,1
1.0,0,1
1.0,0,1
1.0,0,1
1.0,0,1
1.0,0,1
1.0,0,1
1.0,0,1
1.0,0,1
1.0,0,1
1.0,0,1
1.0,0,1
1.0,0,1
1.0,0,1
1.0,0,1
1.0,0,1
1.0,0,1
1.0,0,1
0.99999815,0,1
1.0,0,1
1.0,0,1
1.0,0,1
1.0,0,1
1.0,0,1
1.0,0,1
1.0,0,1
1.0,0,1
1.0,0,1
1.0,0,1
1.0,0,1
1.0,0,1
1.0,0,1
1.0,0,1
1.0,0,1
1.0,0,1
1.0,0,1
1.0,0,1
1.0,0,1
1.0,0,1
1.0,0,1
1.0,0,1
1.0,0,1
1.0,0,1
1.0,0,1
1.0,0,1
1.0,0,1
1.0,0,1
1.0,0,1
1.0,0,1
0.77675825,0,1
1.0,0,1
1.0,0,1
1.0,0,1
1.0,0,1
1.0,0,1
1.0,0,1
1.0,0,1
1.0,0,1
1.0,0,1
1.0,0,1
1.0,0,1
1.0,0,1
1.0,0,1
1.0,0,1
1.0,0,1
1.0,0,1
1.0,0,1
1.0,0,1
1.0,0,1
1.0,0,1
1.0,0,1
1.0,0,1
1.0,0,1
1.0,0,1
1.0,0,1
1.0,0,1
1.0,0,1
1.0,0,1
1.0,0,1
1.0,0,1
